"WellName","Canx","Egfr","Nras","Errfi1","Gapdh","Kpnb1","Myc","P53","Rab7a","RhoA","Sec16a","Dnajc5","Rpap3","Slc2a1"
"A10",199.401834710744,121.167467307692,127.11376,90.6849363636364,170.401868571429,94.849445,99.0519873873874,102.2141965,172.649801652893,109.72477987013,195.022212962963,152.519106803279,42.1691301318267,180.588462264151
"A11",219.52993442623,151.29161627907,205.224232352941,89.6637674741266,183.252366666667,94.3583756944444,90.9963457831325,105.415011009174,175.073724770642,97.4927032258065,201.544164285714,156.742769614984,44.0444489051095,186.602869565217
"A13",329.95336,121.821113360316,141.467567337167,82.83613046875,198.770461538462,87.2531005025126,76.5936,141.057883721988,175.808080168776,107.352544491525,310.43005538462,187.626836904762,44.226850266809,NA
"A14",275.817670454545,168.155779069767,143.783123882506,89.239842685185,206.134989795918,96.7418184079602,86.9663525641026,116.648517757009,163.014541176471,106.713690430622,212.80672815534,211.053743498818,44.0025863984674,186.050028037383
"A15",181.245174603175,119.786175609756,407.687761576286,87.1284734265734,170.053828688525,100.796528323699,87.0947280487805,114.059134375,163.781238866397,107.453702473498,226.510448275862,322.977571232877,43.3122979547901,169.068058666667
"A16",194.330767567568,174.898861290323,162.62605,92.9284057268723,171.054785185185,95.9319569565217,98.0544117647059,121.638714769976,165.402029661017,98.0033306859206,180.127371900826,330.912825342466,42.8665609695974,161.220576666667
"A17",202.986727748691,127.971622222222,197.067979302824,89.1625679558011,184.900542056075,105.720002277433,93.2168759689923,332.1612913085,186.522463414634,104.369851704545,224.035118421053,421.744395244664,41.7515725709372,167.039505
"A18",185.87147826087,127.090540856848,170.514582142857,90.4568515789474,179.13513559322,97.272738585209,94.2203193181818,120.713705072464,174.412661870504,97.2555425867508,210.811392045455,381.937153977273,45.0291856569709,160.844896
"A19",184.448371134021,129.361456666667,155.79856097561,82.9256633802817,187.170704605263,98.0440975077882,115.769154966887,110.954513636364,161.860767326733,93.9427873831776,251.53628125,701.01552,44.2503194833154,185.752262244898
"A2",192.49715625,121.1267,120.727215217391,102.449225139529,191.596319672131,103.307947727273,82.302596875,96.7469908536585,170.603514583333,93.172514532872,172.228319327731,154.405163873943,51.023856442577,174.683344578313
"A20",167.224476190476,117.5566,285.905045833333,84.8982180672269,185.385761363636,94.3679153225806,89.795907,112.532772043011,165.92545483871,102.741529137529,254.564474226804,716.16486746988,45.5007342268041,193.973308411215
"A21",194.062791666667,125.182455555556,184.169279922784,91.5164601694915,202.522126829268,92.6462115919629,83.5990420731707,108.61014488189,162.268758842444,99.3747820224719,264.016180722892,760.981948862104,43.9692238012206,161.854449635037
"A22",162.269876811594,122.799744,166.400885151306,77.5794896631044,223.542434782609,106.349324087591,97.8265489051095,108.689765779468,163.999215311005,108.187523263889,250.894296610169,972.931972904,44.3793424137931,171.944917647059
"A23",194.122904255319,121.451584931507,224.008446560857,85.437125255102,199.656401639344,93.7033137704918,93.1604778571429,102.607330375427,181.699176470588,104.622007327586,177.981383458647,NA,NA,183.545625
"A3",188.127236714976,125.786383018868,139.057668627451,83.50595,181.231932758621,92.8143278145695,88.9156141414141,106.890932835821,180.459481171548,86.6731328125,167.451945945946,141.387051758242,43.7533024,159.136719
"A4",174.437389380531,100.247824324324,136.410610169492,78.8444744886423,159.0048575,80.2405345454546,83.4499509433962,119.165246774194,180.239312302839,89.6718675,160.651085470085,142.948663166808,46.15745398956,150.60043
"A5",195.575879032258,116.077042222222,136.06287972973,92.9641200680272,168.060535294118,95.5529167346939,91.2580699029126,99.5086778301887,186.955612,95.3520524539877,164.895016129032,142.392429523227,43.1547827205882,177.303713846154
"A6",187.081254237288,104.863580769231,148.250300785636,77.872043989071,168.910557746479,94.3508677042802,87.1724746478873,99.8127844660194,177.735801775148,92.407404735376,170.61884962406,182.054404477612,48.074210205528,139.788434482759
"A7",184.93722147651,127.865299615375,145.247680327869,89.7398455497382,173.463748344371,93.0538024096386,92.5241897637795,114.305933333333,178.12790797546,89.5123172093023,186.31728021978,155.138779427688,44.2939280867107,172.541243965517
"A8",178.262237288136,169.804587234043,142.865956818182,88.3980450867052,181.389221238938,93.149732599119,93.9254020833333,105.654484210526,187.018334231806,89.969760115607,184.459295857988,149.785662280702,43.8770138475022,178.876007777778
"A9",195.634246753247,132.237845833333,142.168074358974,91.9715457894737,429.424319444444,92.0677072649573,90.6729215189874,103.41609704142,175.123822966507,107.489568016194,422.015352941177,146.997782084691,41.9509268722467,157.929187628866
"B10",174.610482758621,106.556510714286,134.370088333333,92.7221876373626,148.298406930693,95.4798406113537,86.38272,104.346846341463,172.737274509804,92.8545020477816,169.111174863388,144.063838076622,42.5285719849246,171.540647058824
"B11",166.533990566038,119.412508,129.97064137931,93.972549790795,159.387818181818,91.2204194842407,87.1682889908257,104.398040331492,164.892093959732,91.0824704318937,164.508053571429,157.352798309609,44.8148062082139,167.719942028986
"B13",174.71696039604,124.18470359147,121.078640283395,89.7188829383886,167.113935483871,89.0976302547771,81.351203030303,97.1494597826087,160.714114893617,90.7364657407407,136.623043859649,171.237890362812,45.6915948466258,NA
"B14",174.395132420091,112.37058,114.958030434783,100.863494890511,175.393793641619,97.5551572687225,90.9801612903226,6717.42663339382,159.730248677249,98.5630467706013,148.897077227723,164.066175782313,43.336591323693,148.665333333333
"B15",177.209132183908,121.534482758621,128.79556,86.2754019607843,170.62029202454,95.2192651474531,92.4502230215827,104.990656744186,161.144995973154,90.3967839506173,166.698684444444,179.016141148325,43.5957373107747,160.569273972603
"B16",173.97393877551,95.9210448979571,129.547463556857,96.7308976635514,154.476539516129,95.0912022123894,90.3138891304348,100.690823423423,172.502059055118,93.9645311797753,181.701875,216.835426490066,43.1175467773438,153.301852173913
"B17",178.685154929577,109.224621621622,132.37575,95.7830796703297,180.255557377049,94.7349858627859,89.5255839416058,105.519993076923,175.729664615385,92.875753125,178.035209677419,300.764371212121,42.9736041666667,173.975820512821
"B18",177.311654901961,103.64275862069,130.583671111111,85.7875319634703,178.896681034483,97.0623892720307,90.7833108843537,104.303555487805,160.403560526316,94.3162476772616,141.804258441558,393.65821969697,43.610030726257,191.806662721894
"B19",165.724666666667,116.33035,130.497637362643,97.2857902861955,144.890277777778,98.7100081510934,80.485471641791,92.2284265625,160.585802777778,94.4771302180685,158.532511290323,450.156167630058,44.3902014112903,156.939553846154
"B2",168.536405,104.128440384615,126.164303921569,91.000259770115,164.660145945946,90.3109023809524,87.7206503448276,93.7789245059289,169.383865156794,92.5770507598784,165.377631799163,143.069759055118,45.1938551020408,165.941205172414
"B20",158.165237704918,102.481178571429,132.929543665663,96.0392211453745,154.680420779221,94.4127314253647,82.0225610619469,98.5225035532995,170.823706940874,102.711983028721,182.578696202532,475.836268159676,44.0659484957882,147.628629213483
"B21",173.778322033898,112.956886904762,165.349439473684,99.8089141804556,203.558239361702,90.680042557652,93.565874251497,92.78338,164.643855828221,94.065560460251,170.664869791667,659.695321890027,42.794432195122,159.540690243902
"B22",160.278135714286,94.5715130434783,118.334873333333,95.4993268421053,185.099731451613,99.4947524324324,94.7914335820896,95.577585106383,179.850189368771,91.3860295454545,167.389852272727,726.581821285642,46.3531315189873,172.442696078431
"B23",176.135959064327,127.780621296296,133.110988461538,NA,190.861790419162,94.8847943248532,70.180716,101.616132451923,180.354112179487,92.1169362244898,207.671826086957,NA,NA,172.20813592233
"B3",175.50457312253,102.114823076923,126.411372727273,92.6745859504132,148.164207954545,89.7511243859649,88.2940438271605,98.2378920704846,185.311426174497,84.4051301754386,167.059256923077,141.032245739257,45.011084934277,173.294836448598
"B4",176.468561111111,100.405907692308,119.763462745098,77.2313766578249,158.854480147059,77.7241930555556,76.68915,89.7875846153846,191.485766304348,86.2712056962025,163.13154,142.676055856354,47.7841753030303,155.115323376623
"B5",174.249471204188,106.551280952381,121.970591836735,97.5242724719101,148.354620833333,88.8885213592233,87.7380167832168,96.5176031948882,180.085224770642,90.9832116666667,185.000214035088,141.373035408022,43.6271321877619,161.269180327869
"B6",177.05846090535,112.391165625,129.321130769231,79.0954287985866,147.49025,85.2019248587571,82.3110342342342,93.3811278688525,173.649475609756,88.9540504,162.787101694915,145.918779338843,45.2294352601156,145.267308163265
"B7",171.123961538462,111.782887301587,118.994589655172,95.4708352490422,177.176760330579,90.3153662365591,95.1604557142857,99.3707140096618,186.717026819923,89.1647403030303,164.496168367347,138.534127941176,44.785797029703,154.650941860465
"B8",175.197881188119,116.934918461538,126.923980327869,99.4292294736842,184.965988372093,92.8004824489796,87.1237308724832,97.6017288209607,176.320962686567,90.1418685929648,164.666596273292,145.784887959343,44.8408444550669,173.74484939759
"B9",167.91685,108.533947142857,125.165148148148,93.8714564102564,158.302246753247,84.6578959107807,84.5083243243243,99.9016728813559,174.610134529148,89.3962202247191,167.848752,132.888645428016,44.1307502114165,163.167587254907
"C10",164.227913333333,103.362774066083,117.38062,101.2177848,167.371719047619,97.6692188235294,89.9057043859649,93.013187037037,174.81536637931,99.7592242494226,152.640951219512,126.451765197481,44.2122673758865,176.579604166667
"C11",161.967456521739,95.5316384615385,131.004924675325,77.9056192982456,169.236818232044,90.9707352941176,85.02965,99.4419102564103,160.562144927536,92.0067690104167,151.879190909091,147.330694387755,43.3446344106464,170.726
"C13",160.35089,104.207761538462,119.792711111111,80.4361530701754,168.512955072464,78.7736773006135,74.2681289473684,88.791455,174.912879396985,100.978466184971,141.352758461538,153.016907467715,44.0359630456853,NA
"C14",173.625672727273,121.937712903226,113.546652380952,95.6814712765957,171.455154639175,93.671962804878,86.2902527272727,101.967834693878,157.379391959799,96.326194,142.160873469388,160.503929170732,44.9054292056075,173.909368159204
"C15",175.757863849765,112.705325714286,129.955498461538,104.720136649215,177.613936363636,94.5371065491184,89.1593530612245,104.44673364486,149.92016744186,93.5380169354839,163.772544041451,151.172648937908,44.3908544676806,165.842233333333
"C16",161.370924418605,114.530560098521,125.462617734,85.3462831632653,180.663832764505,107.548215942029,88.4817896103896,95.5627856435644,173.065141666667,94.4681685800604,173.70075,171.086747776511,44.5958755037116,157.615918012422
"C17",162.65193814433,113.718154190129,134.072631914894,98.4447559670782,174.267525625,100.278474088292,87.9025888059702,100.074228853755,185.338035087719,91.2603422155689,164.05876056338,155.910663805104,42.8336535410765,142.7422
"C18",175.526732510288,108.0874375,122.7231,83.5716230188679,160.347232743363,96.9627392156863,93.7712510204082,92.1297065217391,155.462122641509,96.4234101333333,161.993985294118,162.271174047187,43.7201401408451,179.411017021277
"C19",168.715013071895,114.163034693878,132.93050877193,103.318723333333,174.717034722222,97.4273125514403,96.4817927835052,94.7577663043478,159.144041025641,95.3312360201511,179.714265917603,229.894430078125,43.0017647673314,167.882983908046
"C2",161.483808510638,92.2735617021277,110.718107692308,80.8411177304964,150.456229775281,79.6752642857143,75.004428358209,89.558194047619,177.506873870968,82.19483894081,144.94464609375,136.035294604462,48.6196234429671,175.343756218905
"C20",151.479164835165,104.634073170732,133.428793,95.6750524861879,164.721768503937,99.6470109170306,85.4856198198198,97.7352010582011,165.206401759531,95.2702004357298,182.64092195122,328.215543902439,43.3025061669829,167.765347651007
"C21",169.221411764706,114.308252702703,135.162695744681,82.9284678431373,183.097038277512,93.2205990421456,NA,95.1216705882353,159.389859591837,87.9468496268657,147.590979824561,579.306683630326,45.6323244575937,138.083379545455
"C22",174.508663934426,102.205882051282,107.108793478261,93.8640304347826,169.4590078125,97.8274769642857,85.3878794392523,90.6412886597938,166.381154263566,92.2044065714286,167.697357798165,554.704609375,43.536294038623,158.448610280374
"C23",157.714513333333,118.699219435727,128.225126436782,90.4473424418605,181.087460732984,91.8213199105145,79.8428833333333,97.7685124513619,168.244672274143,96.0807945945946,189.807393103448,NA,NA,175.3775625
"C3",184.459956,104.138134246575,118.674675,89.6657018604651,150.693991666667,90.6010580592105,86.3028229166667,94.0871231707317,173.171849056604,84.2755391304348,152.861920833333,132.777671722516,45.9023442285714,174.513280188679
"C4",166.285684210526,92.27645,116.334026666667,74.9421715846995,145.184711711712,74.730046835443,67.0302666666667,77.5746464937,188.318450226244,83.9865523972603,146.056908965517,136.037478711705,47.6950982717989,155.216873684211
"C5",165.452952702703,112.389918421053,117.605775,76.327739047619,140.426665137615,77.4732154545455,67.0946022727273,83.503356,184.18781104034,86.7543485207101,149.965705035971,127.225400504767,47.2808537790698,130.068925490196
"C6",162.120025906736,99.8118020408163,122.950794594595,89.7993620689655,169.888981690141,92.3977340425532,90.2064899328859,159.332118396226,188.58304851752,86.1798348275862,164.902409803922,129.691187618516,46.422596485623,154.429329813665
"C7",172.675,109.744190277778,130.945768181818,93.0986216216216,154.3082,94.065092248062,93.2155869346734,95.2358417004049,177.074714285714,85.5924755223881,160.41667721519,132.807183113674,46.0822860273973,160.700281428571
"C8",173.936050955414,112.157675091574,127.510944897959,96.9115806603774,152.354855670103,95.8284892430279,87.6979805755396,92.0170701492537,167.344523728814,86.8544738888889,160.860533613445,135.949666796368,45.3381234106963,160.140306030151
"C9",175.595604278075,106.166260714286,127.128232727273,93.3648356020942,168.24896381579,90.1178607068607,91.9394282051282,99.816202690583,175.451384955752,86.897945398773,174.394611440678,134.899292649311,44.3147741071429,168.456793814433
"D10",160.491141584158,109.833929090909,134.784448042314,101.532381151832,175.079095108696,94.0375091954023,85.2243,95.785243627451,172.114647230321,94.0653441935484,156.167330882353,128.560533499171,43.945621509434,170.937133783784
"D11",160.584954545455,92.26659375,131.608996551724,80.5089754491018,163.238866049383,95.6490770870337,85.8484436363636,95.3706620111732,183.483058461538,93.603220971867,170.850173913043,146.751364825307,42.6480217111316,163.54748877551
"D13",148.576318965517,106.253555555556,120.660375384615,76.625301195622,143.259706382979,84.6355991596639,78.949,88.8295456790124,168.910673684211,96.7306847328244,138.654023809524,143.120638001129,44.7485639841689,NA
"D14",162.338438888889,111.760539130435,126.207313636364,102.010592307692,152.458927835052,96.7072700507614,92.0277165048544,93.9563518248175,170.391142857143,99.0209647058824,143.518676859504,138.556457677165,41.5308673191489,171.321886956522
"D15",167.451448818898,126.663232432432,128.002824242424,89.2857679347826,149.490183846154,91.8151159235669,89.5371403361345,96.4244452380952,151.066946875,95.689142893401,154.899835526316,137.964904208417,41.5319657017544,166.367329896907
"D16",175.6326875,112.138767567568,115.719052272727,98.5252279761905,159.868509625668,96.0699071428571,87.7198267326733,94.0080865771812,164.404343478261,94.1303484330484,175.079657370518,144.310858486239,41.9440219404631,156.309618128655
"D17",163.22327027027,115.874548717949,129.969034459459,91.1312879194631,181.773586592179,97.5979223958333,89.5478449152542,103.391771672355,170.799289179104,92.0917930434783,158.231844827586,149.042377591973,40.9052589041096,162.459007954545
"D18",161.222625954198,123.804168427444,123.872789361702,89.3854117647059,177.028497584541,103.442513541667,93.0703185840708,92.1273792857143,155.716715789474,91.8676434944238,150.073579545455,150.790134615385,43.9554487745098,179.010158798283
"D19",166.634916666667,114.830821052632,118.050398039216,88.7449518518519,161.248802419355,92.2092529274005,95.9844712418301,98.168106884058,165.760155963303,93.9342377358491,181.584062992126,157.480537047757,42.9828862706913,168.471260674157
"D2",165.358821138211,90.1232196078431,114.053217307692,79.1448568690096,157.399771921182,81.9987193548387,69.7220904109589,81.9938693548387,196.536717902351,90.3236296836983,144.421276829268,140.467524324324,50.0186183129856,157.515955648536
"D20",164.565523809524,92.666775,123.117786538462,95.4774181102362,152.965935,95.9304597938144,88.5836917808219,97.5417109243698,171.828033591731,94.9092626373626,169.978657342657,184.910894693878,40.4332966717095,164.956728240741
"D21",168.254842696629,107.883028787879,126.866636470588,85.3504578947368,150.275696268657,93.7169691570881,84.1832310344828,98.2454703296703,154.483523280423,89.1109215873016,179.53482972973,317.902479605263,41.3810988559892,156.392539534884
"D22",168.677783333333,107.779568571429,115.514396666667,88.8022552845528,159.412965467626,80.6570387755102,87.6712235772358,92.1216935960591,169.487172164948,100.201995640327,167.3175,1151.61891882802,43.8112094780405,173.464205490196
"D23",169.27475,112.363188311688,131.037534090909,87.8421570552147,178.648926609442,98.618184939759,266.600702681992,96.0150041791045,172.086116731518,96.1199773218143,180.637083003953,NA,NA,205.908052830189
"D3",171.069494949495,106.654229268293,125.715782692308,91.5002540106952,157.793137762238,91.7364562874252,87.8182338235294,94.2977996350365,168.690318503937,85.0564721003135,155.642965677966,130.434173721825,44.4678077586207,179.747155462185
"D4",164.952728395062,96.9545875,114.142607692308,76.1882316666667,145.730833613445,83.3655449541284,63.311,80.4697220779218,177.07958808933,90.4223511312217,144.924398709677,139.826280508475,46.2266832149201,138.722505294118
"D5",160.21029787234,101.796446774194,126.91932173913,74.2881223684211,140.107828703704,77.9270160839161,68.5135555555556,107.911109677419,181.649833766234,89.1648821428572,144.995760992908,128.328864301192,45.5639577892696,133.47230617284
"D6",168.764201716738,94.0960666666667,113.853186486486,91.0608771028037,172.315517924528,98.4326479892761,91.6310271676301,97.8235049180328,185.964193693694,90.5943168449198,154.072076100629,128.198590348924,43.9244838888889,160.431265217391
"D7",169.656155405405,129.25822962963,128.100467088608,98.8199701570681,147.90939375,93.0321694890511,93.8609430894309,99.4552075208914,168.997210526316,86.8312075471698,156.00529113924,127.119824587814,44.729476504065,176.528333913043
"D8",168.811622377622,102.935896875,127.615628,92.1585609467456,164.263058823529,97.0526868525896,89.1364977011494,94.2901506097561,178.176177835052,91.9450047732697,150.967172727273,129.428402705628,44.6326316914498,166.331248207171
"D9",177.219159663866,107.297130827882,123.979824657534,89.6540183673469,167.517360294118,91.9542251282051,89.5473328947368,96.2201479591837,177.029890151515,94.5063021028037,169.640610894942,131.068831050228,43.4072019567456,170.901172043011
"E10",153.786491891892,103.194711764706,123.373498039216,78.7019407801418,167.146711888112,81.3880896551724,73.3858142857143,96.9381697674419,188.17161372549,91.27305875,151.152061643836,136.36191476265,44.4845342199856,148.574262626263
"E11",173.294323699422,101.85087,132.151810280374,94.7987978835979,157.550008988764,93.1608880566802,88.6799098039216,100.972922885572,171.000139175258,94.8416058659218,156.719444354839,138.761853596435,43.0100660103627,191.473925
"E13",163.135138613861,116.071023529412,131.600631944444,89.6218061643836,148.5628272,91.5448520190024,90.9562785123967,92.8041702508961,158.879982065217,95.564798615917,165.20476097561,145.649551440329,44.4870796846011,NA
"E14",161.689537037037,118.736080434783,119.733012121212,94.5553822857143,164.180348854962,432.461895522388,97.0363028169014,97.2340840236686,180.635928571429,96.8594715542522,150.833647058824,147.012144081633,44.142779118774,161.004674489796
"E15",170.425434482759,113.496678947368,126.192380208333,91.3870867647059,168.572909836066,97.8932077083333,90.4748536144578,94.4839527522936,155.788926495726,91.386956122449,155.930786486486,146.970872702519,44.3654738636364,175.362634567901
"E16",167.03531372549,110.357590566038,116.513723404255,94.2486050228311,150.982591,99.953836809816,82.5615263636364,97.8365585365854,163.180838427948,95.2478773536896,171.244446280992,143.018084347826,43.0327428861789,158.419258730159
"E17",172.875959459459,105.541581365741,131.153020792079,97.0980669291339,156.539309302326,98.0150447852761,83.7987336448598,98.4227933085502,169.266198019802,93.7945164634146,158.047262135922,141.422968675455,41.9772236012208,158.398442528736
"E18",163.049994897959,107.385841818182,125.954356,92.5991840336135,157.3120632,101.151997660819,85.9262172727273,96.2396045685279,157.928018222222,92.9636667546174,141.559885981308,147.207058791946,43.1264244221106,167.408763636364
"E19",161.627860869565,107.727530434783,128.875675641026,93.5415475113122,161.63931884058,94.5667625698324,88.4961021428571,92.925791875,163.008628140704,92.9547701342282,160.140108333333,149.141546095076,42.7043272844273,184.168043010753
"E2",168.141485910653,97.204559829059,124.179094444444,75.5104788461538,150.017570063694,91.7535884297521,80.536828125,87.4364803149606,162.305065853659,83.7999777777778,148.798445128205,131.494431013746,48.6501117571885,149.717463768116
"E20",173.859047619048,102.422783076923,133.727104494382,97.279885546875,149.028941666667,102.034884939759,88.3659034965035,95.2882241610738,180.114861407249,97.9623182417582,172.945518518519,163.964790220518,42.2801591966173,158.292927631579
"E21",159.365465,107.780617021277,127.251430909091,93.4268518661518,145.9229968,92.0582456521739,81.859898,97.028388121547,158.113343023256,94.5898560283688,151.837351145038,197.393185990338,43.3469214778325,166.574177419355
"E22",168.822359861592,111.236472727273,116.861727142857,119.158258424508,241.050255369928,101.511592045455,91.3054767857143,90.4838648648649,158.81472983871,90.1676902325581,163.556229411765,278.788234899329,42.0286734359962,172.918215658363
"E23",165.309060606061,113.089491304348,133.082708450704,82.9409683076923,171.925676646707,97.1229329113924,91.4447888888889,94.3686615591398,164.982241071429,90.6323441687345,179.152034965035,NA,NA,178.812270588235
"E3",169.15855801105,108.77267761194,127.3034325,84.913583745583,149.177678494624,89.1442176684882,78.9537192307692,92.9819622377622,187.341616714697,85.9641962962963,149.959302816901,123.486243784994,44.6408657024793,156.968300961538
"E4",170.594075949367,105.311373076923,121.034840243902,79.2410176416259,159.167809027778,95.8200447154472,88.766893258427,95.3343538732394,172.266947802198,89.0651995024876,152.538457142857,135.65652398167,43.9324719832109,150.874677659574
"E5",175.068658823529,96.60425,125.574762121212,86.7824241860465,161.411947717842,90.8121448405253,86.0053831081081,97.2505326086957,166.933053097345,83.7473959375,152.329967948718,133.880790308609,44.1607108606557,150.559864130435
"E6",178.366386861314,107.83632857143,118.883163934426,94.1793144628099,140.126830588235,99.5811066666667,97.7612824675325,98.5421743333333,171.517156862745,88.7315332361516,152.01598974359,131.739596650459,43.7147693112467,156.591507894737
"E7",180.034294117647,103.400378195474,134.112355319149,96.4087149171271,160.077794897959,90.2629492753623,90.4588023391813,96.9002790123457,177.372178030303,91.9395395196507,154.219663033175,133.082194725153,42.9208868372943,169.924539795918
"E8",168.690315068493,105.61576097561,132.012230379747,89.3076632850242,187.608317460317,95.4780361623616,98.6583175675676,94.7479860962567,172.395760204082,92.652035426009,149.259048993289,132.604529273621,42.8236095281307,166.683312941176
"E9",162.88384962406,110.069317857143,128.350884693878,86.0371514644352,178.423391881919,91.3850658263305,88.5856111111111,99.0626946280992,183.98048630137,91.7193251072961,165.10574122807,130.870777491208,41.7882801571709,169.822087301587
"F10",148.529657142857,100.8895,116.730379411765,77.4465155913979,151.529261666667,80.8349092592593,71.8481511111111,86.3429152777775,165.658031907895,88.6427328358209,160.661780645161,133.448106977887,43.6818900393185,136.505834408602
"F11",163.216564102564,127.759395989982,123.447632127829,103.286127717391,154.314306185567,88.9074242647059,90.8334730769231,104.814646969697,168.780326923077,88.3522992831541,153.55864516129,137.299998292011,43.35075204617,171.00016091954
"F13",172.312104265403,113.914773529412,125.457325373134,95.9024692307692,172.551082706767,91.2170808441558,91.8940124378109,97.0006984293194,168.966314130435,88.8083352112676,166.903283236994,128.729950885591,43.6217889576883,NA
"F14",173.844034825871,118.762233333333,134.432010714286,90.0481278688525,158.849590769231,99.8429104651163,91.4666222222222,94.5934906432749,170.06147761194,93.1381989795918,151.530669565217,135.225104159021,42.3420666066607,157.681979166667
"F15",169.249213793103,103.27943,131.979865432099,81.6205398012864,156.329412977099,95.7164774390244,97.8610247126437,97.4262425641026,168.124841346154,93.9643187935035,147.81176056338,139.868624976122,44.5413028985507,158.869897196262
"F16",164.995602272727,110.563128205128,129.68732745098,103.349005263158,153.242703636364,96.6074232227488,88.9566060150376,95.6983465277778,163.817028301887,93.0898168085106,160.026989583333,142.865760274869,43.4089327617329,182.753221804511
"F17",178.292497409326,117.0077325,128.064458333333,90.4056394495413,150.878558474576,93.402911352657,95.5517165605096,99.8620881294964,155.142778443114,96.3007050359712,163.638823129252,143.013009260493,44.1790771169355,165.21283908046
"F18",183.997840517241,147.036682051282,123.595318604651,95.3465674796748,148.97168,100.528269672131,88.7139805825243,99.3374769230769,163.126245762712,89.0327913946588,150.058415044248,147.256816477702,43.7453819889503,163.906872222222
"F19",152.090467391304,128.386372340426,140.373724516129,97.5113604395604,168.26981656051,91.0888850632911,86.6696456,94.4950856410256,167.156020849421,88.1181294303798,169.609286384977,137.07141038864,43.3822930470348,169.816807692308
"F2",160.692754716981,113.172855555556,119.162152564103,79.2632108108108,155.446108943089,88.0922326829268,63.94985,88.2165796178344,185.188315492958,86.9051931464174,148.786285350318,127.077609509388,47.1738104486423,149.84042345679
"F20",169.799529411765,100.583854166667,124.043130769231,95.6070794719813,161.593526271186,100.946937671233,93.3221012578616,93.932654054054,158.038193220339,94.6429368778281,158.90828,152.942117417678,44.0450904761905,164.274135051546
"F21",162.934936046512,108.728675324675,125.122330681818,93.6630185057467,156.265539325843,100.103965,83.6626337662338,97.3155778711485,165.001533568905,95.6476511111111,149.651345454545,163.952635042735,44.6225947524753,165.070076086957
"F22",171.26594017094,114.034891666667,127.031594047619,120.81790388601,227.723513833992,99.8135926380368,84.8618775510204,92.0799079365079,148.122919178082,87.3460843853821,181.702363636364,213.717468564356,43.4737781485468,174.79765234375
"F23",175.713945454545,110.978240659341,122.713788372093,86.2611050632911,186.390811640212,91.8324054824561,82.3193589147287,98.4740388888889,160.937760617761,89.6342139088729,166.302580128205,NA,NA,177.158896907217
"F3",165.613658695652,100.985846875,122.253035714286,90.4108935344828,154.336684459459,90.0599050485437,83.7985818181818,90.5937476923077,152.79708943662,88.8792678,149.651378767123,133.775565786241,45.1630042568039,152.598744897959
"F4",167.497151376147,99.8777358490566,129.886617283951,82.0020556338028,169.930666960352,96.629007079646,82.8664264705882,94.9935917808219,166.82756996587,90.7430220873786,157.905803191489,135.828352964824,42.9114255072464,162.682963529412
"F5",151.539805952381,102.616312293145,126.15438172043,98.0266461883408,164.139733526012,91.272,87.0274921875,96.3653363924051,170.65072265625,85.9422066091954,158.1548,130.61508698941,44.2788587844255,168.656146296296
"F6",188.651853448276,108.462741666667,130.551175,98.4088296650718,157.156610743802,101.202335393258,89.9698257861635,95.9176070422535,156.31236047619,90.4857395480226,159.720519672131,130.647773607595,43.4099895283019,168.21733359375
"F7",164.592664,117.021137735849,127.227430681818,95.4883005291005,172.298331632653,94.4186991304348,87.1095617886179,99.8413280645161,172.704367256637,94.1365194196429,152.91415147929,130.451478864009,43.7599059347181,182.823053435115
"F8",169.001416184971,109.5847675,130.358114285733,89.415940201005,164.06079037037,90.2793253571429,86.9359619402985,94.8890416326531,161.787403292181,93.9450535175879,152.118402234637,132.479514189944,43.2701775216138,175.655512244898
"F9",152.455647619048,122.613455263158,132.264900980392,97.6136130952381,153.425668807339,89.9404815217391,92.5041074766355,102.756529220779,172.819791666667,90.6985470588235,166.330774647887,127.021013450882,43.1510738970588,173.505779661017
"G10",160.99927972028,119.792494444444,134.259511111111,105.337965178571,166.058150761421,93.2428451162791,89.192884137931,97.3460932489452,166.441528985507,94.8186017241379,158.335227631579,130.682524065298,42.8330727564103,159.696065765766
"G11",176.120974683544,111.606597674419,128.63291875,91.1377196891192,164.982878980892,89.4681922636103,97.4124552795031,105.525865779468,170.827913533835,91.3424362924282,147.690092715232,134.64307477221,42.1187763265306,161.80546875
"G13",175.876416666667,112.922330769231,127.995170731707,94.3861875968992,170.941606481481,90.0077268882175,91.9755103448276,97.1186983425414,171.764959839357,92.9582532738095,146.956484042553,140.818551255358,44.330562803532,NA
"G14",157.795847328244,112.853073809523,123.702975862069,90.8781913513514,165.772797095436,97.9589733333333,94.3822639175258,91.9176674698795,159.622604059041,93.2786823899371,158.865617391304,144.181981877023,43.875437834941,157.563576923077
"G15",162.141542307692,104.252443501324,125.527654901961,81.2365284313725,164.098900564972,90.7689481481482,88.0655264367816,90.9657793103448,162.62815615942,85.5064083067093,153.365137804878,132.884428915663,45.7643374390244,154.234446570965
"G16",159.778710691824,108.785987719298,125.396155357143,100.808512068966,171.650594713656,100.052109813084,89.7438333333333,94.9795220858896,156.958482777778,93.1548391891892,152.966828571429,137.836867846821,42.9720055608821,183.853385826772
"G17",168.81789380531,125.965340298507,134.8183625,90.258265665236,166.111404672897,90.012946440678,91.6478561643836,98.0587197802198,172.327166525424,90.0087807692308,154.568016528926,136.444474518334,43.2546365591398,175.400268518519
"G18",152.361445544554,125.370202,125.693038666667,92.6398947826087,163.655916393443,99.6725071038251,88.8035296296296,98.7979992248062,162.635768211921,96.2280387173397,152.439416666667,138.605233833333,44.648553421859,164.255
"G19",173.108742331288,112.938814285714,129.419748333333,90.9730972677596,172.933641176471,89.6989791821561,93.5909361445783,94.6701468085106,160.626043715847,86.6995737777778,166.188819047619,147.271885673893,44.7112680900621,162.371927559055
"G2",167.685614107884,109.557491891892,115.568139189189,77.576069273743,151.774910394258,91.05885,76.3258243902439,89.6283585365854,165.118227129338,84.7555193251534,145.085126865672,143.852308605341,47.4561755874674,157.309605882353
"G20",151.192333333333,105.289861538462,120.487673076923,89.3741676855895,NA,99.3676675,91.9430758169935,89.06722,147.366032885906,93.4519943925234,151.746135514019,151.506089052795,43.0152823146944,147.472508045977
"G21",176.466780991736,103.331326530612,125.199279452055,91.770696728972,162.223275641026,98.7674028142589,89.3355746478873,97.6887102272727,171.400789954338,88.0482641975309,161.595589147287,164.335603954802,42.4828933952528,163.323269791667
"G22",170.928341836735,101.986242857143,124.9038921875,100.417140552995,148.79662,100.672081173865,83.3140123287671,86.0179735099338,147.335260674157,87.5664781155015,163.76831547619,179.240804274809,43.3074471698113,162.867168181818
"G23",168.246886255924,113.671523625141,122.338001030928,83.2795202777778,165.578036538462,97.5828183066362,90.7171924528302,92.9661975903614,161.551673913043,71.7058679245283,171.979416666667,NA,NA,170.037375862069
"G3",159.380090163934,108.405096774194,115.903718072289,96.535581147541,156.088114285714,88.4962939805825,84.6741878378378,90.651828761062,161.446050194553,85.0586394402036,140.090056,127.103968177613,44.659984761046,172.414542105263
"G4",145.249846428571,111.190539655172,130.257878947368,99.454502811245,146.154444444444,97.6717341372913,83.2902203125,91.0992821862348,159.991048189415,92.515733125,142.94210718232,130.795833029909,44.514028045789,158.231588235294
"G5",167.541138888889,105.151391304348,125.561778095238,89.9458102564103,150.923766666667,90.2959963671128,90.3507561643836,95.7297476868327,164.988695794393,87.000981462141,171.615352459016,135.162016156463,43.2471951629863,163.936129411765
"G6",159.994410447761,112.837077586207,120.947649275362,96.7933528497409,NA,89.5993810218978,80.8101554347826,93.6377545454546,181.819914040115,93.996361038961,151.934954545455,129.122390497738,44.4668397603486,163.757147959184
"G7",178.199212669683,121.176321875,122.167947761194,92.3221576190476,159.555817419355,92.9903397777778,85.1338818897638,96.6091161048689,177.595949295775,91.3305832579185,153.751772357724,134.90951199095,45.2030092659446,185.13196031746
"G8",158.363336538462,107.288009333333,127.578305454545,88.5448862244898,153.153462307692,90.0393459537572,85.808159047619,93.1209247706422,155.489335742972,90.1430022613065,166.158884615385,129.690773059096,44.247764305949,142.357746296296
"G9",166.683660377358,112.172859090909,123.50996,94.3079542288557,157.051741803279,92.2262235436893,91.0056801801802,97.0989965811966,177.072397260274,87.4753408376963,163.867921686747,130.520957654563,43.8565539910314,160.227312903226
"H10",180.104908450704,112.441097712412,128.444418604651,94.2881139705882,171.153153846154,98.457115648855,89.6911568421053,95.4640868852459,162.537715517241,97.8904146090535,158.191722222222,133.533715850816,42.8598437652812,166.879787234043
"H11",158.719317073171,111.942513043478,122.975350877193,94.7358508474576,163.888335658915,93.1012319711539,88.6588427710843,100.320756273764,167.170524271845,90.8392172259508,147.711926436782,132.421874212812,42.9801900096993,172.171284337349
"H13",167.691884297521,117.398673469388,120.0141296875,94.3621318082788,174.243981756757,91.8292969298246,95.9137384615385,98.64212760181,169.232030434783,92.863860130719,154.356540540541,139.481706404566,44.1461306620209,NA
"H14",167.586197115385,113.58415,133.727272727273,82.9605935483871,149.752840952381,94.8829275862069,87.8421989247312,96.4638666666667,160.600676767677,91.8871539548023,145.975620792079,142.157602242991,43.2731791860465,157.301571428571
"H15",168.377865671642,94.0247135802467,129.051835555556,80.2706948717949,154.2602,88.2191383966245,85.8285976190476,87.0063027777778,154.619430693069,88.9496557195572,160.858992857143,130.053776167472,45.2958284409257,150.224806329114
"H16",166.526393162393,110.282569230769,127.77425,94.2921031693713,163.031551239669,100.392063157895,94.051464556962,88.4890301886793,164.712383673469,92.2010583081571,166.075401459854,142.518083090379,44.9173752992383,162.94243
"H17",167.715632075472,99.245596791204,133.165748192771,95.2860155844156,146.340462727273,92.3884990453461,95.1864610619469,95.5154120879121,161.019260869565,87.4865316353887,159.835817307692,136.778162134602,43.5735453038674,173.427597169811
"H18",155.334961904762,106.332474074074,128.041711267606,104.644835087719,167.672116666667,97.521630952381,95.389585106383,95.8183288557214,166.341056213018,99.024179338843,149.686447154472,147.800784688347,43.3164483624454,156.554242424242
"H19",180.877433497537,105.626264705882,127.870874242424,84.8224967741936,173.749012903226,91.9744724683544,84.91997,85.3111574468085,165.010576433121,88.8254338582677,165.886253968254,138.562143969611,43.478855453149,160.177413235294
"H2",159.073163090129,105.408655384615,121.895520253165,93.1045593406593,160.793342708333,91.5171588447653,83.3021881355932,89.2137047619048,166.297401179941,89.0248426229508,139.309280508475,135.479628826531,48.3266175463623,165.443508403361
"H20",154.550398230088,111.833179365079,126.43976,94.2232703201964,141.171644186047,97.5755482758621,93.5943387755102,92.3341048648649,153.307556637168,88.0784247058824,157.073474226804,149.941691304348,43.2842803488372,162.876940677966
"H21",187.223045454545,104.035401408451,127.382397849462,83.3152513029217,165.855595967742,101.217685264901,85.8745635193133,100.29551383812,183.012620155039,95.4926341101695,152.085461538462,154.658928834951,42.0026804613297,165.405265555556
"H22",161.932525,108.5321275,126.633918571429,89.0567314285714,160.190055147059,100.485640601504,86.3434475,94.0509319248826,155.071778761062,69.172208,173.017982352941,183.785688748019,45.1024362416107,170.693394160584
"H23",172.574047169811,101.986777036206,133.631023076923,88.4709180952381,168.289086986301,97.9515379362671,93.0347482142857,95.4086410658307,152.525446022727,79.3274496774194,175.432348684211,NA,NA,165.426055555556
"H3",148.510254368932,109.547403448276,125.636619230769,113.577141544118,141.605517037037,89.8798152719665,83.1012958762887,88.3739550660793,170.613895081967,88.8944858880779,145.087943809524,131.978619624102,45.1688634351949,159.129565957447
"H4",168.657703030303,100.26335625,131.57352987013,100.938133739837,145.92858907563,98.4665586387435,84.1932722222222,89.5636661016949,155.685566935484,85.6028753731343,142.234593922652,127.399502688172,44.5076072881356,167.179149285714
"H5",170.205450292398,104.120546666667,118.501922058824,98.7404182320442,171.044509677419,86.1647367758186,93.77877486911,95.5616282608696,158.930168382353,88.8413060538117,161.619530612245,128.179509254865,43.3487242424242,167.527362745098
"H6",155.712637037037,115.812471641791,149.975491428571,90.7588572115385,159.246005309735,92.7025442028986,82.4104310344828,95.3876939501779,159.354954365079,95.2379609311741,158.229707602339,136.288822619048,44.5846623020063,163.8272608
"H7",162.247974576271,117.971897826087,127.767432857143,89.4836318681319,159.197676470588,90.1996191956124,85.4047612903226,95.2929444444444,169.058740196078,90.158898241206,156.85565648855,127.967391955307,44.2472346059113,172.508638095238
"H8",163.222639705882,108.804277272727,129.2273375,81.0950135869565,172.565049456522,93.8986677018634,86.6433783505155,91.9804717948718,164.648696014493,84.8132901333333,157.307099390244,131.505683248731,45.5683218776916,156.676724193548
"H9",174.516205405405,119.40474,126.752349180328,88.4842037267081,169.573052777778,93.166272745491,94.6453182291667,93.0189459183674,187.871283387622,87.4443707656613,167.036642857143,127.918891590679,44.4863640566038,143.936501492537
"I10",166.87954589372,115.174613513514,122.858216071429,96.9314359223301,146.980518181818,95.5684105371901,93.2903033707865,93.2636839160839,175.402957792208,89.018380874317,156.211062015504,127.942828512182,42.2554698492462,162.260795918367
"I11",169.411329113924,114.670086666667,132.441285714286,91.779515942029,146.005251923077,93.7542914893617,91.492221875,94.8496256637168,170.480264102564,95.9060405541562,156.644782113821,136.182217044718,43.6019927294398,163.59865
"I13",164.307514851485,113.022240811972,124.985004545455,89.8764409090909,150.999491666667,92.518550989011,107.149873228346,95.7507271356784,165.5341234375,93.6748464480874,148.778926229508,141.845551167582,43.7141767364939,NA
"I14",162.444443298969,114.404781538462,125.075932,89.9625100502513,170.389514492754,90.5639681710214,85.3131218181818,96.6001729591837,179.986730864198,94.7403367483296,159.957291847826,139.520090420272,44.2916717360115,142.752691489362
"I15",163.370806122449,121.722957142857,130.285396153846,86.6636325714286,153.08093625,99.299507505071,86.63393359375,93.1912026666667,172.63526007326,90.9782761670762,153.300064102564,136.723337109375,42.9944195190948,165.255415277778
"I16",170.014989361702,102.091645454545,132.387475675676,88.1183936416185,157.39243559322,85.4626142857143,93.1515,92.344382781457,171.415656321839,91.0452525333333,167.93147148289,141.664570672389,42.0753127497621,180.986727906977
"I17",177.185652173913,111.394224175833,135.980318181818,89.9351934782609,149.212314285714,94.9113936263736,93.0074403846154,93.721863,152.118707070707,90.7119601449275,163.388735294118,138.751073658537,42.2510787134503,175.392996590909
"I18",157.900267857143,98.4463073170732,125.794788461538,75.7789764556962,158.702079347826,77.3098875968992,84.9627547945205,92.8092904761905,162.625554179567,94.5260175879397,148.320098823529,146.355307537283,42.496752004111,157.918501680672
"I19",149.882898076923,98.5106457640053,125.990727272727,76.6298894886364,144.798227329193,79.137418018018,87.27345625,86.2258550200843,176.694287148594,91.319540255591,164.279427350427,147.900507058824,42.473347219846,140.99617037037
"I2",155.077688679245,109.826114957984,113.162654716981,80.5534773662552,157.77029127907,83.5061837150127,88.1307938271605,81.9397172661871,152.0134008,79.1617694444444,135.065192307692,120.386952830189,47.5205203862661,136.9994
"I20",162.489321167883,105.494921768708,127.746835384615,88.5462891171433,156.324043243243,78.6446066666667,94.1647217687075,91.5742987804878,152.176838432836,89.6154553699284,156.013556701031,140.671855827338,40.63723046875,173.442352517986
"I21",149.225,107.05573255814,114.306434375,97.9807186206897,160.034201123595,96.5938277915633,92.0816325842697,94.4351906716418,158.392120603015,92.9050344827586,150.098689655172,151.146014532243,40.1046499288762,160.065785294118
"I22",161.492269230769,106.382014893617,127.22531978022,87.0962746987952,166.87319916318,90.6929903162055,83.4400835164835,89.4312775193798,176.070845930233,94.7558188679245,164.910692086331,170.378387260274,39.7819496688742,141.073652525253
"I23",148.636201020408,96.452,123.958005660377,84.0355505235602,169.436318787879,99.6753899488927,83.5485430894309,89.4029314393939,149.825623529412,89.0228491803279,162.570189655172,NA,NA,161.633002061856
"I3",167.397429411765,99.0671333333333,124.245791139241,84.0906975524476,146.177040944882,86.4605061016949,74.7672425287356,86.470652,166.388452554745,84.5084451827243,148.024668548387,124.407820395738,45.4656561608301,140.817087804878
"I4",164.57208,105.530392592593,122.509983333333,98.4484447058824,166.3905436,89.0273127118644,81.4323413223141,88.5522239669422,164.395652719665,85.6664207894737,156.262930275229,128.732350913979,43.3653335097002,165.701856296296
"I5",165.729909547739,116.319419402985,140.59143,103.135522222222,142.922097115385,89.4996201492537,83.4264120689655,89.6472867724868,169.2966996997,90.9920833333333,159.768150537634,130.462091065483,43.8101646532439,179.341492666667
"I6",173.250627118644,111.321298611111,124.043947692308,92.0072546666667,151.715650649351,89.1455171641791,83.8736869565217,90.4573835616438,159.73318487395,92.7836659292035,155.261055555556,128.888435671937,43.5965302351624,166.557920666667
"I7",165.684789473684,103.211273625349,132.949864912281,88.9306886255924,170.099618309859,95.376405987055,92.8945140350877,92.1791307692308,168.262105,83.5218789855072,159.961925714286,126.434582701548,43.503494389439,159.434383333333
"I8",169.979587209302,110.937939488323,126.822589795918,91.6770751351351,162.555884496124,83.8401623430962,90.5931963768116,92.6719076335878,157.413468627451,87.858617571885,159.88045754717,130.878641798942,43.0403399176955,148.397486842105
"I9",168.8643,165.039551515152,127.551280769231,95.8209745614035,154.44802983871,98.6903707650273,91.132394011976,91.9704210526316,162.412163265306,94.7377602067183,165.263858823529,146.592029089302,42.473425326087,159.710771014493
"J10",154.847015748032,148.864082795699,132.465760504206,88.6363040479757,151.772155172414,89.2348478813559,88.2177777777778,97.9006485380117,158.202162548263,92.5907601123596,157.397328467153,133.516139571823,42.5123589537223,167.337966666667
"J11",166.460253846154,114.121095652174,145.72110106383,93.5304831775701,165.704920289855,93.0568197125257,89.7575141509434,92.613794047619,169.327254929577,92.3779737745098,157.945219354839,130.840568237454,42.0472421236873,176.841475342466
"J13",163.265,113.706721978038,138.429043589744,100.065255421687,158.240417808219,91.120720855615,93.745929113924,94.7441492610837,161.720460714286,95.2647252873563,155.905169903521,128.95879737303,44.6710354556804,NA
"J14",172.295165178571,115.871960377358,125.687514634146,110.221936613757,179.554162790698,92.9222338738739,88.44476,95.6373590443686,160.58899009901,97.0607182008368,153.000593103448,126.108563001083,41.7696182448037,165.685459459459
"J15",150.011174418605,122.41685,122.78477254902,94.3053208962049,163.673892473118,92.5227037109375,91.168780952381,95.8693072727273,158.829752380952,93.19049342723,161.559086956522,137.925754707561,43.220189688507,155.512516666667
"J16",157.656567307692,112.860447457627,133.888951351351,100.452460493827,157.61308540146,88.9900230916031,80.259995890411,92.2641761627907,162.065106666667,94.6254896057348,176.230078431373,137.706515488019,41.2734565591398,150.350816494845
"J17",171.319487804878,116.746557504863,128.99387804878,79.0275533452807,157.987653658537,94.938120112782,95.5269098039216,95.1112815533981,153.245446058091,90.8278758782201,183.461571428571,138.594503065134,41.791441322314,166.986292929293
"J18",169.04988,105.700931893688,136.571097938144,74.8048125,150.208523423423,NA,82.8990301587302,92.5443679738562,161.429112420382,88.8015607142857,148.740026315789,150.392286104114,42.095082642998,146.296136936937
"J19",159.354319148936,99.2047145593862,119.180826530612,78.1704476190476,144.071115315315,78.261279245283,78.7921222222222,83.1231206896552,165.48924251497,88.4916209439528,146.505516666667,145.387273889993,43.5798304922851,148.658297468354
"J2",146.679883050847,101.50444,118.79564,83.2457109289618,152.311503472222,88.5162842622951,72.9268359550562,82.5754373563218,146.844127380952,86.5499827586207,148.426409722222,127.360284730114,46.9064426395939,154.2890912
"J20",163.881825688073,107.791313157895,123.105422222222,97.7863463512326,168.052133064516,87.5470773809524,90.9377191082803,91.7956533898305,156.938054054054,94.0263641414141,162.893770186335,149.247422194922,40.2846399425287,160.760025641026
"J21",156.104869158879,109.109465065054,124.577905376344,91.2201562483628,161.169260902256,94.0979284629981,86.2321369369369,92.7594923469388,154.948777734375,90.2693437017995,150.738299065421,143.159114791289,39.0357571428571,174.460552777778
"J22",160.939372972973,110.180908695652,132.846541666667,86.2662046116505,178.570437946429,91.8982160068847,82.4356111801242,95.6507558974359,176.05448189415,96.2461091286307,178.329818791946,168.06107503251,43.1047716738197,149.225770731707
"J23",157.266510204082,103.216256756757,120.483611688312,84.1738390243902,158.870167857143,96.9892730483271,86.9086471698113,92.6951301369863,154.195600671141,94.0769983002833,163.613279411765,NA,NA,160.636198198198
"J3",160.363289256198,96.735809009,120.084272164948,84.0015310606061,159.935357575758,87.6761340044743,84.7987105263158,89.645893006993,156.839004237288,82.0653085714286,153.324718309859,132.270193779016,45.7141950638792,162.24715
"J4",161.67771541502,118.701289393939,124.988076470588,90.5454209580838,146.532997222222,87.8679065162907,89.2406601398601,89.1314012765958,154.407627642276,88.626174137931,142.266541717791,130.453571030165,43.0437060897436,163.996377952756
"J5",163.893215846995,105.191595238095,115.576245901639,109.45106,151.366572327044,88.6209917137477,89.0931611842105,89.0162556650246,171.721186567164,87.3715800524934,153.495403184713,127.911817772215,43.3473752183406,143.174434375
"J6",179.78379047619,119.686089880958,125.451245652174,96.8641638709677,170.435694915254,90.5040717504333,85.6541773333333,91.9122077205882,158.774230769231,88.2740893564357,167.517607843137,132.504804310345,42.4034046171171,152.087790566038
"J7",167.994522222222,101.485297222222,129.246924742268,84.8206319018405,165.398537062937,95.6612585996956,89.3962913793104,89.617238071066,157.182,88.4805156923077,158.129379487179,124.76751143201,43.1963831353919,152.346231746032
"J8",173.55143062201,112.5808725,129.910837837838,101.370309655172,143.56589,89.9629627543036,90.4035362962963,92.762298757764,154.441308917197,96.1959619047619,159.071673366834,124.685665663322,42.3209041501976,161.837432786885
"J9",163.119132061069,111.818432258065,137.359433962264,100.114362903226,156.480542696629,85.2068104408353,93.3038961111111,93.5491253731343,165.410459627329,90.0451587064677,152.34713248731,124.462567574512,43.0032095098039,184.726827272727
"K10",148.659644247788,112.30507804878,133.057309803922,92.828818220339,163.235170512821,84.511535978836,86.176472,86.0554850877193,157.668204444444,86.0199280442804,159.718290322581,125.830654888104,42.3862566289825,167.687406060606
"K11",166.058936170213,111.065943137255,133.357071428571,107.669937209302,163.610535211268,91.0693255369928,91.815561038961,95.6072734615385,163.696066079295,88.0621839108911,151.042524590164,128.889276512262,42.4143854103343,178.811468032787
"K13",176.736757009346,117.452791304348,131.624706557377,101.035752564103,163.456257232704,94.3073760180995,92.8766983193277,92.2324746341463,159.003129192547,87.8253184210526,157.052157534247,127.522532109589,40.980227458493,NA
"K14",173.774417647059,110.2762,124.044051851852,90.0556045714286,178.409341708543,92.3946047393365,93.9380204301075,97.295326056338,159.8219915,92.5006331378299,154.2987192,123.073055075715,44.1115656321839,157.584892035398
"K15",170.733757142857,111.159675,133.024668333333,86.6282727272727,188.649723404255,95.9300201357466,95.6549748663102,98.620896797153,160.296476851852,91.8348555837564,150.66371,121.311901955739,42.5758416755037,163.089086330935
"K16",154.53217948718,107.329902325581,121.123017777778,76.328078551532,148.821919387755,76.3242634328358,74.3742648648649,81.0145413793103,171.784219435737,86.6205891891892,148.1248,137.853091346154,44.0886287841191,140.850162686567
"K17",162.92035,99.9195,127.389745901639,75.9718261538462,153.135253012048,84.4926652777778,79.1753365853659,80.9917841269841,184.228167115903,93.5285365702479,165.04364661017,145.308661132075,42.6581275659824,148.22484949495
"K18",171.683569767442,101.772621428571,127.717009090909,92.2836542105263,155.500112195122,90.3393166666667,99.3503954684094,94.4934256410256,152.318783966245,92.38468062954,141.199904195804,136.568061944623,43.4568058974359,171.094744262295
"K19",164.898090909091,110.941266326536,128.506923595506,85.3375339449541,152.694366906475,86.9235192170818,83.3478549618321,98.1597169230769,157.035602392344,94.9333731958763,179.856952380952,138.451688796681,41.2260043068641,139.082233802817
"K2",164.800099206349,107.35591500938,130.025755033557,87.4126207142857,143.511515079365,90.526104723127,82.8921015151515,89.1602037414966,171.958332061069,88.9442765656566,146.160331446541,139.039234973005,46.2926746943765,176.296150625
"K20",167.11075,154.703289830508,123.38559733334,95.4652490909091,180.697913461538,NA,88.8188868613139,96.5666931174089,180.884551456311,97.6890236842105,164.492393617021,136.989090084388,42.0605166837257,151.103096153846
"K21",175.795220994475,118.432167346946,127.342185915493,109.268918125,178.006731292517,91.2740374695864,84.2178061946903,95.0858677419355,176.518221276596,88.5429052486188,149.625393162393,150.390874801762,40.9971740384615,165.723306976744
"K22",149.096131944444,100.929706349206,128.069946296296,92.1205223602484,163.44214379562,98.4936451310861,93.1100744897959,94.6267203045685,165.797104761905,96.1992821808511,170.903556122449,173.741129118774,41.5885542553192,153.535363218391
"K23",180.401144366197,110.805146511628,122.2480416,84.274176993865,163.89822202381,93.1951126213592,83.108675862069,88.7037836298932,159.548664974619,94.9828720524017,258.777932642487,NA,NA,164.491556
"K3",181.730372307692,109.0659953125,126.830826605505,91.7914115682767,158.852798514851,91.1316348189415,83.1053130081301,87.9928648550725,166.544610878661,80.5389415143603,152.543140880503,134.169164072194,42.7692088865096,152.587244520548
"K4",174.259820598007,112.263416883117,120.215859090909,92.9896855932203,142.246476106195,86.7725251533742,84.5091756302521,89.0967879166667,156.469912605042,88.7984317865429,163.544098765432,125.888195360502,45.0644716435185,161.326971568627
"K5",166.944210045662,98.7271450231469,126.023825454545,86.5138863636364,155.504871153846,89.7153249516441,89.7468546666667,92.6493864864865,167.860824714829,86.7795591029024,160.14096069869,136.639345729304,44.3866505602241,152.843830097087
"K6",156.880911111111,101.862839215686,128.4796375,90.517674863388,150.457535365854,89.4651444827586,88.7526050420168,88.091301986755,167.06726953125,88.4900350119904,157.739676767677,128.273714401295,43.9593953125,154.503635
"K7",158.822804878049,103.678547169811,131.344716494845,90.828211627907,151.266682568807,87.0117973995272,91.2642913043478,90.6342777777778,159.496395061728,84.5204719346049,158.123260638298,138.111518163805,44.034440771028,165.181859602649
"K8",161.771933333333,109.180751680676,134.175410465116,82.9127403846154,168.493861764706,87.0168729783038,86.8318411764706,93.8518338888889,164.060581730769,92.8484760814249,158.809482738095,129.16068126506,43.2767330645161,166.943530927835
"K9",150.821153846154,114.386355813953,131.484159322034,98.6981736040609,169.062683870968,86.6605,90.4494605442177,96.0954226130653,164.316456375839,88.1499941538462,167.600058252427,127.685087706044,41.7302026136364,156.72957755102
"L10",159.345816504854,104.774242222222,133.575775686821,108.511166129032,161.314842941176,87.839367803838,84.7669592592593,89.584287037037,167.725192397661,88.6018040752351,149.458818181818,128.475554545455,40.9512741405082,170.266404580153
"L11",153.201991089109,111.812937313433,123.050883673469,94.2704473684211,169.732356643357,91.1244046391753,94.9770714285714,92.6320996138996,172.143810126582,90.0012761336516,166.156378453039,134.609245491097,42.7925093814433,154.790452054795
"L13",179.880417989418,116.085738235294,131.92994057971,90.5453515545574,160.19859375,93.0903587020649,93.4114495867769,95.3420056768559,162.309473972603,96.0679973831776,152.680955357143,123.699321105263,44.6753287572254,NA
"L14",180.883340080972,108.658973333333,134.382581481481,88.0692733333333,145.145555681818,93.1492987878788,89.3380607843137,97.3090828402367,165.228727312775,91.5712612612613,159.754960504202,124.684618533258,42.9569400948992,160.620326804124
"L15",220.44823943662,110.30387,130.185108247423,103.480162895029,189.213383333333,97.2029989333333,96.2191432835821,101.532945381526,169.136662162162,90.0462705263158,154.521103448276,129.429151814059,42.366762254902,167.890016528926
"L16",152.7955,98.856875862069,123.106763157895,76.9131185185185,143.388334285714,77.8614368233615,71.0548869565217,79.7046140350877,171.63446991404,93.2074565597668,153.896398373984,140.539715413534,43.9050813865147,157.604324324324
"L17",148.822822093023,113.05256802719,124.280123529412,81.18480625,163.131106849315,79.23846953125,75.963419047619,84.7492,181.705737532808,93.9787057591623,156.690955752212,140.415124449979,41.8999283045977,145.57893
"L18",158.044277372263,101.727365789474,135.994178571429,86.3780648148143,159.096592018779,93.6178837288136,96.2741419117647,91.2847213953488,157.516974489796,90.9023800925926,144.547736666667,138.993115384615,41.5061520958084,155.673716949153
"L19",178.769026200873,100.4526725,126.242442857143,83.8926684831687,144.813191025641,90.1854410423453,85.6880081632653,92.5764172093023,161.22943372549,89.7604682382134,154.908090909091,137.513998070988,40.557008819133,164.894163513514
"L2",163.316821192053,105.87885,125.613633898305,96.7557732248519,161.825448636364,89.4949797994269,74.552821978022,84.2891714285714,161.327930125523,90.8500406862745,152.811899038462,139.354260151251,47.5128023391813,160.886294927536
"L20",157.13012208589,101.223094871795,121.701670833333,107.616666531441,175.953780434783,91.4533174074074,94.9552602409639,97.1045967930029,158.596792284866,90.7850804878049,165.601365853659,140.497222324159,40.7500307692308,152.256453703704
"L21",169.993270833333,109.49806875,131.560225174825,110.763255445545,163.046457251908,98.5498303605313,92.9716463276836,92.8306543589744,166.893261829653,94.7329160792952,163.763557823129,145.90832459522,42.6631058673469,170.663053888889
"L22",171.090415525114,96.902565625,119.453979661017,87.2229667721519,150.782034586466,99.3994156424581,96.9540398148148,87.9173973404255,158.048776838235,94.2132441791045,160.623885350318,168.041718818681,46.083731643002,162.214017557252
"L23",154.79105511811,116.561895348837,125.899793913043,88.3183535410765,170.016742647059,94.8165764423077,85.7723294520548,95.0703270471464,159.823120967742,100.240215163148,170.043912568306,NA,NA,150.540803157895
"L3",176.787433656958,109.776121126761,117.057205194805,95.6235898809524,139.899143846154,88.9243820284698,88.4899922222222,88.6746199453552,156.629643518519,85.6534770053476,163.261633442623,137.50531988342,43.3809081364829,164.851849152542
"L4",163.551787644788,108.267393333333,119.497979452055,89.4876387096774,163.580958992806,82.6667934328358,87.2752201257862,89.1805859934854,166.735315730337,92.3539633971292,149.740455617978,132.541913858868,43.9146054568528,153.676510218978
"L5",154.735117647059,119.443158208955,128.594461363636,87.443565,169.012371428571,94.5976663476874,91.6782705479452,89.0543956709957,162.865605150215,86.3854470914127,157.694087878788,135.695423106646,42.7839689504373,149.448828865979
"L6",157.067258823529,97.2616971428571,132.125056632996,84.4329739884393,137.193110204082,85.136956768559,86.6416113207547,91.9588806451613,170.500243150685,87.0634974025974,155.905242857143,129.526458945386,42.4597393865031,165.071254471545
"L7",171.875862745098,115.324364864865,137.658902222222,89.0745785046729,164.867132608696,87.5136966408269,96.9599395238095,89.3696024509804,178.398462897527,84.6412298550725,150.386216949153,138.650602774019,44.0664104247104,171.262480769231
"L8",167.397315789474,111.24385,124.891306557377,89.6496886792453,159.260943181818,86.7064950782998,95.2576570093458,89.8452642857143,161.671088983051,91.941940376569,153.310579518072,128.573962233699,43.6010902310924,154.710703875969
"L9",156.515347368421,114.723397826087,127.114706666667,94.07758828125,156.1766496,93.8515926605505,93.0960676470588,93.3674587234043,176.285225663717,89.8614769662921,164.696835897436,134.552423125884,43.2640100496278,163.915151190476
"M10",168.143046728972,106.875036956522,135.2113,94.7618586206897,160.849387288136,86.842855,88.2120962962963,89.729077486911,161.084345971564,84.368091,152.640212101911,139.219716350068,42.2182697788698,169.633798816568
"M11",163.229674074074,109.809512658228,122.274065457189,99.0731540740741,151.640273404255,89.3775806853583,92.9876267515924,90.6702446808511,157.105468531469,93.5419603864734,153.032220779221,135.681948454883,42.786884,170.079011538462
"M13",179.520419354839,88.4895,128.499362318841,78.319796819788,151.825616528926,81.6407657142857,75.4640941176471,77.7045958333333,165.896339772727,90.7989756613757,150.50312,138.347605032713,46.979620441989,NA
"M14",169.898943478261,105.721513953488,129.180277777778,92.363045177665,150.938042537313,NA,97.1756416666667,95.2383712177122,153.198142038217,86.6814989864865,166.440286624204,132.02761181486,43.3093780856423,NA
"M15",170.406718518519,118.402964197531,131.672080208333,103.9463,158.680387179487,100.923299393939,92.9938317460317,94.3434114285714,159.797050520833,90.1664413333333,184.282814102564,128.135181850117,41.6433634615385,NA
"M16",157.501386503067,116.0825,118.507829545455,96.5445637426901,164.226628409091,97.3870812785388,85.569835106383,92.7966812182741,164.032405555556,90.0780924657534,169.022651162791,141.737864812332,42.3153365284974,NA
"M17",162.232970344828,118.557545,123.261332291667,93.541968,168.669092777778,97.0225568345324,86.2291487804878,92.7013715083799,170.097857142857,90.4287682065217,158.828151492537,141.111826707235,41.9778530405405,NA
"M18",172.316520618557,112.75624448275,129.748412765957,92.6998226519337,171.554826530612,98.6102211590293,88.1250414634146,92.5717702479339,151.913306321839,88.6132402684564,151.64992027972,143.394435273492,43.1595805142084,NA
"M19",160.548450617284,112.301525,125.033254716981,101.351807978723,163.873908947368,97.9681104089219,96.91839035533,90.0867415178571,154.568167664671,88.4044433420366,151.349,145.858653768454,39.3333635568513,NA
"M2",165.924548630137,145.863326785714,132.019236842105,93.0861178378378,163.570923469388,88.4173566775244,74.935736,86.8518310218978,161.287137860082,80.8185083044983,145.683113270142,150.513385916824,48.2862125,156.392353846154
"M20",166.097071428571,96.9562510638298,131.6559,96.9204492462312,144.619214,91.249451822504,90.4300551282051,91.846483269962,146.647582014388,90.9833396061269,177.606971659919,145.725465239295,44.1002852201258,NA
"M21",161.113811188811,105.06425,125.643373684211,379.236124543462,160.864904724409,95.4126626923077,89.6884315315315,91.4761244897959,175.139278106509,90.9938662131519,153.076681818182,151.445953795812,41.198336299435,NA
"M22",167.264486238532,99.8109421052632,115.754886178854,91.3124654320985,163.969585875706,101.580930188679,83.6548970149254,92.639228358209,146.384716774194,88.5300986970684,153.31299270073,178.512424174174,42.7794618421053,NA
"M23",157.364223214286,107.861562152134,121.656476744186,91.0261547619048,163.586339252336,94.9901,85.4343053333333,96.5997247734139,163.111030651341,93.6521891783567,164.489316455696,NA,NA,NA
"M3",178.436568047337,108.109849253731,118.509904081633,NA,139.770062711864,83.5248797833935,90.8413111111111,90.7142736346516,147.457216517857,85.1158039927405,166.818376753507,140.61666620776,44.1942188080495,142.048853125
"M4",161.499467065868,100.369907563026,121.000976666667,93.991487628866,159.282815540541,85.5406928315412,83.4875512195122,86.626114229249,170.81187414966,88.5838196480939,156.914151376147,137.334089891926,45.2398469758065,150.199484337349
"M5",160.276171232877,116.541295,134.418730075188,92.6141012121212,148.142299065421,87.3879699044586,86.217392,91.0536472972973,175.765991549296,84.9340523696683,158.0464004,137.043022727273,46.443398265896,161.783623157895
"M6",166.80111322314,101.29018,131.386143661972,84.9298527272727,162.829279166667,85.0793159090909,84.1254418918919,88.5486298136646,159.046323674912,91.7161018918919,154.617803370787,134.58895381137,44.5690755007704,155.874426515152
"M7",163.304522580645,114.822789189189,127.823225925926,95.7694549180328,177.673802040816,86.1368596685083,95.7214314285714,90.5052585365854,182.356022160665,85.7701369727047,168.25714354067,137.701731181407,43.4039918433932,168.14402248062
"M8",159.837535714286,117.0131796875,114.259333333333,85.640446835443,161.932302479339,86.8481486935867,89.7959090909091,90.7958454545455,162.751377655678,89.927351659751,148.179412290503,136.606630364059,43.9782576757532,156.316945045045
"M9",154.355303968254,123.470676470588,143.773805357143,111.877774285714,166.746058910891,91.733574012474,90.0947971428571,88.0611298136646,179.108415441176,87.4046795100223,165.270991631799,253.099235960917,42.6043218289086,167.874584745763
"N10",168.539628272251,115.661308333333,232.833194003524,89.9017393103448,149.617210309278,97.1571623287671,96.7593031578947,88.6101733333333,162.376432432432,89.4889072555205,154.573864864865,134.517923525231,42.9009282338308,165.198587596899
"N11",171.774057377049,111.938501694915,116.042789189189,96.898544,164.55138627451,90.375912716763,89.46253046875,94.7886559055118,168.647480582524,89.3425196923077,151.000112244898,139.933205394191,44.4369068783069,182.739285714286
"N13",155.648295774648,94.7076066666667,113.675680952381,79.8546337116437,150.195430434783,86.432575,76.9965666666667,135.22262300885,182.317696774194,89.6829139473684,150.278572164948,139.73143293382,45.9249967667437,NA
"N14",159.657906122449,102.814406526808,143.591741509434,90.0839663043478,155.171601709402,NA,94.9956825242718,90.7665506896552,176.232933098592,92.0678021978022,152.773554193548,133.391682647887,44.0992806404658,NA
"N15",175.421438121049,117.572304347826,128.954250632911,110.146386143045,161.6831152,95.7050796178344,94.0689221374046,93.4662487394958,177.568183050847,90.419097799511,177.111456692913,140.29579738781,43.8476867030965,NA
"N16",166.719603960396,111.240093548387,132.70695,100.606119736842,152.971860227273,NA,91.3904514285714,95.4320425101215,173.898438538206,97.0824077731092,165.276978947368,146.977451997147,44.6470163934426,NA
"N17",174.643,116.322750877193,120.220403571429,106.865152285488,173.89741,93.282387068975,93.9953594339623,94.8693939759036,173.865103559871,92.0262069767442,163.555164285714,143.819278908189,45.0487843930636,NA
"N18",158.77674301676,115.187546620045,120.686934693878,91.1415996059114,151.866453691275,102.263915056359,88.8244579545455,90.8143713513514,165.314035087719,93.7768964948454,145.591234375,137.97739500998,46.1098273037543,NA
"N19",168.488638709677,110.705674545455,133.957400952381,97.4040957446809,151.425234666667,98.0649547699192,93.5581291666667,94.5966666666667,153.550324516129,91.153854109589,166.909651282051,139.314762979684,41.6353669934641,NA
"N2",160.334561181435,103.88759245283,129.249350537634,105.066321232877,161.838498963731,91.1842072413793,125.556132984293,85.3060657243816,158.085284,84.4271514195584,150.616211267606,155.641136107711,49.8963730452675,154.399832967033
"N20",161.577452736318,103.359516358025,120.464790740741,107.936904010025,144.984221,100.290604018913,96.7318615384615,92.8794568807339,158.714083743842,92.8396913793104,163.445245762712,144.51388198324,43.8494029247911,NA
"N21",161.141182539683,103.736215,122.608079120879,93.5729406504065,154.036683333333,103.058214949208,90.3490616541353,99.4807093841642,166.959821917808,95.9855135238095,152.933754098361,152.845853315412,44.4362804878049,NA
"N22",157.986247706422,106.022126229508,132.698046774194,97.2785421568628,166.74675109489,98.546570411985,86.0053773584906,91.9883186335404,150.495207142857,88.7488370919881,151.942584242424,180.099827244094,43.744399474606,NA
"N23",173.097767045455,103.850706666667,111.978246774194,85.7030997050148,153.979723140496,76.44505,90.0004980645161,95.7368340625,171.205090342679,91.6546053941909,158.875080745342,NA,NA,NA
"N3",162.498970149254,103.661847204978,131.194389,66.83796296295,152.555556716418,88.3830902474527,90.2126731800766,90.37922,161.458972665148,102.652818658892,167.821142990654,152.861191079812,46.0827150458716,142.471446296296
"N4",152.576,99.5353095238086,137.796913793103,86.1342114285714,148.771897540984,89.3624910447761,89.3532391304348,86.0281289256198,180.743772853186,85.8128628647215,150.072709289617,149.250024594364,46.5902740072202,156.774052542373
"N5",159.100223021583,99.3600857142778,135.687106451613,91.8074032258065,152.989686363636,96.863343946932,85.891912371134,91.8286504761905,182.839659340659,84.9681375722543,155.632970454545,143.335932665505,44.6057232209738,182.641505494506
"N6",164.578723958333,93.9382342857143,128.777781944444,92.5573931818182,152.370154,NA,91.0357193877551,90.3774644194757,169.670291666667,95.1446801186944,150.138500537634,138.595008130081,44.1361907342657,164.305105309735
"N7",164.003902654867,107.197176470588,129.985406451613,88.6419401709402,172.014730555556,86.5681077720207,93.9695420731707,90.619783919598,169.901675925926,89.201598005698,151.953210526316,138.725576773188,45.6123719022688,198.52213974359
"N8",173.376293193717,125.248617241379,128.396524242424,96.7793357142857,163.615578191489,71.77275,84.6447,87.7589425742574,170.836468013468,94.5857737089202,159.377813043478,136.396601377953,44.4777820276498,174.333068376068
"N9",166.113940298507,113.343355737705,125.010107692308,93.0891123966942,157.465452903226,89.3720244956772,85.9710476510067,91.2902134615385,171.840548387097,88.8403404639175,166.34703559322,134.052664673157,43.6932110915493,167.084865811966
"O10",154.694728813559,100.566456,126.42552,76.4418430434783,151.027982653061,80.7159172413793,65.254148,93.7512618181818,158.547094326241,86.4516305194805,155.844674157303,143.437707874682,NA,140.540881521739
"O11",162.852773584906,102.697567162607,128.691107936508,77.2953737931035,155.187985185185,77.3708580246914,96.97382,228.969105405405,234.680946117274,95.7198888297872,143.673788732394,149.594647928994,NA,153.243767123288
"O13",164.604835526316,108.016311764706,128.636284,101.677368367347,188.084839130435,NA,87.7372338461538,107.918191104294,151.987775206612,97.5590253588517,170.949686666667,146.565655612245,NA,NA
"O14",153.779847798742,107.696378303744,139.946641025641,96.5719155844156,172.29918677686,NA,85.6177134831461,96.6892317204301,162.620035294118,103.38882591687,161.729744186047,142.047504373178,NA,NA
"O15",184.265052132701,118.64999137931,152.046664197531,103.132970945946,169.666289473684,98.6326233333333,85.4277839622642,98.1958172413793,173.00374702381,96.2457515228426,221.35405,142.256812327656,NA,NA
"O16",183.434459677419,111.800871428571,127.39612962963,90.916325203252,160.387006422018,NA,86.8230231707317,NA,165.215506993007,92.1247201149425,158.65252892562,156.964676930693,NA,NA
"O17",169.428950413223,115.247934615385,136.34527244898,89.7389717391304,184.231560574413,103.002756842105,89.2453402985075,97.7432305418719,163.182979473684,93.1191746606335,166.926015037594,149.553406890299,NA,NA
"O18",158.344581395349,103.092360526316,154.713705882353,101.142651538462,160.423675324675,NA,91.5345805825243,93.3199107843137,153.135679245283,93.5882876963351,165.8039296875,151.042611211871,NA,NA
"O19",167.24676300578,118.332648837209,139.514271590909,88.5198333333333,186.743323972603,98.0456666666667,94.775629787234,95.5962316076294,154.730863917526,95.0248167475728,186.148111675127,153.652434294235,NA,NA
"O2",149.244260655738,105.230923673457,135.448464705882,80.6115527561022,147.048400970874,NA,164.826076197836,87.40627,170.397048780488,83.1677251824818,154.495801724138,165.643181812213,56.1100775510204,131.761389230769
"O20",172.230759615385,103.68629,131.3587328125,87.4281597883598,158.811912621359,NA,89.9899788461538,94.7277961904762,169.12043003413,93.592846728972,176.486816993464,154.846155304212,NA,NA
"O21",161.187583892617,111.383978205139,128.985835779817,108.463293430657,169.47164125,NA,93.4493656862745,98.4347117056856,170.61439941691,97.635823752495,181.231592592593,160.605344059406,NA,NA
"O22",158.943054726368,117.230906818182,131.863641935484,95.4428959770115,158.95002,NA,80.3429913043478,90.590449358975,162.656470790378,92.7911854395604,160.461024698795,199.979481954887,NA,NA
"O23",172.12626,107.660702777778,178.297395744681,89.9356227272727,184.382709433962,111.014534254144,93.1637027027027,95.0162382262997,161.772922018349,92.0584770083102,170.238195652174,NA,NA,NA
"O3",174.6402953125,117.409711111111,134.820975294118,104.474398360656,177.648064244742,79.562560915493,93.2724380597015,87.5888118721461,168.008702702703,91.4573600393701,156.352051813471,152.593635856993,48.9303842639594,167.0995375
"O4",147.640511111111,96.2691517857125,132.963981176471,88.3231784431138,142.420388541667,84.6839288888889,73.1150705882353,77.4626185714286,175.668986807388,91.9809744845361,149.514342857143,150.138400786241,NA,141.12795131579
"O5",162.56621969697,98.92950625,152.683285555556,82.238908372093,148.515231162791,84.7395859296482,77.8261755555556,81.1065907216495,174.829816053512,86.5761981981982,156.537666666667,141.141526972477,NA,148.195465957447
"O6",151.630741935484,93.0651785714167,152.243210526316,74.7788172619048,138.42618362069,77.5307454248353,67.229805,91.4563111111111,168.966558510638,79.2026454545455,146.106510791367,147.197034391259,NA,134.668137931034
"O7",169.986731578947,116.198330188679,136.626312,99.1155284722222,161.183384347826,91.5850841346154,89.954062295082,89.9857825688073,172.928378091873,85.2423407407407,161.504617391304,145.920397135741,NA,170.500042105263
"O8",167.884253125,112.315802,135.18285326087,95.7704840394072,165.383576551724,84.5592508130081,80.0663010752688,87.4679409638554,152.384049700599,92.6553310679612,145.435278985507,149.545496351085,NA,157.03797654321
"O9",170.543741496599,113.572764428316,162.158669863014,89.5582982857143,182.440844930418,93.2267671469741,86.5513487603306,95.041262264151,154.115252542373,91.6900754901961,160.910330645161,139.512032231405,NA,160.257491780822
"P10",166.609021857923,114.253202631579,233.25038,80.1993628440367,185.160261643836,89.1324443609,96.9716157894737,138.986168862275,175.827983435583,192.489005010438,179.3086,164.878749411765,NA,167.625884615385
"P11",172.457995024876,117.94754162964,349.1738,81.5739653846154,177.27840776699,84.4572822222222,119.627789411765,147.674717857143,169.696102057613,109.782871559633,230.685072289157,154.192355805243,NA,180.892823529412
"P13",168.116006493506,141.93755,226.470012048193,92.0304659574468,215.463754716981,NA,145.433234251969,118.902337701149,160.236078651685,115.35955743073,215.176496815287,151.545884818482,NA,NA
"P14",157.681511278196,148.915387096774,203.610917582429,93.6725464566929,205.705135802469,NA,108.996102380952,117.021480952381,152.426877094972,112.154247845805,181.579642857143,154.964629323308,NA,NA
"P15",183.358642857143,167.12296440678,248.037197368421,105.884584,175.544375886525,108.353046666667,98.9057810457516,111.355701960784,169.944350253807,116.265509547739,218.605673469388,173.374413043478,NA,NA
"P16",174.590720430108,244.950510714286,270.255759493671,95.896198245614,167.625677165354,NA,97.7180016260163,107.289067403315,219.910819148936,111.781108947368,347.196202046029,181.320178243243,NA,NA
"P17",175.835510309278,154.170461160719,168.3203,92.5503267326733,170.796166666667,NA,102.005068648649,106.604454390935,177.269935643564,110.404117717718,199.387938271605,165.705630234934,NA,NA
"P18",155.865780645161,116.9101,169.872240540541,124.295439955106,174.4604,NA,87.9620203703704,106.429758823529,156.718248618785,106.262342538976,171.948130434783,170.828019282511,NA,NA
"P19",177.937835227273,134.704322222222,147.654943925234,92.5808711111111,173.666562162162,NA,159.764188631985,93.0374923857868,162.407778403756,94.6666273584906,251.023775700935,179.688777716644,NA,NA
"P2",145.441715384615,156.794487192117,234.254673528384,66.1733811594333,225.856205617978,NA,142.754370247934,93.1099246776347,171.554031976744,120.433050689655,184.182565420561,179.84566655574,NA,161.665281690141
"P20",171.454149230769,103.553225531915,144.416048965517,115.89027012987,178.786638888889,NA,95.1412785714286,100.367145033113,159.842268571429,100.13480949495,175.67494972067,174.30748496732,NA,NA
"P21",167.788421686747,186.65661350575,144.592308641975,96.9110252395243,172.939829113924,103.724910552764,96.3714207100592,100.746693286219,163.981749077491,98.7279832041344,175.561422764228,191.820576836158,NA,NA
"P22",170.654994382022,103.889785714286,135.001962820513,100.806197540984,167.856523300971,NA,140.431772444444,98.4207427027027,167.047914979757,98.1124171919771,165.540333333333,318.09313422005,NA,NA
"P23",180.941780769231,110.767559459459,133.675319736842,90.9885427906977,169.835168586387,NA,91.2831568181818,93.2897142857143,154.216420816327,102.621451666667,222.157088888889,NA,NA,NA
"P3",182.134404624277,125.013660278746,274.2104,86.1378591666667,166.083006190476,94.2328409660107,92.886163190184,95.5101080882353,169.557133333333,172.608220038351,180.54631797235,179.216315146299,NA,220.024362068966
"P4",164.21968877551,101.43685326279,219.477766666667,82.7482159763314,140.993099224806,82.4381413793104,101.673222727273,112.518827,165.469050424929,110.910195503212,153.436613259669,182.453411042945,NA,170.510728395062
"P5",165.85797382199,121.123708695652,206.14088,76.673583919598,155.87936013986,82.543344,72.0115962264151,135.172153521127,176.833694915254,93.3004605263158,189.359381355932,166.432440342298,NA,187.490810810811
"P6",161.521147486034,115.155387004443,213.740357627119,77.6410037593985,141.666557142857,81.13365625,130.330694957983,105.603189873418,172.971649350649,121.935195610687,160.534457364341,165.365520192926,NA,168.635214457831
"P7",184.676362989324,129.23823948275,187.745269512195,96.0839278787879,160.0636625,95.963825,87.973058974359,98.2803544303797,170.069148594378,98.0081094224924,171.828656716418,165.556268169399,NA,220.955074074074
"P8",167.068077593361,117.212475338756,258.0509765625,105.94115,165.821519852941,89.363597032641,93.3134811111111,102.727897630332,165.339349206349,100.300848275862,169.448166666667,156.968866978923,NA,195.401345679012
"P9",172.669554404145,158.018652873563,175.4346,93.2081666666667,179.236709401709,90.5354489425982,103.121726760563,110.429563700234,166.79343253012,99.5232697142857,255.227388059701,153.720206790123,NA,192.91331969697
"A12",NA,NA,NA,NA,NA,NA,NA,NA,NA,NA,NA,165.945246640827,45.857486631016,NA
"B12",NA,NA,NA,NA,NA,NA,NA,NA,NA,NA,NA,153.682982194617,46.3222293201133,NA
"C12",NA,NA,NA,NA,NA,NA,NA,NA,NA,NA,NA,209.4271296875,44.8550958659218,NA
"D12",NA,NA,NA,NA,NA,NA,NA,NA,NA,NA,NA,136.804333719583,46.7022351778656,NA
"E12",NA,NA,NA,NA,NA,NA,NA,NA,NA,NA,NA,138.027486695545,44.5524497326203,NA
"F12",NA,NA,NA,NA,NA,NA,NA,NA,NA,NA,NA,133.278233794694,44.2964837057728,NA
"G12",NA,NA,NA,NA,NA,NA,NA,NA,NA,NA,NA,130.740878270762,43.4331725941423,NA
"H12",NA,NA,NA,NA,NA,NA,NA,NA,NA,NA,NA,132.977377119184,43.444127672209,NA
"I12",NA,NA,NA,NA,NA,NA,NA,NA,NA,NA,NA,129.739644723331,46.9453736920777,NA
"J12",NA,NA,NA,NA,NA,NA,NA,NA,NA,NA,NA,126.853022933011,44.1931612244898,NA
"K12",NA,NA,NA,NA,NA,NA,NA,NA,NA,NA,NA,131.126899120235,44.0622071428571,NA
"L12",NA,NA,NA,NA,NA,NA,NA,NA,NA,NA,NA,130.768480604357,43.2600719685039,NA
"M12",NA,NA,NA,NA,NA,NA,NA,NA,NA,NA,NA,141.148670021262,45.3162342532468,NA
"N12",NA,NA,NA,NA,NA,NA,NA,NA,NA,NA,NA,131.708447258297,46.6713387610619,NA
"O12",NA,NA,NA,NA,NA,NA,NA,NA,NA,NA,NA,152.454388771186,NA,NA
"P12",NA,NA,NA,NA,NA,NA,NA,NA,NA,NA,NA,150.328685674677,NA,NA
