"WellName","Canx","Egfr","Errfi1","Gapdh","Kpnb1","Myc","P53","RhoA","NRAS","Dnajc5","Rab7a","Slc2a1","Sec16a","Rpap3"
"A10",26.9280857237912,103.218232938067,32.9086948609072,12.8169527495004,14.7003880339708,16.6252759841445,7.9853704533008,10.5705260922321,5.47969903983524,7.77587135957344,182.686933144304,33.9199833341965,7.35760418535951,7.16498581886963
"A11",25.6278957704961,93.6020805994025,24.9309106654963,20.765306543426,13.4217229875056,14.1553444053053,5.7575276949296,10.1883891937578,6.59586116540781,6.37240430577141,220.433512609751,23.1689320585833,7.90391633816801,5.2266408549705
"A13",18.375535102502,85.9064189719253,21.7289291085423,24.8277621341336,6.04887400661707,26.7302126315275,12.4617231590772,9.93701434848017,4.41766270353297,5.55540438502771,17.7169967471751,29.8700018602182,5.4453223163031,3.46166853880325
"A14",20.33228912987,65.3572441458662,16.7226081516831,26.8592828423965,11.1841155843182,19.0429288863027,10.9539519151504,11.0825962195506,4.25308478465545,10.0661424692093,30.839765507223,48.428256630095,5.67034713723871,7.04408931929414
"A15",21.4682917575162,94.9058039958731,24.1137396341398,23.3406783870598,11.314065631528,23.4838139077713,6.57204985935439,10.4105023241555,6.23223108978999,10.7505999982497,21.6288293576066,63.9308522156675,6.47127256005891,7.38194524693952
"A16",21.6836251775964,82.5107631344303,12.2447289161893,18.7291342716751,9.13398694677756,26.162230709198,15.5069632165186,13.576904243504,5.09950830023649,8.60151173878896,30.6341780951588,42.4461321182437,7.48776676080714,8.22747046044459
"A17",21.9724734468049,100.131984725728,16.4498581273093,30.1387781320196,8.30022017519267,19.172071787025,15.4603317378027,10.977310540064,4.05117771551495,6.88884938370559,30.652062641794,46.9119584670275,6.76463676343208,6.63796427697967
"A18",21.577541588003,78.3944555799141,37.681777304285,24.5760498415921,11.8512797369873,21.8264089385571,12.017006642931,10.5481606119141,9.48039292240473,10.1951537904059,29.6994282469289,64.1808855386228,7.76625241649054,6.85735249115278
"A19",13.6721910470519,63.9733575832818,17.9265468774021,32.0383180085538,10.4013410764297,20.1162190216466,11.2125167444504,7.79829345387508,2.49936775314382,8.15803506990375,22.7414187832084,21.7974905846818,4.96305557212781,5.72475855353843
"A2",24.8449957757922,69.9033189881152,20.2167315129834,17.2992241694966,11.3932411404867,19.6435551291993,9.19324509865892,12.4651550995727,12.8575790600231,5.09146617092013,24.4697236339274,32.2570216978232,4.5030006244079,15.5509723292056
"A20",20.5881419948209,73.2311547281058,16.7922382987085,24.4219311288601,9.5348303721623,24.0331043422966,8.92058353204561,8.00962830925521,5.17398878897631,12.7703941306019,29.7654001433479,43.3046801416828,5.97093212152464,7.70908103735771
"A21",17.8113875438274,87.6416153286438,23.9678071332676,29.0326494113929,14.3186962025838,29.0266624611412,8.52418122748942,11.2369585728465,4.95065090647769,8.74963620458572,23.6530974649802,27.3276662932497,8.20061002432703,5.94637767395004
"A22",16.879043713223,58.899536981232,18.9501394212936,22.6377915158858,11.1017724143829,21.510335987688,10.7588027541207,12.0419339959208,6.20289144795748,11.4597346929414,27.819358046395,30.6990712409893,7.00520576561556,5.65696014951859
"A23",21.9487849510481,NA,24.6863114348682,17.0790201159043,11.3781903270274,25.8306746565178,6.79773690479522,11.1856693118485,10.3119298398596,10.2079233075869,24.8843322569888,29.3593026566151,4.87867820799536,5.12820189688797
"A3",23.2692774532702,76.2461126626655,37.5226187439025,25.4656145745731,10.2945316155025,19.1584393460262,9.06252568523273,11.43194713921,7.1095602410044,5.81903640703016,23.182760560675,17.7171815311112,9.09061369763897,8.5409250259828
"A4",14.3459805809486,51.0202518117684,18.0981775867232,103.122804149777,5.5496295159214,7.10047342855523,3.82337519872888,11.8345212466221,4.52247057949311,6.78570238838929,16.1926006858601,12.1338516303132,5.29769765336852,7.56132920892526
"A5",23.1091340410838,56.507779171978,21.3521235248825,23.1813355505065,10.6602467071078,26.0696057435816,11.375725482967,12.0282423408721,6.12472200023238,7.74206888543592,24.6561010455561,20.8511635723096,5.3601777263135,7.50391326565046
"A6",11.5756267164191,46.4935384992999,23.2160484526665,58.282670690508,4.10600087370593,10.941790825616,5.3951438278445,10.8941955576475,3.35446481371799,6.60972035235885,15.9396275278837,20.5690634565773,5.16439574226063,6.37414574277921
"A7",25.4785058155394,75.5388266689369,31.7965809868117,23.1881292772873,10.9904020186066,21.0893406601793,12.9109099443737,12.5693223871293,6.20385749201339,8.09491492317115,23.2197908722281,16.5959853063045,7.44299539162957,5.86671802492677
"A8",23.5854694862086,74.5131662681022,21.4680837385795,21.3215959564506,8.6297184923339,21.5215373115561,8.32717517905162,12.1902381441453,5.50395736280272,4.60999487346421,26.6873780213578,30.2629626513496,7.97269251487128,6.73810019883563
"A9",25.1786596917325,74.1909329200598,31.4107656291731,25.0004077276528,11.4635388919576,25.8163759081988,8.37584079642143,9.29734046982576,5.19416900147626,7.43887079363299,27.9788335142011,275.497129574729,6.30721462518384,7.128084180931
"B10",28.6484683182337,82.5890224231374,39.328556362721,16.2493449691089,14.2765652612881,19.2013032510488,9.09573969711192,13.1163013378272,6.61909653639329,8.67207475208058,25.6279957899087,27.2049545505051,5.71714559605034,8.26526976479333
"B11",19.3751555047836,100.224623812858,26.3776556136675,27.2833181621068,9.52626803290964,248.617820795597,13.7196605457517,9.38064033690036,4.77308424512054,12.101202792841,31.2045987206933,37.5577506132363,7.73824657774553,8.95983066837957
"B13",14.3285843502358,99.8491422110229,16.4867634433022,36.9090410261604,8.27490191906511,21.1392651685616,8.19794728773358,6.25132599857815,4.66206310704587,7.10519355023506,19.6742442764206,24.2333181269419,4.02024305046663,3.19542497218506
"B14",20.6378604578884,55.8808747193315,16.165586113402,25.3313704780205,10.3941749212369,22.300827739152,12.7289036490336,10.7530943616376,5.2581905462437,8.32392837856218,32.4452453822806,45.4400742639609,5.96066842955977,4.86892957425118
"B15",21.2847395543354,81.6088702391265,16.4206637874196,24.2803090024006,7.57859928266062,22.8992546698259,8.18718162957429,10.8167117524612,4.71439128070448,7.45626452878943,31.9570854116917,30.5238304640633,6.49010061721777,7.84104710163343
"B16",20.6670203105559,75.6788091480037,25.1023698314231,21.4736575311277,11.666441928953,16.0775529147447,10.6264314901536,12.3883053908658,5.20226582752172,7.61376763446985,42.6755805464917,35.2484106040221,8.23501132977242,5.31957637496041
"B17",21.2650657143119,63.6307447875056,21.7197032702843,19.3922724890896,13.5962555006189,20.7741554544113,5.73881415343755,12.8915348353223,4.11596214075648,8.87878051073989,29.4363477911233,39.8689192095275,5.80905364001729,5.76226054668021
"B18",18.1828923014999,58.6870858982407,103.308568737831,18.7888931126323,11.1176555436999,24.5452091945892,13.9789166501047,10.724193595019,5.54918958131975,9.91678992979022,30.4957438185364,37.635871496703,7.88953667569883,8.38513965531316
"B19",14.6528564883018,62.9540339194729,17.5160056584185,21.1374849168658,6.11844179199413,19.1488188375933,10.7473183445302,10.3254034449565,2.84449151534953,6.54102391651863,23.84577708898,29.5724764379546,5.68198948866028,6.45787386476339
"B2",20.435005860564,77.5038735520942,20.7229353966054,21.5591194119528,10.7283108714667,16.7215886475482,10.0626018541978,13.6215045474117,7.05254439130413,6.58538361178272,25.4114974152898,20.2715785713736,6.55497569266455,6.70251027165725
"B20",18.7792084532095,81.982126459886,24.4477294661212,32.0138142002781,9.0414606673966,14.9166360204572,12.5643806235279,11.2418211447138,4.70752888128163,10.4127261058088,31.01834569364,34.8368555692053,6.00316572066927,8.08775685545435
"B21",16.4561616300021,64.4822554864609,32.9769932335881,35.0383404588133,12.2090378140185,24.7906497024415,6.42880248002557,10.9058220586416,4.50333986511559,9.87804414901578,37.0295956546655,39.697131411818,4.97285536723291,6.62151122252646
"B3",24.010694627421,62.7353135082998,34.995105161379,31.0898099028771,11.4364893759551,23.4908986006908,8.45532379932655,11.565181666907,5.1625345357594,8.36332868222666,28.2097709487109,23.0193353420336,7.59436078945797,7.61110182625997
"B4",12.0246580888599,54.0188742982157,20.4757431813075,94.2965380159322,7.56000477637275,7.4295886882327,3.03176709518984,10.313581712581,3.89801510456584,6.36640945855555,16.6539357752616,19.6979220253039,4.34875619921529,7.9844348343241
"B5",23.1318562043473,59.1247718128915,19.1294915786472,22.4791015951886,9.79374468611105,20.1973891263732,9.5340140262989,11.7214069390461,4.35080282577285,7.70271219533416,20.6234826244988,19.7982636967458,5.5137888438242,7.25134313558949
"B6",14.7481336202822,46.0167259844453,15.0762990028724,74.2244333746329,4.08946079296868,10.1886171187561,4.93177664075113,10.4835702105847,1.99648813744907,8.7992588919297,15.043739987798,16.5780098288827,3.16768277653064,6.36497471812625
"B7",20.7364220009608,53.5323146233544,27.9809628810796,28.2677604983672,12.6542743406875,17.9829356787688,8.16133822363434,11.4803198963425,4.18230847034502,10.9391962079991,20.0323593252226,20.6924442893903,6.45972838207452,7.64381148865837
"B8",23.901814844147,73.9282624762892,19.9846358388192,21.1254316843456,8.07593298818106,18.4348293147361,7.48156488159768,12.0651898518466,4.07771701401446,12.8004020134388,26.9389245617475,28.4820914277236,6.29651643212495,6.9124346205077
"B9",21.0917974315713,72.440151993251,26.4931560433642,16.7381682511802,9.02659798175255,15.3379654959706,7.88123848190695,9.9163296183688,4.17291034269335,10.2252090327275,17.4442789673513,16.8656003308952,4.8273158905823,6.89346364366691
"C10",23.6427353984329,97.8344560607684,10.547022517586,28.0137590287257,10.7325262905433,30.7095426541118,8.81954733972346,12.7761024591633,6.12794132303421,9.95258826617598,44.1767215822036,32.2564699788825,5.48989273229339,7.34435211828337
"C11",11.501311352467,50.7526223452866,11.6539308769172,20.8913299989468,4.60503278958588,10.2406570858225,7.23674068636393,11.954126906473,4.39743862646792,8.24487642060459,24.7857526438179,21.5658953063516,4.31274294959715,5.82252444040373
"C13",10.0792867503619,88.2702125910624,19.64916084688,25.7006699297818,4.91663680945114,12.2096519623883,7.77612665292871,9.30818373902677,3.98770729834953,8.17759986428153,12.4741783986337,18.9399568468607,3.14464181573822,3.25255502696837
"C14",23.3858613719902,128.817787905288,23.9739821144323,22.7206010457422,9.58136267210626,16.9158218242327,7.91942269797383,11.2732495948041,4.11728721387595,10.8632744332906,31.1726235969073,41.7298490501366,6.13309172834261,7.05451262018303
"C15",19.1714020478505,77.4755568257533,29.8616084590579,26.0907165190283,12.8848360172737,23.2314372048564,11.4188169141265,10.6352292202206,5.46030487862019,10.9678851863837,27.6202087623709,35.6179821889971,7.2767306694634,6.63647697868082
"C16",21.9341399706576,91.0544675828987,23.8979631007448,27.2049106578297,7.51695645847849,24.4756578460145,7.89140587030347,11.4527619953594,5.95915407936919,12.1632244983609,29.5938358995472,33.2077944203422,4.70773828832244,7.48867232338407
"C17",21.0838661422813,58.5756188838554,18.7399215406838,24.3820521126244,9.70624725372184,23.686174540141,9.24413560589888,13.563621203339,7.0542739777249,9.95392321144461,36.9381484552988,28.692336890551,5.19421260326224,5.20846025946155
"C18",20.2085180793737,67.8678796673758,23.0600468150302,22.2606616061381,8.04450583473845,19.1159992265678,9.05783128202904,11.7359280550213,3.55800571696066,11.720993498761,23.5795473576269,38.354770000648,7.17279117368091,7.3919970865945
"C19",19.2401815712645,53.1530816213644,16.948131237193,17.2626197162183,9.75270516551047,12.8820964139615,7.06582400173451,11.2073528725547,3.53852710159414,11.6525244997775,33.2765818178313,33.6314578459645,5.40233744443307,8.11988632945124
"C2",10.1498263669178,44.0767626483566,13.1062815609788,38.7566779738929,5.90866396647222,12.9232234053842,7.28164336853508,9.82296533674765,10.2713246022171,2.82103913789002,24.5915582234337,23.4129245679519,3.32653838688769,6.52632568346969
"C20",18.8514507839507,66.1192365295191,18.1168345005226,25.428676245977,10.9620803690964,21.7323290522459,10.1664210020973,11.6661033870969,5.69219576779796,12.9512911849682,37.1402113669573,30.2517029562552,8.02693505572674,6.82511096658857
"C21",18.9537379671291,84.5000779062694,14.0931907077384,65.6995716438843,14.8438120158598,15.4981760295616,6.11643612399294,11.3470626759542,4.40102611841302,9.55034730844033,36.6956393325304,39.5617937430395,4.19520048547953,8.28470719899136
"C22",17.3512102372641,81.6303783604385,22.3225085063632,25.960024339696,8.33778511631117,23.4353361151114,8.31489949906476,13.7732356835792,5.79283115137244,10.6106136484177,1568.20875320845,27.0684609476995,6.59565842852624,6.44446358191186
"C23",22.2426397523741,2.91133232288084,17.587072984108,25.4319555995513,8.78940546309322,22.8760057143908,5.07603800241602,11.6073084878233,NA,6.03297578566456,36.5546445067942,36.2420699367121,6.68790674945593,4.73056664468932
"C3",21.2775541340907,63.6755241034281,8.32230819284309,23.4125007058528,10.7968816323433,16.7766679746607,9.41513983244128,11.532123893464,4.68029796928055,7.19949939558915,33.2998837299375,45.1259019502413,6.81700724339633,6.82208095243504
"C4",12.0703532179967,47.3918082106247,9.11928582336549,139.838065692204,2.78556445661541,10.2049771853048,8.29213867523318,11.0216229691809,2.72272898835807,5.03331865017644,24.0289284891373,30.0539913398941,4.49263150772993,8.00232753138285
"C5",15.7046686884096,28.3486538232191,20.0046357918916,119.689112253781,22.0902254854461,9.56214362968331,3.95070736586842,9.91600624613296,2.27072352132578,5.38598390062692,23.0817006183653,19.1338833597447,4.80479850514575,7.66136976255137
"C6",23.1612419271868,61.1859453609812,25.7673458440335,22.0348480956807,16.5944094623666,14.6277582820611,11.5677601214701,11.0301668627901,5.16430649698707,13.3744796216707,34.8267023308612,36.9163586980778,5.49037997250905,7.33993447713926
"C7",22.471655149401,79.7170053283988,15.7078860741727,23.267951464435,9.80832771336019,19.536086582289,4.99583317494344,11.096233886451,5.1634632017718,9.59567517196309,39.1593002683146,27.3627794796143,5.21665168027669,8.77855002020378
"C8",19.0574230935052,69.0260124735978,33.0833356916614,29.9169251827408,8.35493701271909,21.4061451867194,10.1738995183247,10.3193968178468,4.51326515588427,6.75572925666402,31.5003769424128,42.4363385220943,7.46503142477418,7.13404528340399
"C9",19.7417481631507,61.4711823669635,20.5988634649402,29.1960097413866,15.0767566310643,31.2351963393613,4.92297304054845,11.0965822731925,5.06094597134297,10.9049964984532,31.5249946302847,32.8940914497306,8.17906148411416,7.4467203423775
"D10",21.5776728544521,62.2761224373953,18.9919440575122,20.2825556981803,10.9595026326988,22.149460734829,10.2324334796163,11.6692057256893,6.33424418391942,13.6731362793976,34.1349391323638,32.0537953270818,4.63355377386722,23.9663255004086
"D11",15.275010285862,66.2468025463785,28.007504265758,22.6424612001887,6.02957130650828,18.3729848925256,8.50019810950573,10.0017154192891,4.8273999431483,9.46186621493135,27.6169690447028,22.9028463417066,5.00975789379843,7.27806704176997
"D13",13.1380920418038,107.352658765349,12.9921101215868,37.2345652303605,5.46088033033282,12.2044178239369,4.29355107935498,9.81104338748789,5.26054166861473,9.96939395672367,15.4671440257356,17.2486102099953,4.44612274947764,3.23041746506521
"D14",20.9020494364647,110.362344446555,22.853176221671,23.1382979979218,8.8536835959973,15.0372335306362,8.97607999184511,11.0264319634091,5.44130507016505,12.1701251547794,33.5100069940027,35.0645324075433,4.60956779020959,5.2434798057767
"D15",22.0194335564451,61.0677861020405,36.8126143318409,27.0568454750988,9.78282190803704,19.497217065004,8.53368284496288,11.0020081822033,4.64114107931174,10.2143453936485,27.459765918711,43.5749129845489,4.75074533890412,6.17217345784498
"D16",25.1598484728413,68.7766211269427,10.123389719139,30.9872038756305,11.7312251164129,20.3195412007605,7.80607454763293,11.3455228021319,4.99012715482886,11.7364026565346,34.3377270505426,38.3566855620386,6.32660993845847,6.55116512331679
"D17",22.3132886869579,62.8810417801182,26.6658333795547,23.2792680331647,12.9293175759143,24.0206018842407,8.90309483154442,10.3429771693465,5.48523157241104,9.8343918982328,28.4612710675908,38.0465079808708,5.36139091240843,5.87899875733334
"D18",24.0506773880653,73.450803907493,24.7094976352367,21.7291286265484,11.9187931023729,23.9639507846029,12.073218398594,12.5147642986995,4.31367787061263,9.77919497199907,38.082349866495,37.9375887035527,5.60111235944239,7.49043794997791
"D19",21.3733562094073,84.5647031353436,25.0723546212159,22.0627362081591,10.0749823294532,17.6975533658145,6.34969954257887,12.4429541910223,4.57927416076236,9.4593190442664,42.4365356590292,32.8595719387934,5.15263034299288,5.25413855423955
"D2",12.767204698324,35.3946913574116,19.312666548065,34.9949678258523,6.26363324209302,9.93944924617179,11.1771891649584,9.04261258878924,3.09764755496594,5.95203048431944,22.6907528480516,20.6634861757616,3.33295015575404,6.58459164579834
"D20",17.5256724754097,71.4192138292687,27.5880279188537,17.47669726645,9.87963403927564,14.6661180488309,11.2843463731927,11.8530369894983,4.80498659384105,13.3980450081493,35.3781380366632,34.1838062041603,4.83861749407539,6.18791682155824
"D21",17.3231194390204,99.2020729079137,19.803504528667,71.1676144615653,15.6579067609144,17.6704756695638,7.76722942834007,13.1415062850944,3.64037638768547,11.079413375953,34.0965811419223,39.3830387008064,5.34031195763677,7.83669960294088
"D22",23.1040561397668,69.9837358186414,27.9867243132963,25.1873699735979,9.35826692808162,19.8530481388043,6.57513113132922,11.2846373969178,4.53487179865583,10.1592889119191,32.9813493279931,35.1599097537903,6.75302415903936,6.16274642480234
"D23",20.2621816821355,48.823063520802,19.4088658054426,19.1834554620172,8.87228548593177,21.591868459535,NA,11.8911607358088,4.87605086661456,9.35251058075546,31.1939109576117,39.3003405869825,6.54020788749925,5.38087148695208
"D3",24.9261754944462,55.1395749253232,28.0960439654696,27.555473269812,12.392363737792,25.5171697759622,6.75252747287079,11.6676888804156,5.08260918416144,10.5391247134534,32.2624624951587,40.3584797101843,9.55319005295561,7.6337652716312
"D4",11.8251275018472,39.3932447680953,15.9701369167743,114.796681920416,6.84067833110846,9.3767495558569,7.12311283467571,10.355863518457,3.13285132010965,7.9854614905252,24.8801560605261,25.6365400549611,5.24281026092065,9.25788928600965
"D5",10.7678484276675,31.6809237109934,16.2003975642994,128.891344587771,7.23255800621643,5.97982231886454,3.62345662788621,8.25301178961845,2.91760575238648,8.63471216009858,23.209138745095,26.7096155270242,5.60032658867353,8.79704447995627
"D6",20.7213305698043,91.3087371064065,22.6808567898482,31.7643295050719,12.9900391348522,26.0670475366156,9.73833745410278,11.5763016961849,7.18232419274122,11.9387587021625,37.7901532860632,38.8516638423707,8.00815340373576,8.60957600041297
"D7",21.3149675800071,81.3145165262207,25.4332463896971,27.1770132830801,11.5600483965413,20.7253735792882,6.96713399204518,10.6877580985794,6.35119121404769,10.901025343649,27.3136526727181,28.030895500968,6.93063135055254,7.61589967639014
"D8",18.2736686612131,72.8310542789195,20.4466659664473,27.2789988874544,11.6747382775563,18.1348227079416,9.45039061682902,12.154786648477,3.03052622228607,12.5914272838932,32.4049019646238,30.4293393744543,4.26317460872933,6.60464752659238
"D9",20.9107791212783,50.0297570657313,30.2879208726953,26.0123306047896,12.1640883383953,22.8936600495352,12.5756428373264,11.8084251206098,5.91189831086116,13.4615944631587,28.9026686869749,32.868105793848,4.36973553866021,6.8713282696122
"E10",10.9439593319231,30.3838519066771,8.74119074154806,91.0850017563082,4.53017666202429,11.2759792827421,3.30834818367588,9.13248349043373,4.64156594349585,9.47329574939836,26.2955897971587,31.8879054301639,4.37151022277605,6.36405651830255
"E11",18.811559733765,113.650262698327,25.3834725222905,22.4712177579628,10.8001439019952,24.07217486978,7.20673735692115,10.7074380388738,2.65134330345889,11.8098328968985,36.8998505302094,36.152457529156,9.67697171011245,100.424822667578
"E13",20.1344965802926,124.036633571514,15.6727457658468,25.4508196380127,7.96524400621479,25.8705475813305,13.2144387188108,10.1737953458863,3.94842660937728,12.6058384715527,22.1027137282964,18.0728355174698,5.29349316012575,3.56434225835374
"E14",23.9141911758063,92.415774585472,28.4897815809061,26.7110757529843,9.83460786236963,28.3527230411694,14.3275724622367,10.7414676877423,2.7624706396511,10.5366275106656,35.3432016313977,34.8598452704531,5.37878756744189,7.47902538667743
"E15",20.8449432673044,77.1968355151539,16.8233525641035,30.7567790060515,12.2837832572199,8.14593221982286,6.0223254863831,10.5928846636801,5.1611610899132,10.8388537377269,38.3490154475657,33.3698302662131,9.76893863371531,9.48906693534605
"E16",19.9972299300076,69.8403379314845,30.6389155834611,23.8782012980591,12.5318592347543,19.973591511827,5.60447470014417,10.1090474448902,3.49263785049898,10.6383283498409,31.5802018374287,37.0753987912121,5.30103477964813,6.65506998270147
"E17",18.2294938782435,60.3156827285776,37.1438455559572,25.6248845246827,8.61423479128829,22.5207560145503,9.75898329705394,10.4128205787793,3.04574768869613,11.5404818102223,32.3695722510445,37.1699498538796,6.76582832220975,9.12760238768811
"E18",22.5251948503671,56.5137671543903,23.5092463827774,22.2881003806008,8.52765375478377,17.0067311950854,10.4960097983073,10.5281540674969,3.37095054983375,10.2742148463244,36.5781436172483,34.2164269944457,8.080827221419,9.28850482002524
"E19",19.6569348882231,67.992438336899,249.219816980748,20.2497559910174,10.1522509946027,14.6870525916629,8.18191693360641,9.9400170820958,3.26317720629719,7.8104068906669,26.7245339810216,30.9581184920178,5.9150956191597,8.29145637977702
"E2",22.5092193136511,65.0569540792643,17.4096125717644,76.5705777891259,17.3739242251923,9.40006925038377,4.52257130331073,11.7976181228565,3.43265355604855,5.55636291676902,48.8072575484461,52.4641031640205,5.72004568872905,10.5215632840944
"E20",22.5445758865558,91.3253152780145,9.93575999324132,22.9257500761267,8.71120010170511,24.2562239407084,7.14116051467419,11.988722600257,5.13955760538057,12.2487615028401,34.5175834812311,32.2458598015278,5.88241107181891,6.35062900937192
"E21",21.0665183456252,62.4633796026432,22.2361506796412,26.3807131202859,9.81525627701493,22.8259786106857,11.4641193365913,10.7852468800241,6.05637295521052,11.5370994539438,29.882730808021,27.5286589357358,6.57381372919389,7.05432754455856
"E22",21.9100528781508,79.5938243020509,18.6513368376627,98.109868970425,11.9536732389497,28.614460806493,11.9674321968265,10.6149845165895,4.33719974339469,10.3899169927673,28.3472691498563,39.8698852589163,9.43765334242941,6.42462955443051
"E23",20.1939951930459,62.0129617256601,28.6887615119073,22.7022646693237,8.84020201121222,18.8494286826562,5.98372561700906,11.7511469268714,2.96886964970708,8.00122819340225,31.9817778461413,36.176041912551,5.64324906387061,5.8800827626309
"E3",25.4788618849916,31.1136893546445,20.5679719767723,22.1788666998302,11.1073106621898,19.2881715011863,12.7530378107568,10.236212423026,4.59845990341791,8.1166886408946,38.2221284349297,42.3855022015285,8.2571829253475,8.45248448990026
"E4",29.8616245449822,65.4173385427523,18.27704202971,34.41385115991,14.833053233991,32.1759408802001,7.41801374002413,10.754846251544,5.27782961362428,10.2132522482179,42.5665267238552,35.4223803599157,7.78413296373313,8.45413669215464
"E5",17.9260877040325,59.5998317020025,13.999809608464,21.0486209920339,14.9124605499984,24.1616493321617,10.6315229081232,10.2213112040773,4.17295010588283,7.40271943994828,34.3063863653842,45.4103052877238,6.78270964128487,5.81569167750535
"E6",20.0075994115287,55.6191727821441,20.8999162152214,28.9881342646317,12.3461265925466,27.2768222861106,12.1450758038765,12.5797213274825,3.15419378141415,9.63478611143837,29.7671878302612,31.9540172167228,4.308138151622,9.63983986774691
"E7",26.5596888544246,115.971464258513,25.1185287457331,7.84925548275351,12.8533080465587,19.8267455967553,14.6159769766717,12.3757139576818,5.58430182769981,7.6649588653087,32.4922380400424,31.6196624702547,202.914086581058,8.1837018757421
"E8",18.9279345101933,84.1486727332805,13.8078845943677,24.4119239064837,9.9991201232616,23.6007740986141,7.90122123950295,11.197582972469,3.83341621059441,7.83246470098208,39.4354832980791,38.730599003106,5.6994456436871,8.17985633407148
"E9",21.5709804868497,55.7644015338657,30.9943971942862,21.1430125790865,16.4062373559627,20.5402780948264,12.6599706276437,11.086852679177,5.00139245041929,12.6366395258842,36.6591461425218,40.9547072688921,8.08510354664141,6.44283493165098
"F10",11.832977549508,58.0740629517553,14.4079233450177,91.6960867347801,2.86759922908773,9.55216437653272,3.2466621821552,10.4868804915379,4.30858026944713,9.7471256361131,26.0664782229914,29.0759323367634,5.99137464514516,7.81987033991008
"F11",20.7875820405377,98.9174743097694,16.3104173543852,23.1683007704998,11.3728898589438,25.5138504804505,7.543476281428,12.5736071249327,4.60351774536598,11.7519365335755,37.4824961393224,30.7443356080151,5.66276669009608,6.11591973593182
"F13",19.4023691153793,109.844936402477,27.2445283519009,21.3250799659268,9.41672078119305,17.2092567664591,7.86987902382593,11.8384737753317,6.47166329804832,11.5159446704686,26.0634792337436,29.0659068337554,4.49346078745063,6.56449889227287
"F14",16.0024524378493,85.6934394289776,13.5574954601569,25.9867486610414,9.36618528667283,30.0036464780175,6.68348111052662,9.62081678470237,9.81121489246177,10.7588082297289,39.3644178413748,27.4803634087132,8.67854437673737,6.54328382805971
"F15",18.51746413841,61.1033377325235,24.0597230219456,31.5190073840149,11.4851865393922,17.6107468713765,7.41694485913003,12.4109764845851,4.10447791750983,11.762685335624,39.8404919538434,24.2730792989459,7.62463903982027,8.70836115714955
"F16",17.7450755154177,103.835795116441,25.6842266092372,20.1133432806675,12.1445346355913,31.2175310878342,8.94055862476027,12.0266936208586,5.33289197490708,12.3220762398122,29.7157927994635,39.4933425539018,6.65324910357577,6.67402819156736
"F17",19.3159145887717,62.3759773392222,38.1651045916126,27.9018121816701,13.9831698937649,20.8658146131764,10.7150682258735,8.38097244358564,5.82307178160379,12.347188251216,32.1070609433143,43.9126589296499,5.18575915595167,5.86324716006139
"F18",19.9508498425295,88.0532727721875,36.1636928875732,27.5238320405675,10.4212031880326,23.7655997134764,9.9993873113255,11.6497227909662,6.15675367671752,11.4007450351405,34.5337983933192,39.103090971693,6.06081936666247,7.5885319032445
"F19",20.2344170485909,58.238390124085,28.5138173244995,18.2708851569913,9.58967607020426,27.0903850766986,9.21207222454864,9.85761715928951,3.92461121528555,7.57417618298282,29.0378517716479,28.9051525756234,5.26530093739657,8.1769027703962
"F2",21.5300374142885,55.0495700474279,14.1978639118106,103.5056997384,12.1281788690397,15.513055223237,5.07103438676738,10.2837828252723,4.73129316283952,8.46522363255429,46.3054196056293,54.4676229018814,4.67971836286223,8.22565067320675
"F20",21.1764187435643,50.0039875448579,34.0859672046694,21.830478927435,11.1781482130229,20.4601746459604,7.51139527913966,11.0339578999533,4.22599897324597,10.3808738295186,27.4516932517358,45.7756827707581,5.7990081599344,8.38736602524514
"F21",23.501432758148,68.417032324532,22.4241450924836,30.4521191234449,11.2250626553101,20.3229228957377,14.572453963433,12.509303875537,4.53472048014277,11.4475415217157,31.2919949488019,29.688780436365,5.38859984884314,8.1189206284047
"F22",21.0177801900358,66.1747471854186,53.2409632271136,83.9004904622513,8.56836988914991,14.9883461132998,8.42059423855187,10.4506329759323,4.44727550720391,9.92024371090618,26.3071977605866,40.4314025864495,8.24392671988381,7.41742292438387
"F23",20.1359127973516,60.2079934360319,20.2738621419229,21.5522287103206,8.24506840179123,13.0265018048587,9.42042746305761,9.94921026265828,3.59915121168016,9.12994647394723,33.83311075602,37.0442059874879,3.61244816406985,7.96553416128742
"F3",22.399312492602,53.6170119559428,25.9984923506347,30.4666514229281,12.2885393300439,24.1207074225189,8.47094730463751,9.7018110294969,5.82534284936483,12.5543431074238,39.533620230158,37.6199750933861,7.72021475444904,8.93690950220721
"F4",28.9826371094293,48.0776339848207,22.1897267365809,21.782231817419,17.1865873048194,20.1480611336548,7.06611452405785,12.3539006190728,3.28844345514592,9.79993405167074,45.4260572630902,35.4841807586878,10.7013849663993,7.50995028685952
"F5",22.2865660118213,72.3854422904785,16.7547527360721,26.4410185398561,13.4719935023914,21.8169230705872,8.03316533734248,12.742318052198,3.70635415017032,10.1291740877257,35.4893181419473,52.6388178470186,6.0194036534683,6.4124910735746
"F6",20.4561326442287,66.5748694471476,17.2728225184205,23.020685420837,10.9437580784743,27.3618851519106,11.7546288981111,13.4795061071153,4.65859868245402,12.1731284311629,32.0036224615333,33.5958319413619,4.93730914041175,6.3854183751605
"F7",31.0250370243494,87.3479929809293,24.8013940213663,9.00058031624713,12.8839463309854,17.1431489169115,9.14412356144091,11.1393145915645,6.37868677594875,12.461954115309,35.0260556231222,31.0368022836599,22.89864886272,7.59481484959618
"F8",23.0941408878547,77.3401932844138,18.8721775940425,21.4146151272503,14.2819603590244,18.5343757366723,11.8992320699025,12.3629075273204,4.2082346896015,12.0647840246088,33.7716203065487,40.6476319198769,6.0955748351699,6.7852969273143
"F9",23.8548335313881,48.3242122155372,26.2854997067043,21.7885519101393,11.1951441746186,29.462828445743,11.1365646881445,11.833891274063,5.04655212557877,11.25925949713,31.0075222735627,45.3008457498016,5.96374254489421,7.76173586183442
"G10",19.7632389914429,60.2654331746247,105.732689690911,24.9072730200031,10.7166307749736,32.7825459052452,6.89342037235277,10.965352398768,3.32397794296174,11.1842502470719,33.7982748758034,31.9141943428443,4.90907638973311,7.2150309872902
"G11",19.354523295167,72.3077145542814,15.569026120952,26.6182963560749,13.1221444564449,18.1848680678663,9.32007110816424,11.5859299012362,2.20309923293207,11.8560482283769,35.5721148303714,38.9601942106649,6.10447416211732,6.51475313800276
"G13",21.2396925265051,98.3191591679493,15.2638014780794,22.2340017033436,10.677138322587,27.3242208280697,7.70036800866165,11.2086592396421,3.82902372371784,15.0386852400251,23.996399630938,23.8350226689107,4.77998392309114,3.9683557383736
"G14",19.2526522490975,52.5841530131081,22.2284428639761,19.2665798852526,13.0756457932639,24.3860666416168,7.64502918386999,10.1834529315239,3.20686331303601,12.0414470364493,39.3403502998247,49.5261769812588,7.18454567883051,8.41139368619667
"G15",21.4517017863326,76.5540748893736,16.9318491546347,93.4325483152285,12.1538476142998,15.9676829120117,5.98911270495097,10.6220554997228,3.37531691169164,10.5368200916248,46.6215538353233,70.3050953568442,3.66843731591975,8.04096320468754
"G16",22.6408426835419,84.7767175541634,22.8539935763929,15.8537849751506,11.8964847616388,30.9916844336645,13.2284782043959,9.83074239511342,3.45807679887862,13.5343912471328,36.6928980212104,35.1561712580983,5.09932363454036,8.17002056276843
"G17",20.5506767185116,68.0541140253788,33.4451810092483,26.163837359443,10.9128522116386,22.912390288312,10.2883820673047,10.8628173191813,5.84815471113654,15.5956481799314,28.1621273469611,37.7776415402056,5.78651785358347,6.88622120257448
"G18",18.5151803850657,73.4108833160756,21.2347102809811,29.5639561656261,13.7247867280737,18.8878956513221,11.1581589138651,12.340380902295,4.39995517059553,15.469811382389,35.6940305955822,44.6274669803325,8.50487401387809,10.8880975182867
"G19",21.4403388377511,92.7128611574836,15.1003138696975,111.445042387387,14.6963921085341,16.4016917327571,5.76807413729693,11.2117023239232,3.48275148785178,10.0935524921352,41.6174544934633,63.2612649668464,7.04603677698726,9.10722928791986
"G2",24.7999908348372,48.5544353018336,30.2801338872677,25.8163670304371,14.2846458956994,19.8719850867514,8.54222994351896,11.3720971848559,4.85430389796607,5.66843393369404,37.7374386800746,41.5970315392719,6.90585022110635,9.37126710193872
"G20",20.9719983294763,72.9345822455119,24.4401249584904,26.8230219575376,11.0852811854244,26.5462437868891,7.59154840525907,9.51091179699345,3.1430013084856,11.4097300203124,33.8340523284585,40.77077223447,6.28838310439692,9.61341280396312
"G21",20.4301996598755,60.3143039954739,16.7296825179456,21.0989813844176,12.9460491996327,24.3564636886365,10.9291303722247,11.0947420180745,3.16960099352792,10.7382323603502,24.8021151025484,33.1785678066348,6.32367456665403,7.29760206062748
"G22",21.4558303029651,74.3336830347462,31.5136223532386,23.1237774433492,11.8079562898638,20.218284533075,6.55089262909607,12.0392858198048,3.51428701830183,13.8387699316811,38.7808135834588,43.9229053785452,9.94704622371818,7.09520639359666
"G23",21.7383352422302,84.8240899097053,16.1039274321496,29.6091338652757,13.2597029829606,23.0256456770381,6.36850074549529,9.9540517924267,4.43513513992758,11.8656325279551,32.3958420916413,34.6264364571417,7.3695718251829,7.027286555287
"G3",18.7329519822716,56.6754803381849,16.3685967549569,31.9324453637757,11.4799137155039,20.3862665147193,7.2152059222514,10.9322144762957,4.49632977615168,7.42158268416661,30.397865920548,34.1782285057969,7.14669739350278,6.82527887909655
"G4",16.2402118597773,55.0854615804279,16.9188024461984,31.3594994921608,19.3429061223786,30.9703326699327,7.05412360156724,12.4506943825742,2.89052566015004,6.0736592064131,33.6725345603697,40.7930448506843,7.92615072420794,7.44342895088821
"G5",23.216610017624,49.4892810578392,16.0721560097202,18.9413870458247,13.3746415002789,25.6969237726146,9.13750948459096,13.277172899592,4.96148180757503,9.00578276045435,39.3750805055869,38.5226377221598,8.65866620049196,7.92962223506128
"G6",22.1323777983182,79.9948705289628,15.6164106257241,30.9453892205325,14.5681303886215,19.2961934111733,18.1529555365352,12.0432650865415,5.03901408986864,8.95790878335643,33.8698707750723,45.7518395477019,6.27799434859994,6.44304126858549
"G7",20.5301380243696,58.3736055198134,16.8216522156659,25.7919217176415,13.5173579005522,21.7210600075528,8.45879159952788,11.78025690196,6.25092404203289,8.11533545946921,30.3363266922707,31.9562773631482,6.2015512474571,6.71951288037393
"G8",21.1771596237093,77.916565112866,12.4434154574265,25.3213742798222,13.0671680668611,16.2325774546879,9.11386778208734,10.9713698597335,5.24368927355158,5.40264178504254,35.076890707812,46.1062537967252,5.94239001549858,8.41447416718072
"G9",17.9787090475179,63.3175764606725,13.7918584245067,13.6721891199206,16.9740576370265,22.1926243150392,13.7501472937781,21.887804688864,3.73631891801748,16.4217438023355,65.7286632345318,48.4420059426632,10.1104481803749,8.83402615172317
"H10",24.12823602926,73.0091484556566,13.5411579925428,27.5942222123703,10.562987974362,27.9530824834575,7.23253694422291,10.9373387248687,4.12546918744489,12.9439659385592,31.1264201514676,34.1779483731432,7.80387873139685,7.4893765020034
"H11",20.4211865978122,66.6295021405034,17.4213325780807,18.7952346220544,10.4829699749495,16.4728812025859,7.42156442738674,11.0276051242298,4.80988470349954,10.429928375808,41.5591672062948,40.2803865489969,5.7265994440609,7.47884741501094
"H13",22.5475485863044,59.021056432047,15.3690978288872,27.9230793631543,13.3310313393837,23.8490556818597,9.01457797588684,10.7580414428416,7.13892518517924,13.8961602887088,21.8886968271328,14.239446818402,4.39748717333665,3.4520315550692
"H14",24.062378854233,60.0447716122866,18.336444878945,23.4948801576824,13.9051402333123,20.2762006950482,12.4488625417682,11.0400991295067,4.37052156988687,11.9207705462433,43.2424522595523,36.5918900941623,9.17023498488087,7.03399380258769
"H15",20.8475831030075,84.5155017770195,17.6056290218097,87.4268641287118,13.8851573460011,25.0280017936835,4.00752971560722,11.8387850663751,2.91067354437651,10.1999632523032,41.682830580588,63.4772522464909,4.79425407449528,8.13382457259492
"H16",22.3096120145471,71.1712887251269,23.1564770424596,22.4100323379889,13.0266907436204,25.6032384565718,8.53399345427469,10.0475191052776,4.21617604899718,10.6916201314127,46.5770794223182,35.9857970644129,5.71755137359441,6.93179920286892
"H17",19.9447509347199,62.5597360448534,34.8988075457714,21.0927414818442,12.620600854104,21.7457281608749,9.53676159388494,10.6845819713858,4.31479211503346,12.8206149980728,29.2606097486059,37.219026246904,8.10202725882618,7.23511673611412
"H18",20.3512914275622,73.1132051269598,20.6178072680915,23.3440366356395,10.9306395197888,19.1925031709978,11.2699369105319,12.1001375629716,3.80744314043491,10.8180556966419,37.7644407410199,49.6457662356998,7.86960307461907,6.60642669612978
"H19",22.2937627099018,75.5890954472583,9.82792708175648,119.073728809152,11.0086950500126,17.902597356692,12.3339385024871,12.289983684821,4.27166227593647,9.86432388326781,38.8073852437676,54.2435860400749,4.37943597646529,8.02044052580429
"H2",21.7593983488215,49.0441611740326,24.6047286181481,24.3384068345638,10.6745064478708,23.7250156846082,10.6505613518037,10.5169109299239,6.2163660695377,10.5322512421958,43.029426273639,30.8653263883178,6.64057087186663,8.93245758127224
"H20",22.4198541913167,68.5903099377819,24.9146009182906,23.2725668083002,12.026416303365,23.1458394037042,7.54172752802016,11.4189487303966,5.15622050742397,10.9036023885967,39.299450672648,41.2060265395593,6.87932255407759,7.27856903346116
"H21",20.1674340115691,55.1640709471106,22.5516839391496,21.2925682942028,9.47259853242239,23.4560629051886,9.37212088889634,12.6241926953848,3.50195817298017,12.2278215899231,31.2486415111148,37.2415101870817,8.67331528247211,8.76846551832522
"H22",20.7380588539454,71.0486866980468,42.2634053899193,20.7386809347283,13.5082583289218,22.2179490619141,5.18688880622435,11.068421360415,5.46987537785571,13.8339367926652,36.1074885681658,44.1069097786994,8.55252909987974,5.64074355181823
"H23",21.8863429965206,58.0880204023826,19.9121492190153,19.5531737130557,12.0542564239699,15.1377916124224,8.87053260755158,9.38160906398116,5.28941761247424,9.55486471343382,35.6091831965559,35.489313099648,7.02347140614669,11.3025579214263
"H3",19.726798711399,56.5335982711477,17.5570700429472,38.2355158670088,10.3298044818164,17.2491297082239,11.1608090768919,11.3373903350198,4.1450776082011,5.36520907720918,30.2948142553794,29.2888936414816,7.31364058585406,8.24811370603759
"H4",20.2297847382876,56.1550354529665,21.7658921090182,30.9947178554302,15.4953010164514,45.9691623582899,4.5352164686354,11.025720805111,4.3862279373946,12.268068237153,29.8947484334422,28.7747973051786,6.11675465379865,7.91245232385564
"H5",22.0796709263021,73.7972154870691,26.1644240292959,24.5302817351997,14.7902114046996,30.2648356468623,9.69880295379298,11.7152127372209,5.04445860132442,10.1988236037015,32.6903538258997,40.6630828565916,6.02984949388033,6.68119312686666
"H6",22.9528194593521,55.3488546815967,17.7947273944687,33.4801754885471,13.211056294762,18.8966992043679,11.4228249280004,11.5010162768865,4.29659745237751,12.3934513155769,27.2931867619781,32.4216910431997,6.949639305736,8.0739694472038
"H7",18.2350483298987,65.964313043632,30.5547147500734,25.0679385945218,14.8203048643241,27.6558273033505,8.20888042868321,12.4378502325135,4.74895469092247,12.6529157404836,28.9097158473667,39.2734367635125,7.13476426963394,7.78376404838508
"H8",16.136247198915,56.6491077788228,21.8806957184159,20.9623868790511,14.5754488782483,16.9395514621676,7.08579966090021,10.1618021087759,3.26418129572946,11.7388081922329,31.6076021430154,41.8705573356349,4.88986380074693,9.06848732715143
"H9",18.3180054407512,59.3164837674956,23.193850444481,13.9381412974108,16.7611677962888,17.2947510078636,14.1468258925535,18.5364484262318,4.52776931131921,12.9743997951738,58.6303372890221,44.456075790424,7.42477788533999,6.86018043590288
"I10",19.8316551391273,56.27405291172,11.0528068527648,26.8315754469491,11.0833065590518,26.6667210346061,7.24187269509161,10.6531917522768,3.69687383460607,8.42769810202973,24.8634235693502,39.3993463220577,5.48451786268735,7.10022217304638
"I11",18.3597687204168,79.5674735257592,18.5616692931538,24.2721907680397,13.7502889218912,23.671034999769,7.59938699921156,9.34507613174135,3.13174460572496,10.225916268033,26.0817213054759,31.7959981342691,8.64132901147423,8.41226416510433
"I13",18.5240571061251,47.268766127386,10.8783414021497,24.3064697418354,9.61539759703737,25.4837115985984,7.82650562465828,10.7838247384293,4.10104229507413,11.4188722290318,29.5056552187929,17.2803051697188,6.96751236021918,3.37501328703845
"I14",18.7242615989892,56.4365723574062,16.1118985935375,23.0248187057615,9.31067623039632,21.8939729636431,7.98649628198686,10.6784274528343,6.12943517686389,11.9669006903669,35.4035360054866,34.1296813063294,25.2969837717352,7.0145287144405
"I15",19.916770477734,67.6086626103,22.4997831615063,18.7852106615571,13.3614822272078,21.5813957877168,5.89078667424155,8.8043518764231,3.94665852341921,12.125926295755,36.1110254544371,32.5415922922161,6.48127077766394,7.81698570014081
"I16",18.5228264317616,59.5472622698433,27.4124511376861,23.330742225209,10.7871006227153,21.968763315037,8.28611258197115,11.0352940808501,2.80623551700155,11.9146722364322,41.4581316501307,37.7425077070439,5.552470103389,10.4040684686138
"I17",20.9465169372089,62.1323900288602,31.0431179216539,22.5263406560043,12.6838464196467,22.906359590307,10.2187557689533,10.0750648174188,4.57338723828499,10.4543110583037,36.3644621348049,38.7162089764236,4.83045010022269,6.65323364662149
"I18",12.4165423139395,51.0157137078315,3.77950775864193,53.1085317472637,13.7190183257962,7.52751336440079,4.24568303233196,11.8746884410865,4.06302752586762,7.92030000164079,23.1232175287803,32.9952716904995,6.38670308515653,8.76719039820224
"I19",11.1975681019059,34.368990759263,16.1565681168555,146.248084807054,3.96824280905557,7.69869034805588,2.14899991772384,9.18709119429832,1.02986194290187,8.29480011608143,29.5956403047751,21.3824383664969,5.0470003763722,8.56585730256598
"I2",16.7189817182353,78.2518085658369,8.36356360776716,98.8367421265081,11.1596733749632,47.1554901199538,14.4189275153367,9.22405716555779,3.88379297032051,4.9904153749075,47.5094873115392,50.1779504362371,6.05041768254699,8.49725592885948
"I20",21.1551208809733,59.1864390780139,25.9001257037396,23.5835536909449,9.38922240153417,22.0161002498126,8.32139153487599,10.6225793461702,4.29817400219909,13.8765335782072,NA,30.0911717189638,7.98265765444409,7.62817695798359
"I21",24.0770611800233,73.5073926315334,15.1757234283905,22.8185776564149,9.10694386431444,20.7100422515398,7.30686983534172,11.2938846058555,5.48307316666039,14.9039587760308,31.4225480279295,36.7474841129837,6.58148108866543,7.31657404255752
"I22",20.178058047346,78.6879878453124,18.8684965179798,28.8804612464374,8.84792851698506,20.3960233796492,7.89695508889275,10.7568639029777,4.79320563519798,9.85008759190675,38.6902075946253,41.7243680248268,8.77043585143285,7.01904399870681
"I23",21.0690201686705,42.819004204378,23.5123923457115,22.6240226649554,10.224027183695,33.6164628653948,6.447616652168,11.6699539128779,4.30641869703296,9.13195049112324,41.1428677999822,28.010699097532,7.79810584130556,6.20052014583926
"I3",17.049186285791,85.7101381493093,16.5321352486979,105.563932667625,16.0223347552224,16.0924732811587,10.5959585683988,9.84901424130947,4.0490044197362,6.79833282243989,37.7133567501249,67.7347714122316,4.83819215462995,6.24985107204604
"I4",22.8661937872505,74.8890823295078,10.4513506491647,20.4104006900481,10.1992618753168,19.1532004768416,11.7131340757527,9.95307495226299,4.59844930414405,6.32386316482898,33.0670620173951,31.7598599818918,7.21046858473754,6.55572864075368
"I5",18.945358509619,63.1413409269985,15.9839970027884,35.1121484884911,12.5427231630333,15.2195359205453,6.70804188617084,11.9898656093206,6.05867914418983,7.66138532856594,36.851452606338,40.4046508366562,7.40689314234064,5.38482989374895
"I6",20.4658854871588,70.3918046281873,18.6298075891058,23.5499835068879,13.8976703179922,28.7866654580628,7.63342526100478,10.0663884390297,3.87019680563471,7.82929088371574,30.120331179796,31.5562145060606,5.30105986368064,290.219986460672
"I7",20.1356173850958,61.3727406888339,16.7790917667123,24.1549329174259,13.8527645454986,17.0047938765075,10.2035280655762,10.718856378028,6.70677374003648,9.77838413938427,29.5637290109258,36.2263979104723,8.1509378126319,6.29406657725756
"I8",19.5849335388737,68.5051967764992,19.1555911806092,24.9830850937827,10.3615699465991,27.7839277368952,9.82056348927784,10.9050810526139,4.27885358876446,7.26288219060235,39.9618401093942,32.8584146546137,6.89352829223245,7.68813281408568
"I9",24.5953940040099,59.2607239371037,16.9296567290552,27.5904584942625,13.0245201697038,21.3180124456482,9.90927245684294,9.55320879296752,5.64049165904177,10.342744600426,29.4588904676477,27.3321169793876,9.24080941307523,6.58737718218305
"J10",19.4328382517471,69.8014203406166,23.5542541591759,22.1995460203676,11.8141314995514,22.7971800155173,10.4847086104765,10.3449318127678,4.58907183494101,9.8694306456972,33.4939158626906,30.7300758251788,4.1831681272772,9.61988144219899
"J11",20.1536117916111,98.8437651817045,25.805366827203,23.7772215315282,12.6854228772575,16.4339628293201,12.5417766500297,9.89843912293051,4.25278934252919,12.7454120068284,29.656118623998,34.190148151984,6.99911369692891,8.74628694535975
"J13",20.0287779656606,69.0101114757441,17.8479609816332,21.1271056823983,13.9099599986226,25.2896220314375,8.2111203074344,10.1141507276184,5.24346672053248,12.4638278762122,25.1733647321206,21.5932781919096,7.66707500344254,5.27207245003838
"J14",18.8604280786648,64.9145266210721,24.5584711303926,20.6389064133077,14.387312648895,21.5408271949706,7.33708845522665,9.97771430457843,4.00248874248852,12.7985448543202,35.7967126300188,38.0314047502088,7.98008249787666,6.96975541688856
"J15",18.1974180170462,69.4589237829104,22.3499553619562,32.2209937980556,9.10139671301646,24.2053615102607,5.13501744581421,11.4465943823321,6.12309524736311,12.3723080177188,34.7473836175873,39.7419304826245,5.6786233951033,6.8737197766224
"J16",21.8464556488654,76.8193333586347,29.920692039334,24.4314589713671,11.228917457348,23.9845261927034,9.04496837244879,10.2126395295878,4.25830590429371,11.7243121692017,41.0938334382929,34.2973597221681,6.24956904339119,8.70103320757366
"J17",20.0705867179783,60.376055508509,20.2135000249745,22.4216497802828,10.1880697676356,18.5480434517477,12.4371685151612,8.65061315637968,5.95350773527835,11.9854649522618,32.3022590078518,45.6263682203682,5.70576265350754,6.84929963404495
"J18",12.184752365933,59.8672639384715,5.29350013295566,61.3732214009941,5.84474130943394,9.00503191833382,5.40646412488973,10.6702778575697,3.90988870474055,9.20223766989557,22.0240910185514,41.3516123606154,4.78057638505709,8.08443815301711
"J19",13.1852730772374,37.854040858679,20.8160822660096,145.765208028028,31.9428971228735,11.5822593143144,5.26642282157341,9.51882151190555,2.23749466957904,7.6877990317445,28.5604564508182,25.5368412872242,107.435846820803,11.9189468489207
"J2",17.4301135264195,81.7767491726921,18.6111226769892,83.2805852239912,11.2308881257236,12.5622586929272,4.72425670790423,9.14060384921981,3.569745725874,6.56087503762546,48.1492519079193,47.1084008471487,5.94922441663478,8.22151729099699
"J20",20.6854672444936,58.3448952558769,27.9922269250279,26.3756891879838,10.978480326339,15.6221467111657,6.6028794650963,10.5030680227831,1104.93932013616,9.04587609412659,31.8051322516198,39.3622524024514,4.61094906581764,7.5262890615593
"J21",21.3224830343091,56.2265903827814,16.4475875118544,27.6035078580839,10.5346168209788,20.6624024536322,8.15818453969055,9.06232699587942,3.50319309451352,11.4427437697915,33.6070937013338,29.9551321368191,6.13429167851221,13.6331015281062
"J22",21.7302308253621,65.7420292435839,36.1146193225602,31.3080693192378,11.3885294292097,15.6589525916879,4.95653847924269,10.7790160876001,3.98811918821117,9.01715707679063,37.6060924448089,42.6857900601898,7.91287563553422,5.45368122322095
"J23",23.3594576748309,84.4606818435583,31.7169602135169,25.7119962200899,11.3267225967018,18.5050655687399,12.1362418470694,10.3828421045945,3.63372401713863,9.60665353063182,32.2354857511783,33.9501855278512,4.19187139283792,8.01469703586162
"J3",18.2098391043819,96.401640111344,14.4678461699008,101.45119521191,14.036968575492,21.1456226449313,5.31835516328925,10.562973929283,2.92110867045846,8.67447874539499,37.216723631282,60.1785317098613,6.27673715762796,7.99538742252586
"J4",18.3261267138122,61.5034627993078,10.4592655408668,21.8501604323185,11.4946360762473,18.7216730509927,6.10919795844671,10.573640643255,4.56452881451264,6.58757028428033,38.7533707804023,26.6967960188894,6.75551286726802,7.85802890487804
"J5",22.7615730590271,56.2985748920328,17.2899760775498,31.2727929260618,13.3582902959373,20.6093899732488,10.1656210646091,11.0704672811461,3.75462083121909,8.04319996100001,39.1809596297432,43.4667676035834,6.82773930947618,7.61717443251626
"J6",21.1925439919247,72.7730718196851,18.892527927018,28.3448788523828,14.3833000739266,17.7468609673279,13.268986595732,9.96752048510684,5.68383672784113,12.9437235832743,35.9136767664015,43.4735408987008,6.63418514502904,9.17263591124143
"J7",21.6449839594912,45.1571074912012,30.5945919624146,22.9769242536054,13.3189707488104,23.8922708884432,7.79964842634116,10.4283679127656,4.72956025064774,9.53576469271504,28.8800105972155,41.2814303274928,8.04262931994839,8.52242175125772
"J8",21.7907765623048,89.6785417306656,17.9554935501261,26.2866057652704,10.7836527170822,17.1849277316428,7.43507510292344,10.8123720665487,3.76933830942823,12.517162582984,37.1097955035088,37.2236925424238,6.19443432626023,9.35304817487845
"J9",20.4200758519292,76.8074992768426,21.0025840366504,14.1582576249671,12.725598841317,23.6928676073222,10.018218081195,10.7563574813637,4.84208051633409,13.1260588198798,38.8050338818291,28.2918620869333,7.22606920905106,7.80908459764118
"K10",15.7514304915717,98.4625867036297,10.3980374347841,32.4952144022865,13.030952056918,23.9922817600628,11.0094340035044,10.2384874758003,4.58313679694356,10.8296726967329,33.6172610886688,44.8513495569734,6.54013334595145,6.69144827599601
"K11",17.1731268829683,55.528084565304,13.8542061591076,39.5725405201535,13.7883883885831,29.3577904070766,16.5421037038833,10.8273231298364,2.92028387913513,9.4685355107358,26.4738065262876,36.3634093386306,8.6391238607068,9.47004080798984
"K13",22.8079192952919,59.7064319884501,17.435744449519,28.7191559141775,10.1732906191022,15.0334024187021,11.2710934208683,9.79115743881867,3.63612889631008,11.2306909412092,24.202275989452,19.9453534622038,7.14703611589669,6.21400458312869
"K14",21.5967926932447,59.3034546297944,23.1796763365961,29.4680667411015,10.7658558140944,28.45975246084,9.08526000861954,11.2490692986934,0.890392612667451,10.2167987980868,33.653876851355,35.6794201072451,8.33504051790444,8.24837391293123
"K15",21.3910974145426,64.2341576732979,19.6579934634977,33.9572267586395,11.7508389527018,43.1509759401174,10.0402292591357,10.1757946696808,3.39552340451659,8.53460589794194,34.2440265536097,46.6262910268553,11.3714798926257,6.52172033137461
"K16",11.1240976193254,39.1274275863449,16.9812588887269,57.386793525711,3.44786322640651,7.86456190070302,4.4541045763362,9.4266618199884,6.25187601938071,6.77513887571723,31.7053524110455,31.1533991220255,5.64927363081529,6.4423643427763
"K17",10.5351343562001,25.6352727319685,21.5907448083262,118.468306475,3.75814074536428,11.0329070477041,3.3092549547932,8.71689189783494,2.76246211279398,9.23255770677447,26.5014862286653,23.6645477195321,5.56221528487076,6.49285656952208
"K18",19.7669570888639,49.2549044013799,11.9695871153837,21.4090824767937,9.80251265094405,22.0466825162872,6.24254685636885,9.56283194735483,2.14105967218171,11.1747158769444,31.2800999907488,35.2368847314361,6.95342707994427,7.85004000283791
"K19",17.682531420308,63.6331719562712,13.8203758528771,29.6477802626935,8.54478814433663,20.2586677670473,9.37924725790043,8.73128321600431,3.11569852986867,8.54068799705018,27.9112300314495,26.1886932259555,8.12427550785929,9.26475935339132
"K2",23.4776976015591,68.1287124163184,10.2519553654476,13.1790449259624,11.5552402083344,16.8734456839391,11.7205085151887,16.3191404913015,4.55590058845941,7.93724566997702,59.2712170925681,42.5751967804058,NA,7.39021959542962
"K20",23.9341887660786,66.4492433430127,16.4301554033058,19.1236388130855,12.8904174466336,32.0853926023677,7.0793233612044,9.56131982231294,4.07920608477493,10.2351723141667,33.5139165071164,38.0629569340808,7.14073953333264,8.00520208741979
"K21",19.3876681055024,71.4410228364676,11.3150523423591,24.4868287457161,10.7782291452549,28.42505016994,6.0067710642404,9.90661357739195,7.33085401956897,10.1611590263288,30.3828872743419,33.4211293552471,5.68143331362232,7.41724346747037
"K22",22.641183710721,68.7086028447195,31.8146606594437,19.4754643443063,13.424376174004,20.6045937695345,11.6177777283193,9.67069590500546,5.71361335242776,11.5611511563859,36.5703457390166,45.6207729307059,7.84717442166028,7.20570993649828
"K23",19.3776258156676,55.0213627121663,29.9069409947776,25.8491471138676,13.6690770735778,31.9582608090233,5.77553803594751,8.03940094077849,6.19338099572523,9.83965412083325,45.0517450395383,33.0625370897331,7.03391253536818,6.31476827774595
"K3",21.226246754684,57.2345414793973,19.0460633807395,22.9173421480307,11.2851732383065,23.5033739639872,13.4086141992391,11.68860350593,4.55329905995093,6.81281987010613,27.9073515987958,39.4981075022232,6.89895957655959,6.81716772164899
"K4",21.5440092205197,74.2842821301622,25.227658490375,29.7702401197084,15.9461456588006,23.0651261019778,11.2725301562793,10.3658510681002,5.96029414967374,8.17181673505303,33.5736354385149,31.7217677642958,10.2037956604231,7.10418570714437
"K5",23.5591212530804,61.775353253911,13.3990373281306,30.1021795053946,13.3110923459148,24.7561404031262,8.84004444765355,10.8965245993325,3.77523015163823,9.23185437543576,38.9085027025226,41.644480234359,6.61708006247182,9.57212116399405
"K6",22.4110318076878,53.4967512083387,16.1151527749485,25.8825070613021,13.2408322803064,21.3894210323708,14.1166675576875,10.2533408905282,4.07227780217707,5.27006797497466,37.3703040031498,52.1008439401008,9.63518451764206,8.07736378042695
"K7",22.7836547916226,56.8888677594742,15.0217420217062,22.2685162915009,17.2713557732986,18.9909877815662,7.40699625731345,10.3522089495519,3.26725027058792,11.4991957537048,30.9368774928133,28.6061236144249,6.4744283996658,7.50624774136758
"K8",21.7240115954543,64.1560468720024,13.4103763533888,30.4132049044109,13.0408366965892,24.8484456650133,10.1341315059135,9.65423913412153,3.45747435703744,8.94575616415962,33.5325943868751,28.5476651971974,8.29807599178969,6.49248102764281
"K9",17.8493488970136,60.8133200536967,11.0073895041777,19.9232284289175,15.4989581104537,27.3107183114668,4.48691636647143,9.30636421233441,4.71060020267233,11.2851724008773,35.0021981749594,39.2799982531795,6.79621197418169,8.90053187970137
"L10",22.1879249777828,94.7697711587512,23.11019427727,42.3655424159687,13.9828565971333,31.1496222860781,11.5796177972895,11.3145308160652,4.56514834206533,9.24954135669273,30.0812799867882,48.1489957689275,6.24603651354778,6.5337764553266
"L11",19.7255162603969,66.6383283827741,31.3043481497309,28.7906956218603,12.9188630938145,20.3923235159407,11.2823602909533,10.9835641924195,4.41397995355365,10.4367667702538,35.7761634746265,33.0839969156801,8.93140191505462,11.6838876091486
"L13",23.7315308225981,56.6938592300753,22.8347373841579,32.8645758765505,9.53466508623625,19.4069028392883,6.2530223383629,10.091360006936,4.79575286137733,11.1922748851091,22.0954330652184,16.2586638074177,7.618395064663,6.05510670974097
"L14",19.7485845374712,65.5939137475408,29.4995029460797,29.5377608510561,11.0096015127288,26.4356292570228,10.5115082257208,9.99092243316423,5.34466052728301,12.0550370136635,40.9266426178343,38.5990241304803,9.17036366693944,8.53793115512208
"L15",23.9798245835679,58.4895354009337,68.3617902435293,34.1279185839298,13.6655223106093,21.1121479487337,12.2820948844849,9.9852323166103,5.07783800675602,11.4894698160863,35.6832705182253,34.4107960363137,6.61034772266538,7.20953081523743
"L16",12.4669537915048,36.4110014109154,18.7321271196534,94.6334407187105,4.38759062354752,8.79566561332726,16.4773502125112,9.7087269531269,3.74515282997691,7.3344654539674,23.0715138925716,36.7554184717741,4.58905930595124,5.85126409592268
"L17",11.9961148881434,60.6034626668499,16.6393965851279,76.201772840695,26.3525144085267,11.3598029396776,4.96613324105645,8.84663219110512,3.6928382259581,8.9708637982543,20.3144781035698,31.8740871661644,3.50363318963736,7.17677946237427
"L18",21.5232363016245,74.1074036110308,25.2082395969664,24.0251867304351,10.5473042688819,24.8745279038651,6.8582829002084,9.7474026075405,3.6686324241175,8.57786938269888,32.6448796069729,31.1938437482503,6.32868252520195,7.21345503337488
"L19",17.094317925312,60.9604102734659,15.2392263744685,23.6124054246878,6.5113566136182,22.147111803185,6.95086876094597,7.63483375633592,6.15411353334649,8.30684183412485,29.7421700836412,33.5677582104173,6.77914920402593,7.22769208809654
"L2",19.0310309403752,66.4089366181543,20.3753624939382,21.6930707976722,11.8050288148619,29.4008346815983,15.3504493573971,15.8137198547605,4.41225488233361,14.0179420390187,55.7726355419143,46.5913490795255,8.85710037457826,8.6948649398667
"L20",24.6458061013093,82.4381319707275,12.8287719093608,22.6537933050585,13.4861633622924,28.0539484775586,10.2938518329125,10.0288834778658,3.89906679740826,10.0308325562029,30.2196593739912,37.6478155893988,6.89552820327319,8.67353680285039
"L21",19.4676466091438,67.2332387741625,14.2715804293801,27.6556787929924,11.922008587299,24.1408711994891,7.63404164093614,10.9474802989325,4.38586377997937,9.15964108506877,24.3858830470095,45.4512898442622,6.24298257026848,9.50106715554277
"L22",24.2071390538565,61.3553552427587,20.4074181275265,21.5430244914063,16.6874210574544,36.9326985398066,10.790937692697,10.1487162663921,3.77685499717349,9.48654585584761,40.1738352289552,30.7167088903324,8.25893610604504,7.85998436529386
"L23",23.8323429508793,46.9742533029945,33.166273091218,21.5268904565101,11.0479328264981,20.837560378134,11.5523754200643,10.8569642665905,4.33214171125178,9.00624066768427,41.1025585325546,47.1496422245707,4.74715148743037,8.03963540589008
"L3",19.4780412174048,68.9576085999582,19.7637819300979,28.9903965150576,12.4789247298146,23.3404742675461,11.3181279354672,10.2790158307233,4.45899441957781,11.4304866649145,24.3631344461266,45.5451593764842,8.90343348681124,10.4745367010033
"L4",21.1821850104241,49.6985409810422,21.7351141264569,25.588751177557,15.0814276074998,20.430176862074,12.1178957822037,9.10821279116393,5.64794122055032,10.412394060135,32.2857040434922,35.2384417647544,9.24424654723617,7.42460364146134
"L5",26.4031039982972,63.4815166427612,18.7403001909544,27.9370192742623,11.1906108612236,30.6797440661913,9.83512895252244,9.9137208631651,5.90214294778717,10.1804818602251,35.3166927248503,25.6783793762695,5.10129916788876,7.75524436409323
"L6",20.9141953035749,65.0204318799599,13.7910742444817,23.1542675282519,13.3980854337916,25.49985091157,7.64660073735108,10.3739799090149,6.46896265303568,10.7276606557541,33.0011308421199,44.0092681558313,5.31601487457667,6.65704925181397
"L7",21.368785977623,70.3233936216173,18.4278268321198,26.1185964821287,12.727523100753,23.7826843825572,11.8232405796177,10.0701615616979,4.93685665565101,13.3944483913282,35.5673087151117,42.5460715140577,6.89897353285064,6.94552823421428
"L8",19.8078270081719,58.0689660059482,26.1151747099925,30.9052818917268,13.434372000936,21.7865688942241,9.37828020539555,11.5706518392502,5.14060229406302,10.5090801998351,31.5152207274077,29.0916219418967,6.29366966364548,8.39108092457987
"L9",18.960623241842,60.0939281751116,28.8066240323349,17.6921182025357,16.2270605955728,29.9780550041724,6.32450150945864,9.37035340173168,5.41108197816617,10.9947930024564,40.381439460321,27.6126419790337,7.42817664417602,7.73214259667596
"M10",23.1408330745534,77.3714717048489,10.8176110900072,23.8024486678503,11.4543415031136,25.1479856994297,10.4549663909479,8.80747097272057,3.13549499671993,9.31939031015734,30.7073456238468,42.5501862603837,7.39607404333156,6.90973652182881
"M11",20.0019487080016,57.3936551578525,11.3702941491121,24.8669089647166,18.348057234148,35.9112900211759,7.95694776602025,8.83652295978369,5.95118994364315,10.6986539746699,28.54860671637,27.9001050837608,6.14726509123523,6.21208637356191
"M13",12.3738791866616,54.8059397576232,10.9378061449153,70.6195586370859,6.20425552800762,14.0629565386342,5.92699605487271,9.08263203410677,0.405677999684992,10.6552613212115,NA,NA,3.62125555069009,4.56426396883319
"M14",21.0274208019695,54.1439848233424,24.8233081085823,25.772385814709,12.2610950436054,18.8903450416428,8.56960831982932,9.69132433704601,1.50080407137321,12.6019011423728,36.2329730896244,36.736445042028,6.8060914719768,7.81841052590168
"M15",22.1609001697938,62.5180208339675,17.9304105502884,30.8204627077202,16.8164469282892,17.7959075888897,9.82161405238971,NA,1.50650013994323,11.1505951699021,36.532065805112,38.713454776898,5.9027735907833,8.00148545583176
"M16",19.9232531093928,75.7633920302831,10.3486806109956,28.3307072521392,9.66176005748115,34.8426807992925,6.44405277506935,NA,4.29580030210467,10.5549367676469,34.2165676361105,42.1097801207069,4.44078174972378,9.11119203109363
"M17",22.0645886258391,66.80423570466,21.0871937136148,28.1886590854923,10.4662611958902,24.1602584523503,8.79124413899616,NA,5.51913815175697,12.505901378187,33.7798224556961,39.5677010433851,6.58552771296956,7.96908363975025
"M18",22.59192797655,99.3552567825396,22.8595841755953,28.7370609660228,10.4659561449851,22.5277374640942,8.25190078065135,NA,3.68424681426192,9.1166068353737,34.5799695522948,33.6787537611373,9.89646712235077,7.10204677733739
"M19",22.3905974560318,64.5436678261808,22.784095219009,32.452433755873,11.3539231807893,28.1758375496859,10.172489992356,NA,3.30681647771448,8.67447665254358,38.5347545605154,32.6737122928844,7.64469831398957,8.05855602444256
"M2",21.120991244347,104.537614853541,16.8101094771546,18.3832178670057,14.3899456209136,12.9223438166041,10.1539560521779,10.9621119612372,4.87720315937416,5.11675032083202,36.0933849298641,41.2554337539895,6.71854399655973,7.32803825812573
"M20",18.8082132027698,77.2305710364189,21.5775541201911,30.6515619909546,9.87452511091117,22.9372718656394,9.94009654072205,NA,4.12785126304254,13.1173838201106,33.3520037437509,40.3463076190561,7.39047823426604,6.97836052854383
"M21",19.4021182507348,60.9553760900646,26.0727144323752,27.5273907229838,10.0402750450786,28.6189992417572,8.29276562099552,NA,4.44627375638452,8.7522560936922,30.9854844725901,47.2616297754857,8.08591741707344,8.24007915630285
"M22",19.2813077828301,51.9404623287031,14.9633311538488,23.7917108773254,9.80622775716377,26.7295937465433,9.85305247892817,NA,4.21238075449221,9.71336510131445,36.5799949588742,43.7412268648643,6.636333491648,8.73492305640403
"M23",25.4209537120061,82.7246657573905,28.5762223511828,19.8276664044002,10.9981540009558,11.9543997113346,7.11555298599885,NA,4.7209520978822,8.53818717417593,30.9584941761749,30.2178097213538,9.26798739975776,7.12734550393036
"M3",13.1762661382247,70.9542777849201,19.3170107077414,16.6650657508026,10.134342746658,13.3610662994112,14.2084603099027,15.8057132316445,4.94336096097686,3.64084200760927,29.9172367051432,22.1932362796985,10.2522243354083,6.6593110297289
"M4",21.906414233816,67.8810798625643,17.8215031151857,25.5836578760639,11.620149480552,26.2066484423102,14.2030842210014,11.1637032354653,4.06317276405618,7.38276255145931,36.9180945586061,31.7607008434021,9.71159777079092,6.8980593726671
"M5",20.5774290194421,61.5340961363705,13.3238037657622,21.221124894654,14.3640553687813,24.5572846592759,6.50976258004478,10.4766518983031,5.23109002823815,7.64836003310875,35.6471557645098,30.2906026921166,7.35831556394436,8.26175457274279
"M6",17.4159146829569,75.7063127749504,15.657320919239,19.8905539507585,9.46563053578055,17.3830361065454,13.593699015802,13.6149574040309,4.67138622701753,10.0411234307414,45.2563008769819,33.3545324078226,7.55185058845502,5.4996626550209
"M7",14.9752064693669,69.691818852826,13.6842730484362,31.6311507465803,13.8949845973595,19.2312294237683,7.63990743371594,11.12274773659,4.70415837399065,6.48553386347873,50.1208266047933,43.3052723214818,6.65016532927035,6.51744185729088
"M8",20.0871910312156,68.7227165470573,17.8801908172298,26.4658161754539,13.9458639465675,29.6306525739934,13.2145845873524,10.2485223469889,3.59565549410922,7.69598464067228,33.7360628438311,26.5832982425481,10.6404445705295,10.5561648575018
"M9",23.4839636043221,59.5596808727921,8.12444884310738,33.4874116817591,16.3879587285886,22.8796592865282,8.0908959755991,10.4374929530014,3.58554967519313,10.9462372223895,33.3791877334466,31.4089969172378,6.00715275115629,7.90037287635511
"N10",23.8006853989937,62.6322859844634,16.5159001353434,21.5233246008314,13.2103490437697,19.3182268103658,11.8463997344479,9.87516357009716,5.08600807582808,12.0447309110931,32.6871696963525,38.3444727298771,9.78470156049899,9.41359063988091
"N11",20.1216512186797,59.2203717292884,21.8205581896462,22.6710697054921,13.3218936170061,12.7254312272106,6.90736558828589,9.75049280563196,4.69472048068864,11.7461214878488,33.5519678838652,35.0886516218978,8.76259113395653,8.87189320550423
"N13",11.6819667929615,38.5484805384542,16.57209221208,71.3633630695941,4.51418316858406,9.13921737062862,4.02493523541467,8.69476282541383,3.23784324291935,10.0025856827028,NA,NA,5.01902003505915,5.09136053098792
"N14",22.7043329630503,84.2192190077234,21.5456336020919,27.0059839831465,12.7713217160451,21.9576929319355,8.18915879556591,9.08802813735749,5.07007935314107,12.0753140981177,35.8666537695117,43.6939981786781,7.0332644608341,7.93960676157704
"N15",22.6099110545909,62.8363509370608,14.4469159051352,24.6119703922361,10.6479055454857,22.1463865423139,7.55772873965012,NA,4.44008922196659,12.0085920906282,30.4921643971005,34.9637928169846,5.18054288138933,8.78193810900505
"N16",22.2693976007828,62.2691260592345,15.9878096615333,31.0231175101953,9.70746480871333,20.3087024088288,6.59132846172844,NA,4.84329953808931,12.2932383250283,35.3789856129146,37.7761634283725,7.57265337762666,8.70680126153344
"N17",21.9279808985226,72.9679156691419,16.3382868538,25.0266809583523,10.6118274200463,17.1405725468832,7.20717090719952,NA,3.37736797227624,12.4264472912084,30.4301156644011,44.522616862365,8.06053409432821,11.778959876821
"N18",21.7054325538694,64.9000665107102,20.3097173517374,24.157504363377,11.3167122989247,25.8063289817627,13.3933940790298,NA,4.551698590412,11.2924588383661,37.7182350116515,36.6341307650658,5.84711992362161,7.25132489870263
"N19",22.5875148806775,77.0704655024762,30.3348675590744,29.9392003430287,10.6437140577678,22.0081652417051,4.4276005909889,NA,5.77896231125677,10.2688399460878,38.9414161620818,32.0530089258167,7.49282918720912,8.3558702152865
"N2",23.258166544933,135.683310563386,26.7994128536341,24.6880505535445,13.4020028376096,16.355450866175,11.7553130519554,12.0116370429118,4.44460309054912,14.3631227893347,34.3763822460811,31.9427684089026,10.2903977853658,8.85437030515976
"N20",21.8996535678338,62.7083082809275,23.0387965975341,27.4488891985474,10.2800088967624,21.6978061669363,8.83967814628459,NA,3.9417766852082,7.94864805185412,28.3212305536201,36.5641372218364,7.95655940594733,6.53511083100619
"N21",20.4661361132152,53.6276779371699,19.9172440667929,23.2142724893667,14.3894849855717,23.0252627111411,7.83442735566394,NA,4.66155835996142,10.0538481528203,28.1547279969346,30.4547008707966,6.01454079274739,8.58541190526477
"N22",21.633370809726,59.5157270428852,28.2698742810001,25.4197139516954,13.4727862051019,35.3426152486873,6.68042065722088,NA,3.30773567312017,10.4927811728117,33.5763380287862,36.6040462685596,8.36213974759606,10.4660436114108
"N23",24.5129757274667,90.6244759801772,35.4512015288276,25.8121199030394,11.0424681305385,16.5237081131676,7.8437181159644,NA,4.16824992970323,10.1803309267148,33.0196245285618,41.9201955670519,6.17753214985415,8.13856778127805
"N3",13.3058064343842,149.195054529685,16.6443337126099,17.2119629862235,10.1997231084972,29.4626073138342,10.9601517265529,15.4113468521285,4.07017154511428,7.0077648307221,29.1421656854154,18.8506904164898,6.76626294977973,8.62997686207386
"N4",22.0131894312565,70.1378445154355,20.8253382555453,22.1120778420874,12.4029439144348,19.2888134691897,9.92898795017995,8.93614037329477,4.20610454727992,11.2059451818689,34.3911282698076,30.9828691598737,7.1746099325501,10.4751398986972
"N5",20.420785296019,55.7444099606685,19.6372935033377,34.1291266860519,11.6995241184514,22.5159238108078,9.57515363839595,9.58082023353063,6.43168729534046,7.8275614205705,36.5107693632941,30.846698169913,5.69764077060379,6.99942812239029
"N6",15.0898619449969,91.1862036762236,17.4779859965578,24.5742943328191,8.64021685052637,23.2113156535186,7.31732204149032,14.5205138553258,4.45208942140405,14.2432273159765,45.366626085789,43.0170957835907,5.68314069820989,7.36529383250745
"N7",15.2269818631584,91.2446302492756,12.5695264461749,24.7068760353206,12.3073887628737,21.3837613433147,7.24484999405772,11.3339784725781,4.36593458709489,11.1852810576147,40.9713056556573,51.3780724657404,9.51033271041415,5.67352644081125
"N8",24.8750820210602,81.6661099984996,20.2548662952846,29.8394033939806,12.9155606056622,19.9086354854854,7.02832563729919,10.7098316497726,5.45715633695417,10.4224373718026,36.3301013911814,30.251080670336,6.62255183441119,7.98221876630986
"N9",26.5768386126924,76.8790602285358,24.1772111778895,27.1388545835956,14.6902652690402,20.878252466709,9.82180757402521,10.1694895954172,6.85771112841777,11.6507401141521,35.1274016629572,28.4730198310082,10.2117733390246,6.17520871900459
"O10",11.7011946334197,34.904602739237,12.330840653214,105.019413131958,11.3877400233676,8.72659863490365,2.88997533875185,8.51161243543764,1.81401722261182,7.32270958626196,24.1723050237948,17.3240791346058,6.27892594455124,7.8853282066621
"O11",13.1356925279027,26.4872619012731,12.5541260001296,258.957703248929,4.26276446401955,6.65015679935893,3.1502263778615,9.74272446584686,5.48585117338513,9.05431059949543,24.6825740833545,20.5545068012132,6.49171676537922,10.4529306622194
"O13",25.2643274650301,69.6099506182117,29.921542112527,25.9903016436229,11.3691037254412,16.6047631719231,6.99814158365876,NA,5.11475187603854,13.3247607843954,NA,NA,3.99452871383984,NA
"O14",25.083276900622,62.2988113197211,11.665146814303,29.4678516449849,12.2705743410012,17.4086598686826,10.6438038905547,NA,10.7747964771906,13.4426653124208,35.7300374537821,36.5603488739977,6.54024506575598,8.64622699349413
"O15",25.9242612845577,58.1574925401163,12.4763988059338,27.9825171792769,17.4948516084588,19.196069805097,8.3682234086558,NA,2.84279288768553,12.3031027373431,29.8563529732034,34.8262766972015,7.18922160872507,6.94058344080372
"O16",20.7543001905184,77.1473090650252,16.9351047672671,24.0473493529064,13.6391272850811,25.8616378529278,7.70237794802834,NA,5.53015031449908,10.1476487801389,30.4561306199244,35.5772877349957,7.86678679400168,8.11533099302958
"O17",23.868716670579,38.9301106278507,21.0818964253011,30.2573021034093,13.4899509199798,24.2156897986366,19.5036971717293,NA,5.25981731074391,11.9720970009674,31.0489395424624,25.2765202739365,8.90155306072002,8.218750327815
"O18",24.1202907308664,61.0179984023545,34.221865128563,26.5061222057968,11.4137831894747,24.0744058643972,8.00667159287352,NA,2.47497238688385,10.2403328132691,41.368095412977,36.9535713079109,6.63535111401792,8.51254336157568
"O19",26.2627433452622,71.5322351583463,21.9586635307496,32.2229363084522,10.4549501686099,22.029723193945,8.61394894236875,NA,3.65687717216863,9.21612133121458,32.3202141755826,42.5907684707239,8.13798070440146,7.06430331243046
"O2",12.1112160714476,133.266946705962,13.2708435741429,73.0568488598269,5.49038690658052,14.6572863642356,9.15536122753753,9.52738885590762,2.69609171346135,4.48296415798799,23.5634865724752,25.0118278378469,4.30683477547606,5.68185693714771
"O20",22.1123528489803,74.9121319660782,14.9010449072363,26.4215850612738,10.775651957478,25.762775964868,7.64055574339009,NA,5.45013630523708,10.2126004456587,33.3097408943802,29.6784852936245,8.9788564326929,6.18502411339614
"O21",20.8017756495342,49.3050868606649,21.6603775549277,29.0242414137685,10.4638218963118,18.1517102029187,8.8826188365274,NA,5.59097639834807,8.93355840484442,30.144905725611,36.3905465147312,7.68830760742466,8.43830568463538
"O22",22.2504288493358,60.6590313766558,15.5941226268897,27.7914554531327,9.67397114578331,29.6819777785719,9.27064369067509,NA,5.50093668504995,10.8851392533728,37.6716806485321,40.4714540014,12.1944717590262,7.89139300549451
"O23",17.8431444678475,59.6567878613964,27.0937257734612,33.9936101373594,9.39672373861385,38.4695381587056,10.840632082233,NA,3.86368477399045,8.94506495067875,32.449204110497,30.7253868322602,6.98728139952058,7.81330040715941
"O3",20.5797504763789,75.9696722217637,16.6962540975776,27.9449186995229,15.1662331600992,25.5212580783566,7.21646630189774,10.210124088885,3.20700718735418,8.33393292788901,34.9359851116138,44.4165870537414,9.65121432016739,6.57589518439465
"O4",13.756341204148,66.908917825831,13.9144714838527,35.9900797174806,5.40511162138392,16.9447472327945,4.84427048926859,8.0155707011701,2.03729911214865,6.42160525700757,24.5099586724477,19.2599120492828,4.72812775807354,6.88759122433308
"O5",11.8333809451737,43.0033661060393,11.691398113062,63.4899099989093,4.22486289617548,13.4222452295349,2.93780924775705,9.35902128997365,2.79086153081204,5.37258018523452,23.5348271905742,26.363798887354,4.51706874844709,6.15933953321601
"O6",10.7906742302264,38.5145706276956,10.9515390085941,176.002073910127,3.74766236047812,8.12581770788133,3.37580901099446,10.356178888124,2.1926323445651,4.92112384497036,26.0205884983912,26.0643637618331,5.49204129309231,8.02579760496
"O7",21.7803563820683,66.3783475505598,15.8197300182116,21.84559056035,13.7258114493818,27.0168267648617,20.9767940801708,9.36551745308,3.63810903192725,8.85767416367347,34.834633066534,23.6092719150961,9.98807929970466,6.98951840620865
"O8",17.9134389508268,105.797437410088,19.8881085730281,34.6332521059568,14.520271467757,21.0202978613444,8.02037326872489,10.6983201439251,3.14541662759606,9.28617929487881,33.9748015995993,29.8718107415691,8.16351293595567,9.01498070191638
"O9",21.5341593857067,62.2748971044393,488.228601613273,29.3096787430833,12.7241665524369,6.65814406674098,7.24608002955711,9.87891424975624,1.99923963206596,8.12830270614396,26.6271601371223,32.4730090807881,6.56792673849177,10.6996718259874
"P10",10.3679832674629,49.1449997039114,22.1584835739114,95.825208923081,8.17003794308932,17.8100033469945,5.4282211642626,8.28845870134716,3.20948870560476,6.11090442162144,26.6967008698974,20.294753424982,4.87669954911698,10.5353732621718
"P11",12.2612582235993,42.2045724545709,28.9198976934054,107.946184300431,5.13791429752419,10.7106850964007,4.10499484628742,7.98807135546161,3.00781873895179,7.22337232011846,25.1751732672164,19.1437168299514,8.75893952896915,9.99031700007096
"P13",22.0743740103835,91.8419622030939,19.8564541253967,32.4127702614135,32.1979466134706,16.0406048495,10.5176951666061,NA,5.39760165232724,10.0419197577467,NA,NA,6.0167222685891,NA
"P14",21.4104165617825,73.5025729553847,45.0249953624345,26.9438604574282,14.0445118953998,15.6571118227796,8.920354514913,NA,4.75075912464588,9.62164259180897,29.4673448651191,36.7325902696373,7.67367586787609,7.65323058871151
"P15",20.1618945552981,77.4099789723024,25.8285253351416,26.0175879231014,14.0420961161006,22.3579676138658,8.32620414927478,NA,5.91831777620401,8.29237612769519,29.7122324701113,40.0523354666586,8.36540099006458,9.33816505095992
"P16",22.1488905135964,58.6755411527865,39.3993127869886,22.7836964356557,13.9082255202959,20.493928259954,6.69520689141289,NA,4.60654557841865,8.81536487009181,33.3447398792734,36.735339886692,6.92968984678354,6.93124742142726
"P17",23.6364966950667,63.8514306148027,33.5572601332925,27.9410171093625,15.5883327697411,20.745690497728,6.21795744350926,NA,5.55450636486705,10.8222226328467,36.4238019505283,29.0355474762229,7.22627687308241,6.83290851721724
"P18",22.4603421082619,69.7264976900134,28.7508155820596,26.6472699752395,12.6098327995244,32.7398173165631,8.23700919716229,NA,4.47685534783835,12.4485944182177,39.8327143237958,33.2070682181687,7.62442127693155,9.49766483688784
"P19",19.854034943113,66.7331175907345,16.7299339364213,47.8003410291385,8.82027662535473,14.7742902178614,8.31551562822583,NA,6.43619880437377,9.28562443108638,30.2064939175852,33.4099173522481,6.11354255407319,9.31097867015921
"P2",11.0971425601268,62.8183846305045,9.63522216565546,114.307946808823,4.28327985745265,15.737694465267,6.75478776464484,9.42733578407621,3.09777045677065,57.8675968430305,25.4582538896689,27.4413333172404,4.84940718601017,9.00229144466988
"P20",22.1908225813895,69.877861507254,30.1816647726868,24.9680801928646,17.7071241567901,15.0170655146281,15.8199573701802,NA,4.39331409047059,8.49576039814556,29.7272331063592,38.0455121390977,7.81401609645674,8.67603049000322
"P21",22.9928310915174,76.0161733545869,24.0204946368884,23.8891403936936,10.1312414141378,22.383602168882,10.2063530331352,NA,5.51833144495628,9.06762861208945,25.4801762358935,31.2243264045038,6.28341762238358,7.40393584049611
"P22",21.8142201879908,85.8402092471992,46.80568063298,22.3137738305343,12.9329682549942,28.8257678451448,8.19495963195777,NA,7.26642655965912,8.66476988387478,34.0082583534824,32.9483763127436,7.82543542486612,9.07731273203563
"P23",21.8164023418144,177.850518301244,25.5085139734745,28.9020384648873,15.5604528911757,16.091729432802,7.11499570061435,NA,5.92862128818854,9.80986417737877,35.2972191170048,23.173358344991,7.81231734446034,7.45260385601507
"P3",20.9734556780278,96.4760365991074,23.1763201770654,26.9003357257355,11.0108604522038,22.1414497814297,8.46023449069511,9.2930257378824,6.76677534891193,11.7625833977601,33.024804959886,41.5549551451271,9.30215742356809,7.00706900323915
"P4",14.2090008222366,69.5631591278783,24.6887803350648,38.0941562226111,7.42275600045584,16.0600330355957,6.8839642931212,7.171045193404,2.98208189003294,5.89291491958647,24.0606363925004,25.5607748840901,4.5539644004263,9.07762353264529
"P5",10.8825041451862,48.2852259095638,15.8473141154805,60.2762694369943,6.18533031711103,17.581685226051,5.37221181762196,7.64210029705833,4.12797301345009,5.63846774712751,21.4576261837946,29.822850941652,3.28840859679566,7.29166469570567
"P6",10.0883277783817,61.1334217137758,7.00583675023911,192.953323714198,2.60298913197166,4.0194563186271,4.9649742964315,8.53234266171773,2.05106840972703,7.91742245758906,22.7707369656214,31.4880131104832,4.46146001158132,7.91593367111093
"P7",20.0684915503869,142.137110472117,14.4381342374072,27.6114952339084,14.2644122084483,21.2919488219546,9.51415435541908,10.1079117237637,3.98828787687154,10.8206864925604,36.4284378137324,35.714480015159,8.28103866509435,10.4700361267452
"P8",20.3482337766523,97.8391391842666,40.4148717118688,25.1284487889578,13.696909150892,16.6825175073269,7.22726486928622,8.01138076910164,6.4544494476863,11.9803999923461,39.4912062089069,32.5557018866144,9.57911600295532,6.47143092821046
"P9",20.9301981859393,83.4989201111167,33.1094829556262,33.8111422441085,8.902747030309,23.1796014614087,9.16536749758116,7.45451192441551,3.61836644185678,11.2374433629676,28.3646107256901,36.3372571387695,5.26732750113157,7.15886312260047
"B22",NA,85.3990005464081,32.2030646365924,22.1882303768333,10.157832923653,21.6006205849191,9.75854297001393,10.9989911781977,5.70230033187798,8.89390875669038,34.8676324968572,38.5669586912919,7.05458523274741,5.5546777367261
"B23",NA,NA,16.9621924184948,NA,9.62622826172019,20.1450036695598,10.1207761646925,11.3208587558714,5.53253475341007,7.90218425075504,32.4260142050556,23.0672643650075,9.92048588230485,5.86333378035601
"P12",NA,NA,NA,NA,NA,NA,NA,NA,NA,NA,NA,NA,NA,NA
"O12",NA,NA,NA,NA,NA,NA,NA,NA,NA,NA,NA,NA,NA,NA
"N12",NA,NA,NA,NA,NA,NA,NA,NA,NA,NA,NA,NA,NA,NA
"M12",NA,NA,NA,NA,NA,NA,NA,NA,NA,NA,NA,NA,NA,NA
"L12",NA,NA,NA,NA,NA,NA,NA,NA,NA,NA,NA,NA,NA,NA
"K12",NA,NA,NA,NA,NA,NA,NA,NA,NA,NA,NA,NA,NA,NA
"J12",NA,NA,NA,NA,NA,NA,NA,NA,NA,NA,NA,NA,NA,NA
"I12",NA,NA,NA,NA,NA,NA,NA,NA,NA,NA,NA,NA,NA,NA
"H12",NA,NA,NA,NA,NA,NA,NA,NA,NA,NA,NA,NA,NA,NA
"G12",NA,NA,NA,NA,NA,NA,NA,NA,NA,NA,NA,NA,NA,NA
"F12",NA,NA,NA,NA,NA,NA,NA,NA,NA,NA,NA,NA,NA,NA
"E12",NA,NA,NA,NA,NA,NA,NA,NA,NA,NA,NA,NA,NA,NA
"D12",NA,NA,NA,NA,NA,NA,NA,NA,NA,NA,NA,NA,NA,NA
"C12",NA,NA,NA,NA,NA,NA,NA,NA,NA,NA,NA,NA,53.4117791834372,NA
"B12",NA,NA,NA,NA,NA,NA,NA,NA,NA,NA,NA,NA,NA,NA
"A12",NA,NA,NA,NA,NA,NA,NA,NA,NA,NA,NA,NA,NA,NA
