"WellName_R1","WellName_R2","Canx_F","Dnajc5_F","Egfr_F","Errfi1_F","Gapdh_F","Kpnb1_F","Myc_F","Nras_F","P53_F","Rab7a_F","Rpap3_F","RhoA_F","Sec16a_F","Slc2a1_F","Compound"
"A2","B2",0.86337917408828,1.30713866475807,1.18675039024123,1.55560533238586,0.736458929225866,0.641321130898843,0.896081807315114,0.858740107881756,0.740507779617207,1.05150458394949,1.3048752770754,0.948952032971467,1.42712228864275,0.938425793781839,"(+)-Abscisic Acid"
"A3","B3",1.2674296506278,1.4717518326472,1.19064276199541,1.16907351175764,0.668573295593501,0.95545738342146,0.905433063426941,0.948413169925765,0.949564188823679,1.18821895289841,1.44364883861674,0.745894746304879,1.20446789596563,1.03350242913513,"3-amino Benzamide"
"A4","B4",0.759437341290535,1.817544905509,0.754640174354166,2.06650246305419,0.742507147786651,0.236205659250443,0.438115376175829,0.866558346873307,0.250082508793628,1.22503836604662,2.23134892612896,0.794162245274103,1.01069310907932,0.664957447848352,"SB939"
"A5","B5",1.17486825139484,1.40975383365175,1.19208283107088,1.16414332419888,0.657868241651356,0.985916212202224,1.06559634643531,1.14265485712272,0.862596922648235,0.96472570938282,1.48765868278063,0.942565765196383,1.53557309604799,0.660015526047585,"PCI 34051"
"A6","B6",1.13205988175865,1.63198534011382,0.880469146723017,2.04084618774196,0.557735006037064,0.746136315860837,0.80870461657532,0.63123524653548,0.389683963444767,1.45565177266532,2.13254709251488,0.946486083764083,0.897525451369524,0.864827520955711,"4-iodo-SAHA"
"A7","B7",0.943989528881405,1.24151992804498,1.03353531471405,1.02286009663059,0.915246187693011,1.02512119776374,0.98813879381565,0.865350984481752,0.747648435000652,0.893610913599315,1.56690282668193,0.730202408203591,1.29073679001117,0.906453952139231,"Sirtinol"
"A8","B8",0.871118567547792,1.21261003411121,1.07093359165298,1.08226951369608,0.741181097886923,0.93588517339005,0.843051005726195,0.934550296655879,0.849597442332897,1.21358534934607,1.56395956923913,0.707319898590119,1.02488749855638,0.814506431600513,"C646"
"A9","B9",0.452743558467371,0.847616789866914,1.18197412584275,0.956248364730508,0.510646732251627,0.591201921720779,0.758814002369852,0.591504300247278,0.486048805295367,0.898853723133865,1.43254719010688,0.693598844811768,0.548887812237438,0.696814035094819,"Tubastatin A (trifluoroacetate salt)"
"A10","B10",0.583993923244907,1.07942589274236,1.02655696424911,1.18485540496148,0.594452199086903,0.910328270652523,0.918486846221221,0.854265905985746,0.846401846303959,1.05547379850544,1.64779514633741,0.794781864056484,0.962024970808847,0.983113357368153,"Garcinol"
"A11","B11",0.71094390388241,0.923609182219421,1.07083385554394,0.97402447191942,0.679460830022116,0.936138552280671,0.802089634728704,0.728020178197065,0.701235703850232,0.875401634729604,1.54234804157166,0.683564708721709,0.913335892971678,0.819751984612959,"Ellagic Acid"
"A13","B13",0.577286109630475,0.523844260513904,0.596450701492718,0.83947364746296,0.603089386566844,0.613794668099085,0.544148723715855,0.85918142439277,0.301827287724219,0.912140501795323,1.25270449688118,0.61062258366084,0.410788812978957,0.648618161308517,"MS-275"
"A14","B14",0.815927495086908,0.523635748884558,0.876582835928957,1.07622824410663,0.863001607049226,1.00848970924077,0.83032721502396,0.98719489380905,0.580118371390892,0.744305767237071,1.46053075054976,0.834137775789113,0.641789000686832,0.822792813565174,"HNHA"
"A15","B15",0.795049904174183,0.359137739576911,0.78812098171433,0.957773034121816,0.911967699329914,1.07565519927999,1.09148343146201,0.992274031853828,0.810520665593129,0.853404484764616,1.50236131885481,0.817632229385107,0.806395595202454,0.710814056727346,"RG-108"
"A16","B16",0.846922906960648,0.200739189300746,0.577076976510222,1.01147190734772,0.748962094059817,1.12317123110927,1.03733514254257,0.779373542403387,1.23400838044351,0.912634444343058,1.56661717056856,0.859832271761238,0.750616535221489,0.827479120603793,"2’,3’,5’-triacetyl-5-Azacytidine"
"A17","B17",1.17961609564782,0.162209168732682,0.949379932527313,1.04149294295685,0.849903371191112,1.14426060880784,1.06006568150505,1.20212464239913,2.1280910425928,1.22308083243286,1.63662074004293,0.821126102024978,1.04463131633456,0.490381865074235,"S-Adenosylhomocysteine"
"A18","B18",0.890402790040954,0.139240506329114,0.987247293834445,0.900705767826722,0.640927727980686,1.26987634066553,0.850976014358,1.24765561872183,0.579239019053657,0.79689212750274,1.59530109472833,0.87431939032759,0.770995949446309,1.18831846235437,"UNC0224"
"A19","B19",0.620412395613109,0.107749654872219,0.817819652969158,1.4788445922194,0.7443255612592,1.04808250850526,0.688715424847447,0.970787440863394,0.443643090277937,0.685998531574069,1.41031614593483,0.706310089274361,0.68202188579844,0.756371524423445,"Chidamide"
"A20","B20",0.667549176843629,0.0717852424093179,0.941423866844035,1.38602565294172,0.589486504832894,0.900810361647784,1.17644961357962,1.34532466349657,0.807007760529795,1.28973533142008,1.39662314713538,1.03125977872681,0.822291814735007,0.91216730592968,"Tubacin"
"A21","B21",0.97902365706161,0.0743288761671233,1.57453145192503,1.15912413385998,0.884861485568199,1.21163685844844,1.06109772299257,1.4351916565713,0.819384248849495,1.20694506722663,1.79147173313449,0.920541377387621,1.24170587843125,1.01719839974273,"3-Deazaneplanocin A"
"A22","B22",0.625093997955674,0.0356645500267701,0.925418810491915,0.886629553952943,0.827721584503495,1.16860131476526,0.818470121870212,1.02676279453091,1.12218272292235,0.975767092990541,1.43836625698828,0.923323935200883,0.599208203735048,0.882212058850536,"Sinefungin"
"C2","D2",1.10821133570794,2.1685748321336,0.885636770972925,1.7164293907745,1.07012451402753,0.374422830629578,0.788091912457797,0.853616275277234,0.295148629194837,1.4453166922421,1.76290406769479,1.00321027287319,0.806730606881031,1.34087464856256,"Scriptaid"
"C3","D3",1.26847715293645,1.59376390275746,1.28646033153426,1.12199252032809,0.834308568067616,1.13302198107975,0.995259800964257,1.1819231356385,0.955232809524703,1.19698009029845,1.19295010671068,0.90218486591253,1.24629179332795,1.06351647047638,""
"C4","D4",0.88382102891084,2.08135453695133,0.720950480648881,1.88550277762014,0.693290615780686,0.278240102899826,0.744692495104975,0.623621269419106,0.168005618688544,1.5348177361823,1.8173199562206,0.903678386230933,0.849437001412268,1.01625354538404,"Apicidin"
"C5","D5",0.87965659517706,1.71386344594874,1.09127942849072,2.20092915214866,0.655336655483667,0.277582661174465,0.616861677761425,0.742955028060839,0.236245822620651,1.63342238053886,1.87153894358075,0.88067147914197,1.00181160225414,0.564893499531384,"HC Toxin"
"C6","D6",0.951470323774073,1.63017897797345,0.776145780507907,1.12812644686856,1.1110160934653,1.21524553690504,1.08644295630195,0.941937035562633,0.93583862152134,1.3452283555041,1.39189552717138,0.869319540129963,1.25438557232819,1.11627895008062,"UNC0321 (trifluoroacetate salt)"
"C7","D7",0.843637901724904,1.21470398397961,1.12739832775215,1.14783474365356,0.658596202758121,1.19130800100669,1.26443032246281,1.16754764940324,1.01080902307588,1.11398449035251,1.49471218520184,0.844522469048294,1.04186812636421,0.882086910415058,"(−)-Neplanocin A"
"C8","D8",0.716433738290611,1.49279145710803,0.651764874126526,1.12856316615715,0.663554415769387,1.12011935312843,1.07480294284746,0.812450148523021,0.630441444378919,1.14025956635403,1.43550407970768,0.918008707226863,1.28551594931007,1.3295040020204,"Cl-Amidine (hydrochloride)"
"C9","D9",0.904069509474441,1.4815142602981,0.625316229082855,1.07688113413304,0.901794217426954,0.916602648522095,1.06290117679159,1.20761344072799,0.778142730777901,1.08103922239593,1.46645425090101,0.921008349232377,1.62759542026727,0.928429665755412,"F-Amidine (trifluoroacetate salt)"
"C10","D10",0.6231429528015,1.58163519239064,0.824563226096769,1.188165161535,1.14913030781403,1.03306896529103,1.08011977769889,0.762124785908339,0.750337742099634,1.07291457523721,1.43545143161045,1.08545249219956,1.36063501282469,1.55376330232678,"JGB1741"
"C11","D11",0.61255671361164,1.8203566915211,0.50192165799871,0.907846411971563,1.05192774826941,1.01783975045544,0.779052579759344,1.0047361091761,0.779987764352553,1.26171413754015,1.24990454161148,1.02039849780105,0.746448415214531,0.832036007686687,"coumarin-SAHA"
"C13","D13",0.698097279044094,1.5170093628048,0.378164766388716,0.611484909381812,0.885188017495898,0.394283929114521,0.541862730890487,0.759115478157457,0.300011948495205,1.42471002727054,1.05698452310947,0.999177019977741,0.379200981024186,2.53807106598985,"Pyroxamide"
"C14","D14",1.18064324086384,1.10021552909899,0.807849157762653,1.04767350050369,0.902862564636547,0.982006379508392,0.701248411172075,0.65653385965886,0.55693959883491,0.783533304151551,1.37245305243449,1.01726082721795,0.688051273479184,1.4631567441405,"N-Oxalylglycine"
"C15","D15",1.10874314070835,1.2043929195776,0.796937168417681,1.07110711071107,1.19187797076352,0.832005021677789,0.969398387319044,0.790603140973904,0.680032064302567,0.649882903981265,1.39962064878044,0.975948602142349,1.1006646547761,0.818485625756719,"WDR5-0103"
"C16","D16",0.823406020049101,0.959759652337728,0.714615906253797,1.05761654120516,1.42046411410487,1.28170649777351,0.950899959209256,0.616419449638432,0.633847083074352,0.887775793809386,1.44925168369523,0.948422694962843,1.53538335753237,1.06755966834565,"EPZ005687"
"C17","D17",0.68778256030473,0.893607181292952,0.822947094897355,1.27589285714286,1.21261478398415,1.04888983565454,1.12309048178613,1.39107000911224,0.840755914791459,1.47578487155381,1.4163597075466,0.817791018178434,1.08190045667264,0.674607047963703,"SGC0946"
"C18","D18",0.98735246879072,0.731522103195486,0.971356284449264,1.07400934769356,1.0032854016063,1.18671547242976,1.12472780851304,0.962252060322337,0.56651203994455,0.796439148398621,1.40877075523484,0.861872210186817,0.707718340662874,1.599834993891,"UNC1215"
"C19","D19",1.03537871234781,0.418669752521505,1.03569632981398,0.911998570535156,0.919593326117106,1.01001323204804,1.07842805211226,0.837195374362673,0.90674288230583,0.765959221226649,1.38402466833891,0.967465320251452,2.0530912491491,0.895407544925767,"AK-7"
"C20","D20",0.571718704208817,0.313634193249477,0.660947982756959,1.16608055651639,0.769254452714529,1.24591503267974,1.19164418934639,1.3345652574376,0.81642442978728,1.23190422302888,1.57373052029732,1.06145055367182,1.18743839491148,1.20874440716743,"GSK343"
"C21","D21",0.674093351889305,0.112706291217806,1.29354195193316,1.23601479426722,1.12228572977967,1.20378905914397,1.21281247518871,0.920119629820028,0.939889768885945,0.925382739712227,2.12838391514572,0.75568964807632,0.8276344207492,0.423385154956829,"Bromosporine"
"C22","D22",1.07944432004462,0.0843744169866831,0.959718674638373,1.24564459930314,0.913160192868258,0.846804797977964,0.945517240160097,1.17664819551009,0.78002303588787,1.04217644059081,1.45657444554838,1.04501844890365,0.816495864482943,1.44829062821793,"GSK2801"
"E2","F2",1.20334604686427,1.30853899057442,1.18064448364914,1.14116234729186,1.12515684126377,0.891404460216327,0.755597585424707,1.14649130397162,0.569970966383437,1.38095062768989,2.16855863462556,0.888780781452255,1.07292855550695,0.714649485773305,"I-BET762"
"E3","F3",1.25133486858808,1.47585604829314,1.52319423831675,1.19963846172895,0.870883892700395,1.17345582571146,0.977095952697208,1.09317765567766,0.885102484839866,1.15118974447864,1.93953118767833,1.00623404419582,0.932118833813118,0.858326615864879,"UNC0638"
"E4","F4",1.16531935569945,1.80993477536737,1.22118205952215,0.682412490231551,1.05607419904545,1.38649647012802,0.944324871192916,1.24490631926928,0.935898705042343,1.12118606240835,1.28355746848801,1.11999128853061,1.32323388985763,0.845529241904396,"Phthalazinone pyrazole"
"E5","F5",0.834659933870922,1.61538126963659,1.14491689765867,1.12150507402783,1.38278841566942,1.1805218316079,1.05296871002498,1.28437353182993,0.921822931941659,1.01658076608625,1.30466360744684,0.814566058742709,1.12665774808816,1.02935478612469,"Isoliquiritigenin"
"E6","F6",1.48206335649697,1.66824843369191,0.789786569682776,1.3515665375258,0.659105956753437,1.38798431768036,0.98238942460048,1.09136827192671,1.08893752967121,0.955781664552973,1.40684689766504,0.989208780946556,1.30531228092204,0.988625650728833,"CCG-100602"
"E7","F7",0.89084567556243,1.56785593040854,0.777173614543857,0.996740994186533,1.05973246688281,0.983192585458829,1.13469444336199,1.29528378818152,0.994964493748796,1.09515151911986,1.3465102315115,1.05912591001173,1.34022325791398,1.05874098495376,"CAY10669"
"E8","F8",0.824066898136743,1.6501496752848,0.80814397423394,1.03296932054014,1.101294686821,1.02507580572336,1.04757912239664,0.745952018298683,0.893193587634953,1.0759168640975,1.32698449494189,1.0285585868137,1.00205549845838,0.999573607661693,"Zebularine"
"E9","F9",0.759178399976478,1.60450078993084,0.699029107407384,1.02940296353145,1.15644811707161,0.863912008365009,1.2007259080542,1.10413284432892,1.00337759142791,1.16074962752165,1.34580855953789,0.981635858402803,1.45067950657817,0.949367665057205,"Delphinidin (chloride)"
"E10","F10",0.541531203038533,1.74301581635098,0.556045972159029,2.02762333308577,0.749371013336444,0.218805933925917,0.534662688261037,0.625009990016132,0.198684117544232,1.33990028883239,1.93902071367313,0.782544363178864,1.04888983633066,0.81264891581425,"ITF 2357"
"E11","F11",0.93543281448903,1.43109089166086,0.911188289784588,1.0519598721519,0.61350968215589,0.806362029098505,0.840164761856488,1.10972891603203,0.692354076400052,0.889394590775988,1.21141351591145,0.823087593093009,0.892185712667458,0.822518058614207,"UNC0631"
"E13","F13",0.97622456537549,1.4248161714304,0.735526573203416,0.632466401194624,0.859562879354749,0.928778438450672,0.948694092179929,0.84173661414603,0.85982884757439,0.829166245797325,1.27700070896454,0.734795707732097,1.13615256714087,3.80710659898477,"SIRT1/2 Inhibitor IV"
"E14","F14",0.838531871765887,1.35916729282064,0.796167033861546,0.916362788510573,1.01196176491452,0.998496783078534,0.877992190647718,0.80479226985293,0.716671762803188,1.14305518499853,1.4568649522615,0.99113379679805,0.977488126520695,0.764356863477257,"I-CBP112 (hydrochloride)"
"E15","F15",0.915284532249785,1.5330374800949,0.920549304307918,0.605833197382493,1.03344804431761,0.977675225281244,0.828729901517113,1.013819027215,0.734745624359998,0.706713100026894,1.62503008564584,0.908013717949975,1.00268983315765,0.896104142088686,"SGC-CBP30"
"E16","F16",0.944327783610819,1.31502143887915,0.920192638458892,1.00696241400487,0.6830714769522,1.12317040410205,0.795725319199323,0.839068515199788,0.635619825810188,0.825573717265697,1.31307394294569,1.00389813272565,1.42369486881682,0.831999612915444,"UNC0642"
"E17","F17",1.01156531080008,1.25196796043404,0.922143131946725,1.13029537833942,0.726082266779941,1.04205426569615,0.97344759842723,1.019567986396,0.962718502221136,0.955572248489044,1.30039418044412,1.07491490422868,0.911275584089386,0.75740520397303,"UNC1999"
"E18","F18",0.979867468919626,1.20409998241226,1.23655311570108,0.981692429110447,0.72404960065099,1.18347613986679,0.951132861097758,0.812291796119856,0.841063256951814,0.884028380025291,1.17859003070492,0.919242616280945,0.677697314458677,0.693486568933498,"(R)-PFI-2 (hydrochloride)"
"E19","F19",0.621136519126119,1.07880034126386,1.29945588862461,0.932494612382783,0.935462475907166,0.777929281081929,0.879622483425338,1.46105591359351,0.631928160302338,0.974619770879835,1.29618401530282,0.843870301399017,1.46900862560951,0.953154161718139,"HPOB"
"E20","F20",1.09539349116222,0.929849438224535,0.894022139920898,0.993254229079462,0.797014693221226,1.3355266501762,0.936813275346662,1.20818805840052,0.961747629454308,1.34647976982536,1.32046624715216,1.11665544068355,0.861864149702256,0.770792464479114,"2-hexyl-4-Pentynoic Acid"
"E21","F21",0.84544181484732,0.566853658225592,1.28027977658129,0.882792549196335,0.731235676986129,1.0494497133665,1.15850284186718,1.33478788544106,1.34573241635476,0.882747349274902,1.35741512232553,1.11759625169776,0.833984750838058,0.96005443450734,"PFI-3"
"E22","F22",1.03271201886239,0.266846553708186,1.40860994649313,2.09346559425406,4.62786487441843,1.35459925755898,1.46088761029227,1.28891149335672,1.03683627942388,0.834958465536641,1.3989589293886,0.888547316246388,0.839827594184483,2.16803100837425,"JIB-04"
"G2","H2",1.09248016665385,1.67237052174672,1.57444194511076,1.01800914293304,1.09495421995422,1.20506217754277,1.12671609269368,1.25481442577031,0.875576672078268,1.16985395350464,1.02574060992117,0.897243732226785,0.80710506664972,0.914214866409851,"UNC0646"
"G3","H3",0.696560448252357,1.68598893124838,1.31295844043186,1.36787442908414,0.947885013555428,1.11955996361235,1.05124169820325,1.07098499212566,0.945776399674584,1.21218441936557,1.28731927330207,0.979046928666356,0.777904938552752,0.896635476610348,"Methylstat (hydrate)"
"G4","H4",0.628420661954257,1.36878986759579,1.06726919652851,1.41456822644059,1.00925112807242,1.59540411209822,0.902634137590987,1.19573264755846,1.10486209259393,1.06219139648411,1.5692348842251,1.06061888728057,0.985711114024762,1.02693585663523,"3-Deazaneplanocin A (hydrochloride)"
"G5","H5",1.05764798618634,1.6301752742876,0.993149910945688,1.0914761555483,0.896430258538857,0.969914683430624,1.18400678639165,1.16852343414843,1.09915935338707,0.769276082680133,1.11746636793412,0.90880439178287,1.18623397721609,1.07392251683603,"Suramin (sodium salt)"
"G6","H6",0.647488180681072,1.53576335983619,1.18206053852434,1.0153834307275,0.414329423763386,0.943323298444592,0.98195335933449,1.04388314134077,0.979601125455147,1.06850387002018,1.20037954656942,1.1372532263504,1.00324079721378,1.05378252308533,"Nicotinamide"
"G7","H7",1.03242404702197,1.62056637507067,1.64373668436067,0.987009919697685,0.820016020229899,0.995502310886249,0.871590768851043,0.884849131960476,0.957711603193232,1.01555550467478,1.14259569377778,0.986114534106728,0.953783977969262,1.00804149591587,"2,4-Pyridinedicarboxylic Acid"
"G8","H8",0.536630023254453,1.67695818854202,1.04385722384667,0.958996764970126,1.01987513941844,0.987992280983793,0.846970552456164,0.90342388463317,0.775172989441047,0.817469108654413,1.33584299589087,0.882712838343118,1.12820849378801,0.51663065943009,"PFI-1"
"G9","H9",0.848815537329126,1.69675365512189,1.14798096677009,1.11813186813187,1.08480605468557,0.979767070358384,0.875720291842219,0.734374345768957,0.868672510463555,1.15046952034113,1.26526963198359,0.930300192940642,1.26262335266042,0.714104028526244,"5-Azacytidine"
"G10","H10",0.706927640111067,1.5499428578762,1.07843137254902,1.07236740850186,1.13048171837108,1.10995558910932,0.510257581408408,0.748920658194852,0.869803448761611,0.83244514654452,1.18838694174229,1.02748938710764,0.889221173326381,0.854515158542575,"SGI-1027"
"G11","H11",0.673793677849333,1.49639111624372,1.46407922143216,1.11165729871161,0.947983736069674,0.88671573693035,0.933599779883184,0.754420649244056,1.11813196063268,0.935565905486526,1.27439252501118,1.04638003518114,0.796251032872802,0.704032188908967,"Decitabine"
"G13","H13",0.940363803508103,1.37639219618164,0.852207479862124,0.63781838316722,1.19337482762776,0.888482129401394,0.825190106341154,0.601839670845917,0.806527226565991,1.10345655851591,1.16523698002129,0.885799110763096,0.575416189796478,0,"CAY10683"
"G14","H14",0.874014956210118,1.313769394666,0.814748976513682,0.847960243504356,1.06317943356816,0.88989208592805,0.966731401028895,0.629578754578754,0.570990990253406,0.965589905788474,1.22790151455692,0.882145016393479,0.681675666519063,0.715212509444424,"GSK126"
"G15","H15",0.549730847018862,1.0331711772467,0.413314745057971,1.06970971544368,1.01546940362973,0.697655865230708,0.68626119468567,0.588803262768646,0.300041220277946,0.987140065730155,2.07461252691579,0.733362510596429,0.947243256105248,0.657984511634273,"CPI-203"
"G16","H16",0.984819602135696,1.26248464555956,0.825637601367384,0.998530691828279,1.11305031084725,1.11550861884835,0.769605995108299,0.9133914369035,0.636249036175044,0.782514510948278,1.27169875732802,0.932576293460442,0.931988073646394,1.01164796947559,"6-Thioguanine"
"G17","H17",0.693906224853675,1.24748102728333,0.971868648649669,0.991731175228712,0.800221274953941,0.757145002977304,0.974972716150892,0.998547338255836,0.788128909729759,0.880959019343839,1.13076187322959,0.875668474108856,0.849865879115649,1.02916879150548,"Tubastatin A"
"G18","H18",0.478919140262079,1.41418040865824,0.994941155435892,0.968649451365399,0.975413059055739,1.00157428640607,0.91484655841231,1.27639425105205,0.980587332243847,1.14157262569245,1.19523279215778,1.14285343178392,0.543607662666046,0.715212864567677,"3,3’-Diindolylmethane"
"G19","H19",1.26524727643487,0.887439399266762,1.05846716398354,1.49842081516017,0.994876596079001,0.684281910459325,0.945638754147089,0.889198100840145,0.379112553578015,0.971839460513619,1.9527275353904,0.67001808847188,1.5854953387768,0.867296361858489,"OTX015"
"G20","H20",0.43614606566109,1.12444622820899,1.05824828539709,0.931244039301794,0.427042210750076,1.3223842996318,1.02084114443448,0.825792270768025,0.674501422993323,0.687142041349782,1.30394903068358,0.930960996091447,0.631994713220585,0.966495058114847,"5-Methylcytidine"
"G21","H21",1.43380209286579,0.893224733720318,1.24443912273256,1.11198371146015,1.23622016125248,1.31892042531298,1.08081057927017,1.02208531102232,1.32159719340066,1.44449050227876,1.19741031192273,0.959679393115612,0.867842113553905,0.87369695803581,"AGK7"
"G22","H22",0.873371508343674,0.569624166756294,1.17764605543043,1.04624952794562,0.61840550227647,1.21819135072253,1.15862961963138,1.12646201689876,0.790460339241005,0.758457558739779,1.26524629528379,0.479751855187733,0.922778142725664,1.12702875695687,"5-Methyl-2’-deoxycytidine"
"I2","J2",0.83871578590661,1.35118208057989,1.35091875623705,1.35599916018388,1.01335478943084,0.90921785380819,0.74778344149092,0.808141811166005,0.581629154964862,0.733611277593027,1.95615095170626,0.860482301534846,0.796399195795322,0.815274010015948,"I-BET151"
"I3","J3",1.07384871179838,1.0927983592141,0.955822607113206,1.36144573852452,0.965922726181905,0.804525555823134,0.740783514310296,1.12577723009554,0.635227261315231,1.15393472852254,2.10796991659269,0.784470267612412,1.17233277174039,0.807917868179182,"(+)-JQ1"
"I4","J4",1.06493251248245,1.59924164671,1.10390473029982,0.941452759763955,1.08836125287359,1.01597731291098,0.764511052803306,1.27344162171474,0.907242124254708,0.827843780353498,1.33570914445962,1.02005844539848,1.02390977383983,1.18460168264678,"(−)-JQ1"
"I5","J5",1.24847393672362,1.56865739664927,1.4589306797099,1.18365663096922,0.883571985934191,1.06921987896751,0.976166413690804,0.766247137068358,0.755665373653602,1.21959175664888,1.23208968252602,1.00321689472318,1.30588499894545,1.22163215266349,"BSI-201"
"I6","J6",1.39650985807304,1.68615660550457,1.24374225371273,0.976179487420999,1.03729606757579,0.960639083013153,1.00912443451203,1.19655874506646,0.899152413447627,0.736238219751471,1.2127578354471,1.06001493710455,1.33060119246176,1.01669998760747,"1-Naphthoic Acid"
"I7","J7",1.0962000241645,1.62494432936996,0.836975082181381,1.04550084496609,1.17137895009013,1.16858511118786,0.993626615941361,0.968653312403312,0.81607754384108,0.760035064024036,1.17874924700594,0.825503231478213,1.22330869920836,0.746286871561859,"Sodium 4-Phenylbutyrate"
"I8","J8",0.848866865768157,1.51463832789151,0.628132293809717,0.979216462603735,0.784648847272735,0.700778190678816,0.953133644826936,0.782554396686431,0.695404569096056,0.70789883482018,1.28357739805592,1.02054822866256,1.28375442154796,0.865034305734314,"Rucaparib (phosphate)"
"I9","J9",0.869180478350328,1.34450655104024,0.763023098656568,1.1911877474042,0.690287031977122,1.06144712100488,0.884873864197173,0.774534052171335,0.73997197922822,0.79851728752608,1.23712221735198,1.00164151543732,1.23379933416391,0.922206458630313,"IOX1"
"I10","J10",0.78550269158543,1.47753718733748,1.09033476045749,1.08514814544452,0.658986880560454,0.966959914851968,0.679678062553668,0.725526256308682,0.674470054697986,0.990027958107907,1.26684452013962,0.957799113917333,0.88385719047857,0.908478512208301,"MI-2 (hydrochloride)"
"I11","J11",1.12860109923213,1.4744132649917,0.815162579868462,0.804054238046032,0.826519176383663,1.09806809321667,0.754474868916286,1.17435603387438,0.724902315605149,0.907830551442443,1.11860658786742,1.07134872096102,0.858679345722029,0.767858016286651,"MI-nc (hydrochloride)"
"I13","J13",0.679980153379112,1.36276210400813,0.724413754720217,0.716701839753231,0.816400001947132,1.0475729179961,0.860155054464278,0.913517420338782,0.730318075178819,0.881425005730152,1.1813194569346,0.970191014677955,0.87106257748568,0,"EPZ5676"
"I14","J14",0.747597375422234,1.49200693482938,1.0773331752885,0.883024760575781,1.05763187158536,0.90590609308739,0.7505772487905,0.837360422965356,0.816534967478364,1.02475092050611,1.01644152744951,1.07475455658095,1.08538605682803,0.858072540422378,"MC 1568"
"I15","J15",0.694044416518977,1.35966056587114,1.00485627341027,0.965536174114521,0.782173267476743,0.978384163849149,0.884810403048499,0.692597517730496,0.824230387288977,1.05616315125118,1.07193212665046,0.951839292955417,1.06638023466396,0.818360056938737,"α-Hydroxyglutaric Acid (sodium salt)"
"I16","J16",0.762575748501364,1.35098781862989,0.828871932691947,0.896792838757125,0.891440069854733,0.562691710202347,0.859932314300956,0.595950966615568,0.678458309727725,0.843539454275019,1.35003417055312,0.876337831884008,1.47888739737798,0.921865848374341,"S-(5’-Adenosyl)-L-methionine (tosylate)"
"I17","J17",1.2412562139517,1.20861750118801,0.725675946771281,0.848200451547213,0.772595243499882,1.05194398842709,1.04929413972023,1.23545155572142,0.776651720047946,0.728270554233726,1.25810037441658,1.01559732959298,1.15750207356757,0.854267669647483,"RVX-208"
"I18","J18",0.599344370139572,2.03508460346164,0.724995880705223,1.47189651493657,0.871910643037404,0.0697831580184521,0.79350286246838,0.887675393450172,0.603465912943545,1.14988256495944,1.41768919134345,1.01481766446016,0.599005061013162,1.00316289331483,"CUDC-101"
"I19","J19",0.474775635151083,1.2230068185147,0.547208917767085,1.89845645897937,0.780672962421429,0.224693824166687,0.595772974289598,0.610649594284073,0.253065050078374,1.50225102392181,1.80650123499784,0.826634153607705,0.639605080502752,0.745450348197453,"LAQ824"
"I20","J20",0.893396674678328,1.19295974784595,0.796268941915039,0.736503111883051,0.972489756826058,0.325411011550108,1.14711259369228,1.09688270049283,0.841023531025294,0.978910549788081,1.32756589818359,1.01211517304814,0.827251259120765,1.17676884494759,"Nullscript"
"I21","J21",0.741122155473072,1.03126318866325,0.86179075792514,0.785960941353994,0.997647558038689,1.01335717652564,1.26318302788891,1.14166268905361,0.867953348606592,0.84480210860032,1.23497639809768,0.989636359075357,0.794812420928172,0.933328344495857,"GSK-LSD1 (hydrochloride)"
"I22","J22",0.787844050465868,0.666641142422049,0.818323311646877,0.874898000815993,1.38217047091823,0.675567408620969,1.10323576098556,1.18319673880565,1.14518694016351,1.30249330836637,1.05604160086328,1.18005187148756,0.94596354259088,0.823875865955723,"RGFP966"
"K2","L2",1.2550364206312,1.58359904852862,1.18432436648305,0.879621730970777,1.17120869271115,1.28013458887951,0.672124827530233,1.68388289053832,0.848675576182482,0.979057104266931,1.06143926349216,1.16372924992085,0.990366709411753,1.350974534653,"Gemcitabine"
"K3","L3",1.89195942506115,1.40982714032939,1.32878477545502,0.891789745351156,1.18346668022068,1.25029796104139,1.19942985153829,1.0597940172933,1.05219774452713,1.01587500223466,1.06766143555441,0.947039865553931,1.34057870762544,1.08771746520702,"Lomeguatrib"
"K4","L4",1.32539382129322,1.43838886755295,1.26821782848395,0.937312758948334,0.886139023986121,0.892779752685237,1.11805353740838,1.076924582571,0.885647922763406,0.937130877710245,1.13989780459046,1.11921941829424,1.22892157142287,0.987819257868892,"GSK4112"
"K5","L5",0.971480520883295,1.20863029634112,0.949321197968602,0.793151215404567,1.00122145885158,1.27746474783717,1.27033381343726,1.24871154955773,0.911213731360324,1.1087720319817,0.963810733139239,0.855124520884366,1.36941947836638,0.963572968301429,"Octyl-α-ketoglutarate"
"K6","L6",0.731453181439289,1.60217092685598,0.810494238181102,0.963676277265127,0.631719017042177,1.02607052229359,0.977041416240125,0.98061874346332,0.723302032337315,1.04704423460165,1.10536157954033,1.007196068646,1.0643780273606,0.949956092441474,"Daminozide"
"K7","L7",0.777713581908003,1.24249410906273,0.894151045473314,0.775746497775359,0.776404375734733,0.854798998078656,1.15126607663921,1.23701627115493,0.711155745951568,1.07411872296312,1.12874016961031,0.879661799404047,0.95729927148881,1.18932635104821,"GSK-J1 (sodium salt)"
"K8","L8",0.823025028447217,1.51132929120902,1.08052278481109,0.877073323836887,1.05576100822476,0.836372243073774,1.17742986363932,1.12060654621586,0.781356689241043,0.740048633498325,1.15596333346165,1.05439714593836,1.06137818783853,0.981829465439376,"GSK-J2 (sodium salt)"
"K9","L9",0.656613437946882,1.39918794307742,0.969814046990828,1.09542132039062,1.02626898743404,0.864912061947081,0.865959833351138,0.968096517689784,0.837963784087903,0.943065975808678,1.0589814474759,0.919631769970501,1.2876376182183,0.915161364291079,"GSK-J4 (hydrochloride)"
"K10","L10",0.511280284044553,1.42353767686197,0.805117368584861,1.37615071169888,1.04469436871099,0.643012113975412,0.68863650190525,0.794425051399453,0.435444474074386,0.760828470943863,1.06734538210396,0.806481649125831,0.660906870689737,1.07839015560266,"CI-994"
"K11","L11",0.586979478758017,1.57738045651052,1.31388393965181,1.04691560471935,0.90720913710363,0.825126299466528,0.770953091752152,0.909451100312779,0.892355123609515,0.924577419769426,1.21844850318138,0.904415292958632,0.929176185524597,0.962127240717165,"CPTH2 (hydrochloride)"
"K13","L13",0.965609142155149,1.5462496952333,0.790836037441819,0.672720504986274,0.880582417279665,0.914288847982354,0.729700448010307,0.919729116047669,0.767212955406439,0.716631350870779,1.03391777503372,0.967367999530232,0.840375186857616,1.69204737732656,"BRD73954"
"K14","L14",0.97269711480195,1.59691070325931,0.794876068000191,1.04231004120291,0.956816327602999,1.02378198088336,0.825078614497158,0.898623338224179,1.05034303257032,0.815611218901339,1.09129338056239,0.870681684294727,0.764463600874098,0.94903995837072,"trans-Resveratrol"
"K15","L15",0.729274760751758,1.59743046705547,0.85592304647082,0.913163641528528,1.62090884049072,1.01596490161385,0.968975732489246,0.922451459327765,1.04549715192155,0.991480868835032,1.11554510737675,0.98787810712455,0.842907350016024,1.10679111879599,"DMOG"
"K16","L16",0.55490015770287,1.52912512911498,0.640174141945935,1.54394088669951,0.674281763710266,0.175545761782974,0.547524245812406,0.641276067652827,0.153479905155578,1.25333695729067,1.51117974958482,0.816464436607746,0.73473984744914,0.615958878081675,"Trichostatin A"
"K17","L17",0.612541723423055,1.82088600558537,0.442193684196368,1.07538091419407,0.688586741816128,0.323627852610332,0.769648548601484,0.686894485722611,0.227665963254173,1.69282485418531,0.93111783067259,1.22099097211644,0.843971009177238,0.94331641285956,"CAY10398"
"K18","L18",0.668206410072178,1.18293240598764,0.74878436222974,0.718252347897101,0.996064685767463,0.953960292233324,1.1506875307691,0.747602462179685,0.750409004413369,0.743887046568626,1.08982724926781,0.938500581433797,0.687287533686098,1.09435900026096,"RSC-133"
"K19","L19",1.24864518364248,1.11840581446428,0.666934103466611,0.85811048557354,0.65970853086894,0.639356712261668,0.582209015355025,1.13424529215458,0.820983445268491,1.0140443644526,1.08289603035709,1.01041715518231,0.65158329368064,0.881542431082263,"BML-210"
"K20","L20",0.752294036660412,1.22699888124002,0.926965530333849,0.79654196884794,1.2748711278123,0.890678852186036,0.792775839879499,0.750400657010999,1.14038272904855,1.49022602060753,1.26093611880467,1.02478642301651,1.19550674849201,0.65625752341362,"Piceatannol"
"K21","L21",0.91617172593675,1.09067293035821,1.15749217458867,1.15528559043203,1.01369586891191,1.05976865486321,1.06401197743824,1.67588680056582,0.887986664967156,1.16691593467717,1.16809921661559,1.03787219540402,1.08199539508134,1.32010200165112,"CAY10591"
"K22","L22",0.818707966955007,0.693896661245521,0.897970970454341,0.887429835440934,0.818333804467002,1.16480131630207,0.847484342818713,1.32528708494156,0.999718371025696,1.08142723346482,1.15057840866145,1.09295707995635,1.04049843048194,0.957455708900561,"EX-527"
"M2","N2",1.19886282128429,0.883316657636426,1.14054282220972,1.24128754818619,1.2495941275011,1.24811487593442,0.382198185545466,0.874037423184034,0.937025039953188,0.82733542492686,0.857978371760435,0.889890547078358,1.10408358638812,0.919593552247531,"Etoposide"
"M3","N3",1.91138540899042,0.641470396210554,1.03863948838191,0.0116380564445738,0.913731283246295,1.114702091463,1.37818725147492,1.08236665586957,1.81121253671066,1.32453242103143,1.59260718497644,0.978323236979348,2.7008491281544,0.534489782500725,"Lestaurtinib"
"M4","N4",0.816543434573238,1.17967304112849,0.68837518127579,0.710381253498906,0.847842416945786,1.08404990851055,0.953344897910303,0.80374157490184,0.777643777476569,1.19391621378143,0.695333912218316,0.948049424805699,1.18149014006021,0.869471177772163,"Butyrolactone 3"
"M5","N5",0.887011621111422,1.14020780334397,0.939449335765242,0.854013512939277,0.653263550840399,1.28901109740526,1.08361719157174,1.43957253774014,0.937774985954554,1.49840822932171,0.762469253069076,0.874210153246786,1.24124426138663,0.885859230287956,"Valproic Acid (sodium salt)"
"M6","N6",1.01552875735328,1.28879038696484,0.671159926399862,1.02803618142146,0.990209540395414,0.445933090217219,0.926279912134623,1.07686067015911,0.811183126216501,1.05632678729966,0.858755033226967,0.988162118780096,1.00689186925194,0.979833557788598,"Tenovin-1"
"M7","N7",0.784195451472801,1.19660143122017,0.838202812176763,0.961126444803993,1.26894041370846,0.82298751606681,0.757670800774249,0.790622448338672,0.842978700914328,1.35793081479586,0.899596841750953,0.894080010281266,0.976388690147055,1.05382074996263,"Tenovin-6"
"M8","N8",0.88187215004732,1.22448933741535,1.13307908996963,0.836197142330869,1.00748830435551,0.727224852205033,0.891167701512529,0.545679792982067,0.716839609285374,1.0322916153325,0.964199611822275,1.05172720465941,1.13192844721331,0.979311002797631,"Sodium Butyrate"
"M9","N9",0.8310738220281,0.65538608992777,1.28051004126082,1.01508763787091,1.17527269674256,0.880671026121372,0.803719430331697,0.752969355613641,0.704759556588949,1.18384716460085,0.882224943947803,0.972973649308075,1.11045931932588,1.1630435057172,"BIX01294 (hydrochloride hydrate)"
"M10","N10",0.998503270302331,1.29425713146108,1.03256793923823,0.992935082947761,0.736065674307918,0.758334421851642,0.929380569796351,0.520771345259457,0.611128490729123,0.866873202140653,1.01523027974711,0.832917378976495,0.704092475486042,1.17175973120641,"Anacardic Acid"
"M11","N11",0.743462617414423,1.29934939662906,1.26003838342432,1.01702954123779,0.658326295963885,0.855448326448359,0.514526288374373,0.598465782726125,0.830159793201042,0.762846464333311,0.950239954840954,0.844575877410814,0.592710523792487,0.8538786591151,"AGK2"
"M13","N13",0.61451541192238,1.71846704781459,0.519320502017,1.48307772201578,0.678064492841519,0.20464550149328,0.38318164277912,0.695369345864182,0.309690868223058,1.32774555024601,0.786632794555043,0.895784421658769,0.668746967759009,NA,"SAHA"
"M14","N14",0.915699150679755,1.34735638169322,0.720888412786878,1.01487243903659,0.714761059588646,0,0.832809553739786,0.815326438655696,0.890290705695628,0.80169117828968,0.96791301869084,0.865537833973066,1.00775374585388,NA,"2-PCPA (hydrochloride)"
"O2","P2",0.454009697047862,1.30618282639406,0.618157836026819,0.764652014652015,0.692442696191481,0.0291783380018674,0.341116574830444,0.806018445405487,0.550143206765424,1.17450705401463,0.635727908455181,0.945789765228036,0.922895172958337,0.559383748325519,"CAY10603"
"O3","P3",1.11617312999557,0.722354808512749,0.998498305087563,0.98523510849663,1.59527558038072,0.850682002348738,0.929357445314892,1.02042021928452,0.949145731057038,1.20591989685867,0.561744895869653,1.91094904835105,1.35379889238291,1.02752403980213,"Splitomicin"
"O4","P4",0.729564172929846,1.28624147745131,0.318181326584688,1.50024568719372,0.701539231691225,0.268931167972807,0.288675061730437,0.948878268747264,0.303266704137932,1.30607870058386,NA,1.15120522423893,1.03229263403156,0.668944857334136,"CBHA"
"O5","P5",0.934043030579508,0.892337767754979,0.436855352494185,1.43151897333776,0.82330754146398,0.382347422773519,0.50943838579115,0.956230421770991,0.332851623705898,1.45922917662048,NA,0.904044057074916,0.857418595732203,0.801627817066828,"M 344"
"O6","P6",0.796429640516049,1.46055812205927,0.449090464031597,1.48167369761967,0.719709798356212,0.256394528614365,0.258301201538957,0.652517438763487,0.247758431207567,1.32679955238464,NA,1.12922088633478,0.781835535469923,0.72768980445702,"Oxamflatin"
"O7","P7",1.39394359525378,0.765243396023966,0.876294486842154,1.30864215122251,1.203271094772,0.955150586005983,0.690377877877878,1.0778850764486,0.88135708843756,1.12163402561529,NA,0.918421096323718,0.825831770953722,0.815125011402507,"Salermide"
"O8","P8",0.975481917582933,0.848446572158612,0.795040308156437,1.03759060220338,0.892189079330571,0.351991150162654,0.559985877540696,1.28600823045267,0.761355370860983,0.746758884209593,NA,1.0781900034677,0.755784772282557,0.860526308571292,"Mirin"
"O9","P9",1.03323193496559,0.148205838778321,0.960485938561471,1.35974443268141,1.44138832228455,0.81079524435914,1.13256113256113,0.774025057799538,1.25492135656392,0.741823995673536,NA,0.957488359274706,0.633450841078162,0.667702885026321,"Pimelic Diphenylamide 106"
"O10","P10",0.841080658465407,0.709387454592419,0.76326726120607,2.02509924028911,0.582360046608596,0.139637632498855,0.309844647930803,0.610235720991601,0.443868847023377,1.17991355610251,NA,1.0618075130504,0.502443280815827,0.562092273786093,"KD 5170"
"O11","P11",0.772327738718724,0.836495268458605,0.498733327917633,1.82419897550728,0.605845855782139,0.163686787177243,0.895014518712203,0.684245791667973,0.58277863286928,1.76980377984938,NA,0.603913876385786,0.550964014834487,0.588960457279358,"Panobinostat"
