"WellName","Canx","Egfr","Errfi1","Gapdh","Kpnb1","Myc2","P53","Rab7a","RhoA","Sec16a","Nras","Dnajc5","Rpap3","Slc2a1"
"A10",2.37100780369262,21.1764954101423,26.9381738029913,12.537386310317,11.5484481211491,22.8143782632524,1.72062613963717,11.7549237077141,7.48336269606949,0.900163272579749,2.47119587408655,2.93800469240198,0.242095532363139,6.7591315830674
"A11",2.9954722920873,20.1274708892196,31.77387344985,11.9702035768108,11.270203189716,23.0948716263978,NA,11.0808094811553,7.72751154528176,0.577677439237293,2.46288558280656,6.63227832709379,0.258008047017024,5.88095823932538
"A13",2.10287812730644,22.2131511890592,27.7930550171409,13.1569202091672,5.77051491779682,15.658551089449,14.7903632092875,8.89922014184965,6.98165176920962,0.64912398353803,4.12940275474286,4.1039678113515,0.252406919923536,5.59552315101597
"A14",2.69064933695443,26.7857377896783,27.9045435450662,18.1747180119234,13.7968838515715,22.8387054780976,3.49288846369277,12.7060377104381,7.08483113176422,0.852551839471459,3.68765333307232,4.65872817100415,0.251409362909072,5.67874994185533
"A15",2.51006428252908,27.0756821332438,45.3334990151747,22.3888681634998,11.7009961704163,21.5798232043068,1.25389242677911,11.3806552122972,7.31968533949619,0.664322931225326,4.65817624035263,3.73278454956758,0.258790766102521,8.47923858215832
"A16",2.44898214049697,24.0471510493835,42.7788516571891,16.4778746362289,12.9817610576459,21.7212361809837,1.44605998696745,14.3259535023361,6.36677328200452,0.784180689813132,3.50398494331723,3.50288136726827,0.257634691197982,8.13880868601053
"A17",2.42920346192398,30.1705153873288,52.9483051218835,19.8594690066462,10.475770008884,23.1912031644859,5.05316284296291,14.1187179347345,5.87932125893999,0.954166966080012,4.57827411439668,4.65086312486016,0.242285510207411,5.48585932309579
"A18",1.95113717677823,22.7276167843559,37.1405709983129,26.7201786047175,12.4485864498286,21.4571517518511,1.72692339748026,9.84213045908544,5.54325090049366,0.878446177874227,2.63815047342717,3.6430265229139,0.21063002684161,8.08997125954778
"A19",1.68495183900546,23.907291062628,37.5577261210343,17.5307005702619,11.8772689338378,23.0373858103171,1.54839416840016,14.417488151712,4.73740755782331,0.933029375903328,4.47354627663753,6.83509212426168,0.251186093664042,10.6626611704705
"A2",2.33161895370974,17.3306086966223,65.4309184165723,25.9663093078574,14.3099539616864,22.9401142362908,1.08928667435138,17.9682931670775,5.99513908813017,0.907694816512272,3.39456952662224,4.11686230512088,0.280051980275816,6.03640474319707
"A20",2.75771901878055,21.3602366179795,27.795789907364,24.9336700405845,11.5732617924057,21.8694108108152,35.333287611687,15.7612619536598,6.60182349651432,0.837661749203869,3.13383958149929,3.71059086782697,0.263150440174864,8.60817134503637
"A21",1.52307874144525,31.405749823647,30.5736843780267,18.7589235463427,16.9849216721088,19.3391988038394,2.48108301368086,18.035178924729,4.73902262343442,1.00316514594651,5.25593355800276,5.84110430284823,0.243595653062572,5.5331459503142
"A22",2.10982180771759,24.2061788916791,43.3810637634512,19.7444774884839,13.2351900000847,21.4434400861873,1.84711817058966,9.61859928322653,5.48320955320856,0.644535246390408,3.81749713131111,4.95514245659526,0.268731640152117,6.18267673917595
"A23",2.2313513482308,25.4559725509017,38.7820946542531,19.1091117538795,13.2339344497713,23.4131631046341,5.1374825678,13.730976417871,NA,0.623941915380718,3.21147384693473,3.65469576718338,NA,5.02094520177416
"A3",2.91145515320945,24.0915074494615,38.5868396641439,19.9067736070474,11.5225780238336,24.5457210453914,1.57727929660028,11.3718481625134,6.86400278319868,0.742720910580664,3.24567623012564,3.72485039611824,0.251034687085655,7.37747389620865
"A4",1.94843004891737,6.96509002365819,11.1938619276956,21.9987033073723,3.94008228707854,8.80925155859627,0.916202806326767,9.27835684440667,15.6752480051685,0.730335505239323,2.20294890992771,4.85881381672637,0.292799918732886,2.43438731147108
"A5",2.11463638677237,25.076306953224,46.5682492761507,15.8161349475137,12.7348632181517,25.7825305221011,1.24261872768247,14.2568054263172,7.21819740272983,0.828900456346351,2.5448176146004,3.79883659855685,0.236277143828134,8.51644212847734
"A6",2.06140588102607,23.768165967383,20.3122245146072,13.6855475218052,5.78351322026787,12.0575905739481,13.3493050829072,9.33622263267199,17.5143187635359,0.865087669069571,2.46567882580193,2.96323980442999,0.30154261464867,5.83718602869807
"A7",2.64670262903986,22.2225205437506,37.0601922149936,12.9358327685985,15.5870539411971,23.4522832583711,2.18203109609537,10.3094151262433,6.60720503838826,0.932592677743705,4.7137621354155,2.68789727754315,0.215876519704408,6.40533453631365
"A8",2.44728258985982,24.2350740142185,27.4205453132966,17.8539798964736,12.3336329760688,21.9944570690172,21.9742791650591,12.3683005520547,6.46800646613593,0.857951001740691,3.7669153760225,7.64420679309404,0.231970779937886,7.61912896620928
"A9",2.10227738802614,18.8308014309554,37.4792869880084,14.6800849269267,9.99499436007077,20.819382033336,1.80677762108624,12.9284097521799,5.96489614759844,0.829587266478713,3.23307207468433,3.76416714930966,0.239409542423659,6.34618668300881
"B10",2.60759004494699,23.2474468115433,24.1351771434082,16.4949870724603,8.99031555559724,20.9585143940039,4.0401345461543,12.2558655798515,7.52798728435417,0.621989360064472,3.54049483464411,NA,0.249320285720412,6.19291688654807
"B11",2.31798892247209,18.234075803701,29.6462030154975,18.3286860731824,9.15551745006692,22.2911267895733,4.78854118212557,13.2948601678598,6.96239475817124,0.710692850523915,3.45768206180441,3.59025374184465,0.269510264996992,7.15581113618052
"B13",1.70954480121556,18.9084979630972,20.9007338746895,13.1127476452808,4.95994617493329,16.4113394533937,2.65824909283865,8.97155859417947,6.86816578734402,0.66512661034862,2.98949703094401,4.46707077981994,0.2668227940408,6.6041650369714
"B14",2.61314964969895,25.6391761317967,32.5125225409122,15.7224329268012,11.9405957697046,23.6416506298737,1.86281941668595,15.241832800139,7.14999759083883,0.564276482680718,5.05620615073263,3.68496617163697,0.244590578709517,8.88509240179737
"B15",2.30498271379922,23.9729092379058,24.6795926886869,18.4168114536296,10.3049400366389,21.7268574867549,1.89888354494701,8.10123760628075,6.04865372786749,0.903500504858969,3.023668164697,4.58541232923677,0.266362567101829,6.43839920694265
"B16",2.48615860487681,22.5567284387724,38.724939828614,17.6170088195848,7.99002285986537,23.7689572890658,2.28615876838632,12.3335780816942,5.80551818719376,0.67409816929917,3.66130137283499,3.58791182246534,0.228808415405431,6.41480640863076
"B17",2.27066340333807,20.6934256262072,36.9270045150329,14.1555582021098,7.57222315786847,22.1936189533007,1.37983614395967,8.28936397773211,5.6472120117256,0.953342554338966,2.83584956993679,0.350339939773144,0.203727682349729,6.10779525948246
"B18",1.76853581435647,16.6707387753919,41.2873990825484,15.0016303826966,13.2429588711247,23.5259055111002,6.40118448574318,8.88177770661701,7.290535843352,0.7864119109238,4.51398778243988,3.84010243381732,0.229775208497201,6.46894017939672
"B19",2.38613589415005,21.3116860005659,48.5222241209496,17.2118467112304,11.766724920401,25.4577068301342,0.0585495969165509,12.7004828142489,6.25726126945433,0.783580538281411,4.48454048119352,4.26029719800729,0.282963819706955,6.64678062411169
"B2",2.21561892720737,19.5579013531629,31.6925738487545,13.0503732913258,12.7542276740305,24.8844418214884,4.9481895581378,11.0345372123602,7.12900541291101,0.903052202002841,3.40614765555933,4.55481063169957,0.275353557364621,6.40102181922182
"B20",2.19415557268318,17.2249303174386,22.4966434433353,14.3642826996005,12.3036474749783,21.8228894066536,1.84540716507322,15.5426785238508,6.04206787955053,0.660344349242933,3.07881242401491,2.87419411557949,0.2281846016631,6.9426396176949
"B21",1.73797445500522,20.6309998486004,22.3727767174773,21.8702135914138,10.9234807472497,24.0311666688952,NA,9.83526726475373,5.35710418432786,0.780692842791911,3.78009471350336,NA,0.246691242778586,4.99717025612362
"B22",2.23637149361325,29.8941649128626,42.6887166739204,22.9736642632481,10.0722009878661,22.0296052251543,5.7322370843109,11.5075277206248,7.2104278222746,1.17871353599891,3.43427997264374,1.27155852334125,0.244464907979723,5.36765336771421
"B23",2.44688912610492,26.8063701226197,34.3915320897576,18.8521700287389,16.8478715129229,23.868787932685,3.6020353528962,16.4561908328668,NA,0.647145154726238,2.41342997001675,3.52994928954833,NA,6.21969187870294
"B3",2.36230071095843,20.0602922730958,49.5417055414467,16.9048566494265,11.6022172755081,21.8362565768886,2.40025794322303,9.32000628374422,7.06946716238216,0.773188313062522,4.39043877752328,3.95632679343865,0.250033551665134,5.4089962926835
"B4",1.65978887416755,6.19773169931398,11.1099678182601,21.354237254267,5.7530173603658,11.1140538052094,2.4392547604919,8.70944543756761,21.3850108644881,0.94661383117668,2.75016674105353,NA,0.304494753492822,3.2450856119636
"B5",2.29370598197932,22.9259029076463,36.218526933807,18.2739359905573,9.19562457702894,24.327905718151,0.0467862763067578,12.0994091000795,7.2043374534588,0.638858458475058,3.01040208536602,5.64486135785383,0.271587900446773,6.95598842004704
"B6",2.11710537263684,15.8901279788602,14.08290664715,13.7099847366209,5.66310324672733,12.4589066928364,2.48403210835503,12.7803465814402,12.5856313840896,0.7734343191108,2.61009684611878,0.153048746874936,0.295537032036963,4.06760697321182
"B7",2.1978612141596,17.5555876029332,45.5855138564706,19.2774867863516,10.5975949075786,23.4575800963724,NA,12.0244436875846,7.63661189288473,0.872155766917274,2.36269306815138,0.547062292073978,0.25735940498515,6.94104636144728
"B8",2.36343183766801,23.427904323562,34.2666903411631,13.8928091137628,8.02220325277075,23.0421335962316,3.37564777075638,12.8426464651276,6.43441844995482,0.90956389518697,3.1403846142499,4.58493891751045,0.249337538420269,7.18348170874461
"B9",2.17240379124919,20.835251152876,37.8241077420649,11.2681267341477,8.68790903717776,19.7819793807284,3.27402274432445,10.7206688133831,6.9008947047083,0.747258330786779,2.75367329565769,6.14957704426945,0.220393985841804,4.71399997573833
"C10",2.2816039373111,13.5486413340913,34.5124929967282,13.3433342354586,11.5635752777301,20.4841681790545,4.55575370505505,12.4734740353188,6.32024716979027,0.852204128883221,3.68536513305127,4.54614514648772,0.232911438675535,7.13927207634582
"C11",1.87489793896775,12.9504343798219,26.0146205096562,11.7691574960831,9.06479002162768,11.9198667479021,1.4515950576081,8.15604688268919,7.6854429635879,0.600605909359822,3.00380793241982,5.89831792696759,0.259416471194956,4.38483425098947
"C13",2.02604002923183,8.22385355937034,19.521717354878,11.4050601427151,8.00294069419019,11.8482300562107,0.602955141515436,10.0927073339737,8.57737315209769,0.785303667264105,2.44362131440245,1.9440188881929,0.239776579075212,5.28602092087802
"C14",2.25145095374711,14.5706404923264,14.9288276179857,14.966019078889,11.3368167781718,21.8150836324565,4.3313927936792,9.02632279017406,6.55305302967815,0.756343718258427,4.76197107869188,5.12658602979993,0.282284837000517,5.18243920294132
"C15",2.7073649105553,17.7299046823707,25.9564227800431,15.4997415185201,11.1573849941862,23.3550503629777,NA,12.0392185464849,5.43763897873814,0.675820544506774,5.39457522075064,3.7036609204198,0.281409267626672,6.19993800621705
"C16",2.44476553229659,18.319912427324,21.0018380211079,18.0052171844878,12.6170901836196,21.4150908973704,4.01659680505381,14.2289876749473,5.36014753361343,0.912112161904495,3.24734188038526,3.99613741518867,0.248292389899908,6.85842290752319
"C17",2.79004353483463,27.7836995503918,38.4288822182275,16.3559604352431,7.27129779755544,20.1066877263365,2.80598177835171,7.68873811148869,5.85446160516894,0.858836539897013,3.14728353770725,4.83308737137276,0.216571504849708,8.11409788370038
"C18",2.42679987642453,18.1212024925825,45.0883251217835,14.9761428895943,9.33620007380914,23.2398260942281,2.58074643924059,9.73961931360002,6.8241026302531,0.931312924675663,3.24405287809573,3.76626393382776,0.273362787951217,6.09967792418323
"C19",2.61805578798608,17.85210561593,33.1959795735739,16.0756577694052,13.107024002124,21.7161233533474,2.96001880120175,11.7485348911977,5.73290096119753,1.04934061504765,2.56868188997554,2.85085449803083,0.267012082285846,6.11603940467606
"C2",1.6210469513278,9.7040430303512,18.679601988149,16.543187365076,6.01550219532728,10.994382253193,1.20894938710892,10.852223378029,13.7957222617135,0.962680989956338,3.06531132206806,5.08773022824167,0.272236923717554,3.23421250390019
"C20",2.39189335691999,15.1729295371098,29.8554716065758,16.686575329205,12.7817344401737,21.6381903040518,10.9805678718323,15.5922543691538,5.07678997232714,0.950615059257388,3.36877189326537,6.88194600356005,0.263020461867095,5.597858358032
"C21",2.17899861703721,25.1400144738767,18.5438823643602,18.5663768816393,9.12804423415026,16.652351425785,NA,15.6565191727322,37.1440980764085,0.855427953815069,4.76543823369058,3.31450399469728,0.299035655884066,6.68789422826683
"C22",2.09525009121138,22.2606238637296,46.6417239812686,21.6640271947651,8.44774331074933,20.8641129060156,1.48343808870607,9.57461792029088,6.28309363681768,0.78563705199306,4.63037308467741,0.62882194177492,0.266512587050547,7.01253454566276
"C23",1.90610817417204,31.0393593135106,40.9969429919419,14.187835860848,13.0305266121827,24.1859023518956,2.17834675358134,16.620262511452,NA,0.575933459781437,3.54971586572763,3.89506731523511,NA,4.22296706063203
"C3",2.53067266210193,14.2605389047313,43.5112238172434,17.104073210675,10.4580533360206,22.3009423568789,1.63296768404546,9.53029884744238,5.82882871369789,0.7380909151494,4.28657206077259,NA,0.264027100247783,6.04702637603395
"C4",2.27174621115034,6.05620971168279,11.7020045233139,33.2408720711827,23.7720868374506,7.06713289805985,0.596122265729525,7.03748835503973,12.7530809127792,0.773979718138369,2.03036702941471,4.08781758714029,0.288444337593043,4.19548224568138
"C5",1.58482803862444,5.97209230333922,5.27286036939704,18.6590558912515,5.22942850296432,10.1531203381984,20.9485450209898,12.9775300123244,24.7178563293227,0.993708030636584,1.90752780026363,2.8202141487053,0.258721734422492,2.05544119981635
"C6",2.33455450658373,21.5250658492262,33.0202895893573,13.0913392220377,8.66356871760133,21.125857076966,4.32192893117095,12.8707655656575,6.1330057857014,0.584169689440515,2.29787505986437,1.51813862516714,0.254669904070271,5.08761676089919
"C7",1.7455971914818,18.9296007126229,23.4815814814254,18.4044205566651,12.5543719717114,21.2629209164171,1.68239971399573,12.0823931176464,6.64525897611346,0.918973440227882,3.56833421510074,3.48924326900567,0.268042306197972,5.31271608264166
"C8",2.46556790824684,13.3803248724294,30.8182553678238,12.8169370653342,13.6508717452471,20.0383154168666,52.9898655110201,13.6554483828379,7.08340502940563,0.906821189836679,2.99154409799981,3.08806800818648,0.263932414860715,6.90444782571557
"C9",3.10160543852774,16.1121745736494,31.6135899505264,18.0897348163281,10.6889772834686,22.5692365016406,2.88459316399571,12.3069893061817,6.93451078053938,0.785015365307633,4.06101521653174,2.88844048331418,0.254746714811806,6.51543883123392
"D10",2.58416755117004,13.2768050701115,31.8179010355914,11.9604419984935,13.3682380757632,23.0051842669279,3.43254783892401,8.75336865736989,5.49043733986553,0.718108268306508,3.80003325449898,3.90813898957142,0.262272185784801,6.16861630719832
"D11",2.75932692493538,12.0340010664989,30.7824690478459,14.7055650007467,8.36031969738251,13.4858905114547,NA,7.58870164765744,6.74767828782523,0.560394682743795,2.45951123059301,7.06106281599736,0.24631381799368,3.52368547565285
"D13",1.62010877904065,9.85670363992181,43.5862428524352,12.5410322599203,4.95720402623439,11.8421818434185,1.97991110249421,8.94968373574602,7.63029520875117,0.824447222869935,2.53142687998916,1.94636100880063,0.263900172541226,4.05208292049791
"D14",2.17546242653941,14.7436386579474,24.6490870135124,17.316615172391,11.309002114253,23.1440871679995,1.70127199896395,9.72122419039581,5.4127513240611,0.686813073925221,4.2842334977055,3.5666691545207,0.292373642020897,6.77011067867875
"D15",2.48368353294452,23.0240807595252,45.3523734819162,21.8568773660529,11.025242621397,23.2071823281494,NA,13.2950933693644,4.79163945497227,1.0229084015777,4.30769999298405,3.64085131123906,0.249884711664798,5.95847587223002
"D16",2.92958393632687,14.6893011841882,36.2713682472472,21.785760707914,12.0818441612125,22.8173031145688,2.33966354345187,13.9986635928929,5.59756468090937,0.713850381022144,3.68004437485718,3.98418878709726,0.234273363176399,7.1196403506071
"D17",2.3668876916797,22.4328689660831,28.0231977767959,14.6123886296753,8.76976921244452,23.1384286810971,2.21531080752755,9.05769584991121,6.75555840409858,0.680080161536405,3.46915435881997,3.31925228024096,0.234885796018123,6.8463478754766
"D18",2.4809697930731,23.7615941326519,37.6870552533543,17.5291841967197,7.66175938686406,21.5683457355822,8.16255706702943,9.68957688148549,5.82309488064433,0.788613360958814,3.17118067759044,3.22646803306579,0.252778675451652,9.11260758404466
"D19",1.78758690737961,17.7663324133651,35.3673876994904,17.9197204768575,12.9957918356783,23.1667429391218,1.38106907520592,14.5245560039302,4.73663953894958,0.81573736560475,3.08972383866457,3.03032971124333,0.263513663975269,5.14557590465904
"D2",1.88862800857317,9.26583306352989,20.8041433257839,22.3849699563807,4.18267630008512,10.403449320465,12.1700986045241,8.72232249755209,12.533155416342,0.82203281647181,3.34871096883436,3.14019071375032,0.276026034556862,3.28668217962345
"D20",2.58650347332314,12.6950944834007,34.6621139611914,14.7051289191812,9.37551612984705,21.2490632706342,3.41066695237899,12.9917039252691,7.5590700650784,0.817424318830279,2.65613394064232,3.86375239674285,0.200070666529954,6.05548678267741
"D21",2.47203199874258,17.4465498173317,29.4301373485024,23.6327028792849,11.0838249342006,18.322863549218,0.0281098871908784,12.9456861320163,25.3165187468822,1.25282045351431,3.32655671405614,NA,0.300752395663158,7.23876823944575
"D22",2.09724451018976,23.4047346058097,42.6266099487608,14.601448726012,7.90171471839657,24.2223191399145,0.720190624625041,9.81506086158296,5.3575455254164,0.73398985451177,2.88988306666391,4.03854073621536,0.258346493694952,7.09214124469235
"D23",2.07311964417947,30.9045035094839,41.3490533701072,19.6892946906688,13.1147968394676,23.1783509439455,3.03626144519223,10.8307880290267,NA,0.591501762737409,4.14002479741143,4.05038472767331,NA,4.45656096979246
"D3",2.74772504954049,16.4381282730854,48.0912279070571,14.2606706132828,9.24504076713808,22.0486020891234,NA,7.10232424509147,5.81166677280369,0.806433969654877,2.96646165525879,3.93872782620806,0.239854088867213,4.12839300094674
"D4",1.74967009855961,7.35093672782621,11.0966298231299,19.4191555635951,2.50528556791056,9.38643938325631,NA,7.77216420793096,11.033645166656,0.778779309547355,2.21986749903966,2.3196300824766,0.271051145184008,2.21574322211578
"D5",1.27836203491124,5.5559355246282,10.6165006494766,23.5900488230358,1.43325506909928,8.85574731351073,NA,9.4164217469072,14.2269391158976,0.97237130445008,2.32287997073318,4.72738844555208,0.285361469150184,1.96447921806747
"D6",2.57197829457895,18.7206943546968,34.2831014906465,15.1804076598181,11.8847365124945,21.9751324040999,0.817267911667861,15.1866995070397,6.09324212771393,0.969413532024477,4.18406254921664,4.55290728491359,0.261012891083051,5.42622445779045
"D7",1.76872366834593,13.9125697961182,39.5320729472394,20.7037007494107,13.8242586863225,24.0136446409587,5.45123576700649,12.1303514095962,5.54708978528692,0.986845294578316,3.29683430198114,2.95917578901255,0.274350997942426,6.07807552379506
"D8",2.63240354582999,11.3261492046636,35.446696919762,16.041738950175,12.6195384370945,23.5388299161801,1.73476242163017,9.29818475851153,6.52731078024829,0.790075815615944,3.50294036298948,3.89521452246578,0.245780676040547,5.67238202235819
"D9",2.78570488967704,15.5222826246784,38.7910169368849,12.2451989858877,10.4750900557005,21.551465571314,1.54812946275293,16.7964748720835,5.56840463076117,0.563899024124492,3.45990457160497,3.1187341865508,0.250581496902543,6.03564817057842
"E10",2.24343348402605,5.1869372695933,6.34657641581784,20.0188187785767,4692.48618781096,7.10043318701501,1.43861681003314,8.83367555749214,14.062353647142,0.803131296554058,1.58230496259716,5.32437072368199,0.244508060183165,1.69100715581788
"E11",1.53569716523455,16.1291114195743,34.8852152566019,16.9767546897615,8.47793512307156,20.4722978875703,3.4720095695132,9.54831542147959,4.62122156159405,0.564490839561857,4.12220337730922,5.62205235796537,0.201966078596746,6.97683476142302
"E13",1.92505939427656,19.5043499357034,21.426088343295,15.345884928242,9.65375680873358,21.168781837883,2.510674372599,7.91446861881107,4.37834626275597,0.708991672968012,3.28753529457791,3.99112664616118,0.225042817774703,5.89774740606285
"E14",2.04817954934117,13.6607790469593,30.8436717017994,14.8682073254697,8.79934969658878,21.4441185933611,1.31230604353931,10.6397356080677,4.45050313535999,0.87636573389146,3.05484473183696,4.62559964346634,0.251429579608334,5.83483060401525
"E15",2.12179141893201,17.2277426769623,38.9776224450515,20.0493036350608,11.044579905763,20.2401535282655,2.64297027277134,10.0342788965971,6.283817839192,0.859125276496555,4.16872519951784,3.32054446405349,0.279673738073723,6.91237666814292
"E16",2.48473058724718,17.0124878798605,48.9063743228915,13.8037643413353,8.14426188123356,21.0829004111051,1.66715481755169,12.0949883647378,5.47484789500446,0.877599308706225,2.62431267609317,6.25750858667399,0.236427871514186,5.251005752953
"E17",2.66307629345735,24.7665539522643,35.4804824890873,17.6463420502,10.0070215415885,21.2072454037767,4.10058760483105,13.7302313170953,5.29269666137257,0.594510662406701,3.19643877975365,7.02114855914455,0.243383472467519,5.68924571807558
"E18",2.10251838065931,22.0284166041177,35.1947487352633,17.1002973757316,8.08418860630124,20.7125238969062,4.15699242587424,7.77060471498292,4.5038023377019,0.702251264657835,2.9645465965008,2.59800565298626,0.237388883097719,5.78730592090912
"E19",1.73462989869122,20.9837328883055,33.646122776813,15.0006957863675,7.96683522775413,20.5232165300319,3.71926450934824,12.0768533520332,5.90982645693896,0.623360592049048,3.23225442481817,2.42732477189016,0.292283936930598,6.22929210794487
"E2",1.44474468264458,13.4185781444017,15.3609882861634,22.8404398577177,8.65685814092924,14.9735996713889,2.22730512696592,10.4789389450894,20.7180361853406,0.942142208664052,2.81300167879447,4.28845239073633,0.291621418043246,8.04485715840132
"E20",2.29228812407702,24.7162097442913,31.2947935731197,21.5371291314612,11.9498757439466,23.4876110731055,3.64469871291995,12.2527011341384,5.8094761976349,0.941307104391781,3.44747210702344,4.71050974360572,0.233318210423625,7.06411641358446
"E21",2.67308837685277,21.1995802266972,40.527799639908,16.6485437791054,12.6541724680778,19.4594802395794,4.75502585019275,8.29220324383144,5.55754909826134,0.732168160193011,3.62461465044975,2.38770066244382,0.255466558561949,5.3891242792162
"E22",2.42466054739373,40.8265725619165,95.1081502564621,25.4930132277759,11.4128323272991,21.3759477836582,1.85906635327758,11.6321312739289,5.67430594614602,0.639391677378105,3.98504527641104,4.01143468530684,0.248174038589408,7.71741881388395
"E23",2.46073488710369,19.9768211854388,40.4814562544034,17.1411927923071,18.3075315711967,22.4748871918192,4.96535896225647,17.0685583432492,NA,0.79012519809113,3.76204728575535,2.87784257530572,NA,6.97233159087806
"E3",3.07547935110418,15.3799474183746,33.737987341085,18.3570163083031,9.7459566163596,20.8284282344328,5.90571880202961,8.8613040989827,6.48681663042146,0.880348842582651,2.4444805840543,4.82652896712594,0.292021137023657,6.9003933454339
"E4",2.5857514309726,20.4903544083113,18.1559858622177,14.7588417605043,11.9419955659917,21.7180042775785,6.48896564797298,13.8997073185108,5.18131627688314,0.672667362492867,3.77644452182888,4.11610329558722,0.236181204368142,7.83198000007754
"E5",2.38502913468696,20.4433391191531,32.4036700028351,19.4326758774974,11.7056617098239,19.6382775346988,NA,14.3402200016706,4.93861884696047,0.754246809809108,3.33962666416163,4.56505936904859,0.226031802266266,6.17775893375873
"E6",2.06030902019334,15.9018058821911,38.2348676399288,15.0524887284638,9.83591121373604,20.7051392701528,2.7979924138163,13.0804179269121,4.88927817854418,0.80098758106878,3.17330418863993,3.75722108018658,0.251738682231297,6.3146530298145
"E7",2.49786904154293,19.8883571323675,36.0774124624876,13.1010995427786,10.7765566464037,19.297340895142,NA,8.37083133260188,5.23311786532838,0.645674593066095,3.17336715451525,3.71587277216834,0.279680914370251,6.31670600125443
"E8",2.56350883789974,16.6944530395768,39.435584602019,13.462124304884,9.21242619948377,20.9905648569819,4.47276091249677,9.46135212563193,5.70842529697182,0.72548336495161,4.29352441236261,3.43254184244914,0.235975929574596,5.60807825277956
"E9",2.64730775584814,18.775202326751,36.5637360647505,15.9303892515024,6.01070652775145,21.3428390472574,1.76322973496394,10.9017534383082,6.1481159856504,0.62884007046809,2.60636662451685,3.80255386297693,0.244248515722652,4.82228652012498
"F10",1.60401232570846,6.86075425211778,7.37250826681794,13.0489382510957,1.97265135260178,9.18369016878276,4.70632356974689,7.45336221926676,13.917225770217,0.707988516786724,1.85042155941773,1.83904570692112,0.252529231238803,1.64679393836227
"F11",1.87660793450294,14.0663192148846,22.2309340817984,10.0340903472032,8.32074066703496,20.539575904391,4.98688689905721,7.88242753732095,4.63940741732615,0.722770387877684,3.47308666616934,5.47878163165842,0.250391964579408,7.9705856974511
"F13",2.03207451430064,18.3153095104896,25.2602696421119,17.6537781113488,7.74257675350414,21.8127404116454,2.38311534419469,8.42738551396063,4.3781038566385,0.879855201346988,3.12735271105311,2.26430504778394,0.217038578430858,6.09344846205397
"F14",2.16662412223864,24.5999870676412,20.4515230344954,14.5639600597702,6.99567820806604,21.4483152367598,1.02040791069346,9.50628608159204,5.0141174747776,0.8884139255078,3.00030209642611,NA,0.257401599097358,6.04474929250984
"F15",1.95501566519873,20.8606615929608,29.1040625889608,18.9992319914087,12.3874217217832,21.7340236075755,3.92388266375049,11.4201237218628,7.42562631131393,0.869132059838306,3.91510670072798,3.02502767885753,0.247898560438532,6.48070041177341
"F16",1.67005349182509,17.9828235548416,31.5640261133713,20.0002115611584,10.6078261020324,20.6990328075844,1.89268128251618,11.097379967301,5.89923246295711,0.689370117993346,2.47475815617555,3.95863170604849,0.249976438669808,5.26307140573719
"F17",2.37709183370652,15.5728123904245,35.5752629245181,18.1108937688564,6.90876268572534,24.5385668428942,4.89584933394869,8.53421696507574,4.91704202232758,0.840247439701437,2.62930882552979,4.41160541537734,0.243732187637389,5.92070647098147
"F18",2.61338036146572,15.7985284822177,34.1289277795762,20.5228991993643,13.028617877748,22.6434271043191,2.02927489646934,8.8827158167352,4.87755913671741,0.843047054931468,2.99515363076432,3.07104405627987,0.247804911259683,6.54331083079404
"F19",2.10032617842667,27.1962346389367,37.5872684757374,15.9784998762009,6.62479509741969,19.5069535463734,3.76377709899408,7.43660607831078,5.69287069622237,0.781317045248804,2.58824353985082,NA,0.251564157687684,5.80752947361303
"F2",2.26775397677832,14.3367274061735,17.3559024614596,23.6497735508394,8.00374978417218,14.1808821359446,8.94112054058694,12.0583743641176,20.1324605422175,0.797824184163878,3.02643478268514,4.28144420718771,0.288153865031995,7.48045939437881
"F20",2.04670570039501,22.1909200052067,37.7199369386584,16.1844439793381,9.50125399609657,19.4226628956111,3.13686144667905,16.449083508548,5.65204761284464,0.667972277608326,3.11149796282755,2.62494137540699,0.259057792636292,7.54588151611636
"F21",2.20105689903136,22.6594282971966,37.7456635111105,17.2725334317174,12.734118797371,23.7781077879508,4.02898253666826,13.3789765059672,5.32071598911015,0.816993293191726,2.53227143725756,2.69487546143891,0.235194292189873,6.22370732437036
"F22",1.65263475536092,33.667080360252,63.1431051359603,23.1348066851025,9.24443122688361,22.50649717522,2.61903747041972,11.1466201084419,5.70065512155217,0.640633952314231,2.78263719543754,3.12727710363082,0.247111767283322,6.07363299033764
"F23",2.34466283531662,26.6560685769202,44.648014275809,19.9986370370214,12.2806614394945,24.9163484942687,3.80954076920346,8.73146967825887,NA,0.691804926319302,3.55915699278286,4.53630949664,NA,6.3331418165204
"F3",2.44339974344369,22.9128357870958,36.4336447703051,14.8287173856669,9.84456447240374,18.9574344356837,4.09343885712929,11.1285754271618,6.00301176369806,0.571846399697027,3.57095202707773,3.61299507432031,0.24912492529622,4.92281911566183
"F4",2.38655796997437,22.9296826652504,45.4891158981931,13.9525628308282,11.2613830454459,23.4751441370649,1.52736322800656,14.6241801278341,5.9721837391875,0.727555411410836,3.04252264009374,NA,0.235986955389398,5.66160276759534
"F5",2.14696234814742,22.6673208234289,30.2615079707904,13.4625579642513,14.1711028906746,23.8077825777451,NA,9.10124328012041,4.75674153823864,0.694300449400177,3.63227947369377,3.19808358671001,0.212664825360452,6.45171298229284
"F6",2.3613134979506,14.9697905705097,36.3291675870851,10.8332782380168,11.3513830588174,22.2526318136145,2.61476295287754,9.84793152430779,4.96795552237484,0.628786066626518,3.81812789477296,5.3011274807455,0.241682752811957,5.45369988228311
"F7",2.40471951525323,21.7367386666868,24.4400800844734,16.7435660524291,10.2040878037186,20.834374323186,NA,9.39743548659412,3.82414223990904,0.651925281782823,2.89453527840018,NA,0.240908320799916,4.1855621609127
"F8",2.03455298648957,15.5616111067043,26.7238423160699,15.9574596020405,8.28280109401418,23.1349668687206,1.51534032087674,8.86927041149357,4.56520467135443,0.433328264335925,2.80430605786343,1.97254358229301,0.237012384263047,6.07703950242713
"F9",1.79254727040648,21.6944058792205,19.4627143289296,15.7196823649949,5.94545047149354,20.6248040480246,NA,9.71316550908242,4.73206279726255,0.646559150217551,2.87181065936899,3.6551836413187,0.242289196056489,5.58743251135773
"G10",1.99263860739436,13.2938914578742,19.2997440693548,16.1988845776178,7.83255739712545,20.7868514104774,1.94831596278363,9.66243108754032,4.42587256342561,0.567729188868663,4.49871504616392,4.77180614558147,0.376029486575956,5.49871736665794
"G11",2.03720905008819,18.9535743343951,30.9725041243444,18.1973193369694,8.60627283136574,20.3814595077112,3.22241751291476,5.50221438809609,4.72144625235865,0.78353780087298,2.89200535803516,3.3809933206039,0.267943835046498,4.46240473793377
"G13",1.71761710450883,16.4064282967327,16.3484316959086,11.4733179561683,7.78998338341975,22.2939802059637,2.17874166412395,6.78401607340721,3.72451382790423,1.13588480673309,2.60918824768611,4.16567139398426,0.220643345529563,6.13707941789545
"G14",1.64791378935785,15.1892524060073,23.5305683368474,18.1872718910305,7.3046945856494,21.5158342803599,0.903047240105797,6.72341558318912,4.26844078748085,0.594236365520674,3.076992672709,3.30932806980043,0.227864547169982,6.13939059843851
"G15",1.79393238377813,16.5245009905385,15.2526648870005,26.3859094398585,9.35293324842409,16.6052446109085,2.8624579580979,6.70021345388206,14.7764864134745,0.816884887849344,3.09213421308286,3.20249015045143,0.284942483002642,5.56654201202839
"G16",2.96405289408405,39.7015998668625,52.6435408897055,12.7804884222763,6.25292028303459,20.0464308724537,1.78725640071359,8.71887155018553,6.24272531511974,0.827506644627728,2.75432585870056,4.02453717804801,0.206341718201731,5.4713292629152
"G17",1.96178988049101,19.4439187874071,42.7921258298488,20.8345585710303,8.89486783462373,19.3814010718046,2.5307842670889,9.95156452168048,4.40011024235234,0.706523148953675,2.83839735771534,3.38886491315222,0.237663754405054,8.1350659013576
"G18",2.52723743561384,15.1051587669323,36.2640605865653,13.7366335758747,12.0743804616155,19.8828231755883,1.02504169096655,13.2804906171669,4.15706807414435,0.564481992780339,3.01456236096431,2.4897270060682,0.200790870466085,7.30608589758745
"G19",1.92239061799999,18.170300978536,9.29744167139994,28.4267757840464,9.424065381677,16.5786337980346,4.53396404489744,10.6999706859563,18.9505186709461,0.746120531348502,3.33432013440154,2.94091257724043,0.293950975041019,6.57609898952079
"G2",1.95079814801714,12.1857351379705,21.5927478635922,19.9868960716763,8.63288348222238,22.3837843900341,2.45866899891092,11.0861377750615,4.27893669866341,0.611487414993534,4.00752100039286,5.19390494087913,0.257737020892672,7.27974236117799
"G20",2.0171568729286,21.7271051584696,22.1628371595732,14.907484140277,8.50599652567131,20.5551082281223,35.2696922617741,8.4205138165403,4.80215828672737,0.777629016184421,3.18835544292628,3.6746522022292,0.232511998520524,5.56837306997631
"G21",2.33850323424153,26.2702839680942,58.3320312741398,18.6575864120057,10.6636865307053,19.2428782127564,2.99813914098323,12.6887997129268,4.23275542246376,0.744337443483754,3.21285033084977,4.25976002206863,0.279674921178581,5.1960938525839
"G22",2.47432770664828,24.3934216177329,26.7943541002243,13.6356492622095,9.43799520314041,21.7761193741001,1.23084953103625,8.17075228124534,5.54905641750508,0.796562518589491,4.12495318245538,8.05602232390428,0.229720598194206,6.06402769451907
"G23",2.46535955664745,27.129917914556,39.5389432937805,17.730035801662,13.5075163060365,22.5195890219849,3.16807260922784,15.8819138915121,NA,0.839768409865425,3.50612431438769,5.09817013411846,NA,7.13301802837484
"G3",2.02479092929506,23.5154757867274,35.310153431002,19.2518404117043,9.33901760004269,17.7166570518195,NA,9.97161722973899,8.06521908607264,0.65232819832872,2.84671443593245,4.10538426683977,0.276507765283496,4.53609679145052
"G4",1.68216472257105,16.0612490733899,27.5496361465913,15.1329891983744,14.2778717256094,21.9926864168318,1.79388542351154,10.4867581542772,5.7578183053469,1.03751923789625,2.74317652702469,3.03515765067659,0.254557723852832,5.68106346147703
"G5",2.39844559873221,20.2690161700908,27.8907168817139,17.1946561057776,11.5402182126881,20.5444279382328,2.826490698646,11.5620851683589,5.2239635808842,0.713946896176391,3.34606884707152,3.74747413148194,0.249003898429702,5.92340218805645
"G6",2.84213828638024,13.395515128595,24.0160520862146,15.2714307101271,8.07537955081783,20.8063572199507,48.1810392186814,10.1817955084643,4.37579384622885,0.565817788984725,2.7862666922398,3.71343332896232,0.275468392482018,4.87562930616745
"G7",2.6743955913722,18.7583185267434,37.4801931804691,14.4637068208348,9.19930256244394,21.8602751588961,2.51494614961814,5.0341677675742,4.21814876970226,0.601910574806716,2.64067250812919,2.99449580936425,0.242067045463601,5.41867112145539
"G8",1.31069430633461,13.3054782103003,18.4163634350582,11.2018954363349,7.00487988054344,16.5980961674229,4.13962351491061,8.07851536683518,6.95008371122875,0.805777840726267,2.85508338880982,3.31662168165877,0.272802521090315,7.1421673245289
"G9",2.54921557033584,30.8931506089144,53.4498698306277,10.0624371946943,9.35070595697877,38.6826296419199,4.1581299304595,11.1203736117071,26.2453753614909,1.14527077435525,3.15765963135811,4.2055344467387,0.307433656059269,6.90195614571822
"H10",2.09267232001281,13.9781936381974,30.0386812963532,9.94107424484055,11.5642512599221,21.5722609805611,1.95500332716589,4.2903432937875,3.83631539367846,0.716887751501132,2.93354123830897,3.87699703867638,0.295461108754229,5.02055743170782
"H11",2.69362429550098,10.7507997215201,18.0350297393321,14.5037415484519,7.2282898039362,18.8085384846904,0.991450322440603,11.1374838521455,4.50555317280414,0.503944950208379,3.26070459156479,3.25220309094837,0.273810728416948,6.63325399050295
"H13",2.3094059153445,14.7324472807425,26.1409820013383,15.7248259054369,8.56791835641043,22.4961477251911,NA,6.55110821165644,5.39820726455333,0.526969851143216,3.71751503389353,2.71916886054463,0.215720566762946,6.49122331190693
"H14",1.79474504454458,18.7771303419274,23.0703582236652,11.888133352383,8.12932545818779,22.8721796562576,1.97600373659336,6.58078637706446,5.209236549161,0.675967407481597,2.62729480464004,NA,0.230773269774546,5.323913876139
"H15",1.72742759753905,10.0226805200199,7.24565887942817,18.9330993741857,5.81490107582022,15.1267953129961,4.27681371146442,5.96949542083456,22.5312183464963,0.868002478038746,3.31656236841233,3.30859971520195,0.267861806964245,6.01790252470145
"H16",2.56922915208223,34.9967277047146,49.2598726299712,13.1497362474785,7.68043198707333,20.7512532942198,1.95382979308614,7.08701899043075,5.8142116395818,0.917081400784863,2.75206917849521,3.29014460998606,0.268892232822973,4.61495525941508
"H17",1.9381041092796,25.629168264479,39.0384179770372,18.8305544410466,5.61095032734947,22.6196098841955,4.83429160495387,8.21885031394616,4.78434894497915,0.719995978536909,2.73436444705645,4.09462530133609,0.259155474913183,4.35377512913731
"H18",2.44940964100202,17.8794585902506,27.0662642113907,16.9016848393647,9.18293196192066,23.9547325345134,0.755744830158133,11.316338393651,4.60716273470292,0.609722563123673,3.15474391085377,4.94623947449042,0.23064366635065,6.46651234593775
"H19",1.9618056335871,14.6900439389512,10.7973774296412,28.6758144970366,7.93938068386924,15.9845907684152,2.94251342013097,8.54297151222086,18.538272685958,0.862755865752741,2.80585243470961,2.50806542514311,0.283973780199883,7.8774806448902
"H2",2.63274307034666,19.3880676609595,37.8161591561715,16.9111890403919,13.8028645426636,21.2687436568446,4.49945542423505,15.3983532016952,4.75873973685688,0.718852614441828,3.02191288795004,3.19899022834617,0.277983972963628,6.69765537090222
"H20",2.11253228647616,27.6626576111643,26.5641267593572,16.4917903670145,6.83770759063465,21.7328274378581,2.65983726128445,13.2312666689081,4.52210776666862,0.734112943572757,3.48887712183507,2.12923987490802,0.211973334061579,5.13004574527457
"H21",2.43669148069917,18.2205035772791,30.9107509970603,14.8681052837706,13.4304984561318,21.3265390413669,2.53367525089157,13.4608773865935,5.38597507120281,0.653184186183742,2.79884387809733,3.68380535346814,0.2818108166558,5.62211853359786
"H22",2.04790354342483,23.5645374642293,34.1764523101368,18.6020977094259,10.1773379295763,22.6146707311673,2.61492423785392,12.3842885071758,4.58088225722283,0.476318493396482,4.13915970346299,3.98177540832906,0.226355898843982,5.16652173794873
"H23",2.2137637321583,29.4503483866779,44.6117822285446,14.6282968847692,11.5313699002076,23.2656268297695,4.05750709471845,10.77661886023,NA,0.638649397878233,3.26540731138727,3.48377309492587,NA,7.32443789163802
"H3",1.998989383098,19.2778272147589,38.2491727307842,12.8452106292557,11.1826683485852,19.448784780155,5.71930685289262,8.83189290859342,6.7595185245813,0.69059568354775,2.5341283186335,2.419339415217,0.23615548932531,4.64212877988617
"H4",1.94823083897869,13.8771032522231,16.9966693205,12.9227796270972,9.40837201217715,22.4722346132526,8.32293512848062,8.45190828408338,4.98932597830274,0.772096269319389,2.80993889838659,3.93745082766892,0.167825917461594,4.61891795892408
"H5",2.66466037145428,17.9406200816349,30.9003093289018,14.7594329579754,10.1843822986549,22.1410208249503,3.83785465731457,9.1844990011156,5.39012577357836,0.774464193013119,3.24177303519481,2.71334863065274,0.228061516032958,5.0123043940741
"H6",2.37876826741656,14.5770673112855,36.0937488427992,12.8448204289427,8.5659238391107,21.5409457592807,4.21168593575501,6.01072198889236,4.72774626981035,0.362729549280804,3.45367436870893,4.27824891285634,0.253180839686634,5.66675028703314
"H7",2.12878890137619,20.8591033068603,32.5392288874231,16.3881309366416,10.5881947869407,22.0595257231199,NA,8.64387797500699,5.00668477161553,0.615153839263812,3.39959933270651,3.48982241036508,0.224302475129647,8.51131735489841
"H8",1.74137338615268,14.9911203083493,28.8302558815854,14.0539260999886,9.04836644780001,17.9916840578674,10.6797495863299,9.42258466205477,7.92196770909105,0.851712502047249,3.13898685854371,3.59163914169735,0.235520132434396,6.05249332342556
"H9",2.17420601575995,29.4217924144044,66.786907687911,13.8312765756191,12.3484006938874,37.6408091021652,4.91588350485531,12.5653085877303,32.4191652360151,0.877742840844646,3.03883784868138,7.12070206072519,0.213781090944941,7.60526386097073
"I10",2.4957995014996,14.1956062653965,22.7808077356706,10.2324089719974,8.60300383758037,21.7834089599805,2.32323385285664,7.92269540598186,5.0180229056236,0.722898622928085,2.68331114163637,5.11049328538843,0.195913140847536,6.43438997831845
"I11",2.39048372804013,26.6715686896145,20.1827945789357,13.6284345192523,12.8107274326253,22.4572969566555,3.80588772592605,5.66837834261233,4.63599918088075,0.657475609214354,3.64122675852027,3.47923995119461,0.231599034779495,5.91933017914768
"I13",2.54535538916681,11.8590915497838,25.8673872396764,13.5740109729555,9.08301450361724,18.5668517386052,2.50144046778846,9.8903230823775,5.09701041360726,0.613196287821767,3.74458219488185,3.81819195640666,0.222189734168487,6.48322904397305
"I14",2.21059532364222,13.5300768120934,22.3867728137198,11.4416274862166,9.90721786871697,21.3895982234228,0.660256094062292,7.09453790344819,5.39150448053597,0.701435721919078,3.09002732259736,3.92185287061025,0.192508482281533,5.51682647705589
"I15",2.27213181061362,15.2278798371521,27.1019422142432,20.8190510016421,9.97527998704346,19.9475743007623,3.59065482267414,8.85048018308197,5.20284296888668,0.942913678769324,3.09618539726251,4.66534310261606,0.291490420693202,7.12391275820125
"I16",2.28299350051793,19.8565747929192,30.2437631980494,11.7717275786614,7.58680996726309,19.5638467468591,2.98950182817914,8.85067378276364,4.43785157842129,0.543798650731416,2.99020400074291,2.52623867446929,0.244308366788127,6.42792276795701
"I17",1.90105725633953,23.7095058966202,31.0880722647113,16.6941120363005,8.90176772428536,19.254330325804,3.81046349512193,10.7637113170359,5.23809313976585,0.51899707956928,3.75839438518872,4.28893077494485,0.257808064102367,5.80117189989492
"I18",1.17630248267792,10.6061913558772,9.79221224617382,23.9367478990354,4.52808339426307,9.6187469221028,0.923402708883828,7.46839643296312,17.9071986081135,0.767794471585515,2.95974527511871,3.81381271773986,0.253533429566139,2.8727755865338
"I19",1.93714059641513,8.38797685984053,11.9427614967003,27.5577897746684,3.17498491930199,10.6815886969853,1.75245352633141,8.85482847070302,15.0109311315019,0.79034018519394,2.16010315771021,4.63105483266704,0.275731865523447,2.210510418381
"I2",1.88741678861844,18.1660435922914,16.0851773044356,15.956087798499,11.33712152487,15.5046346068079,1.53735911273972,11.2264778306465,13.4270272153448,0.723102253352926,3.32451084273255,4.7798324965103,0.258182962288013,8.53904201683995
"I20",2.34324026356962,20.8586754847112,28.1676812896722,11.951799248871,7.5384805235503,19.8306666833043,0.72167422035698,7.3825584631617,3.55571799189862,0.767362139231864,3.21603383682872,2.18991810801974,0.228013264597246,5.69570122826399
"I21",2.23683169128072,29.6032959751937,36.8149319750127,16.6131550755699,7.06846328739023,20.4637963293838,1.97361759820755,9.82885702824152,4.29762180904524,0.712573764544424,4.5660948973449,3.40607407673806,0.253447062991974,5.6897192691754
"I22",2.24464789175472,20.622832937048,38.1831193146807,13.1214802851244,13.2084706098983,20.0256893032534,2.72277408474107,8.64230510444501,4.1820470954982,0.672697891626671,2.99365609674677,5.52550492081107,0.269736410486867,6.0272892682658
"I23",2.17563880858993,23.9470072002971,36.3279410013757,19.2918629955761,11.1490067503035,21.1447098641171,3.17357416808617,11.1636076570989,NA,0.375827680852877,3.37120336511681,4.00962428080467,NA,5.19328350093684
"I3",1.8494760738494,15.0904936677103,11.1437247485546,20.5470409193952,7.07164532748933,15.4782125283145,1.7525149596236,10.271805219939,22.1116546749338,0.980116559905711,2.74430364905005,3.16414713266085,0.302259265685648,6.26623134116058
"I4",2.63615998335986,15.4698201749218,37.3396869896988,11.7461746339571,8.56735033218867,21.540924841218,3.22561670415948,8.2133135101527,4.1781093949146,0.608668384564309,2.49141217395472,7.22661474254768,0.234329005429196,4.91501507021125
"I5",2.27209944140033,17.5198619748393,35.7314479023211,13.9597445852051,7.4711222217345,22.1355092485215,4.2585967709264,10.541598079815,5.23201483029932,0.723366031095537,3.43358346379938,2.69661570577713,0.261391007753332,4.12090080885876
"I6",1.72230176381852,18.0092574137204,30.4689861119361,15.1715972414102,8.47407203370116,21.1168402926262,3.81752742475607,8.00727576018053,5.21440426046128,0.859701380861465,2.36195349387327,2.81460696663236,0.223460398053429,5.49364538992798
"I7",2.08910691669404,17.2040631889385,35.9384158827432,16.7504600355002,8.61075376192631,20.063763525749,2.71754342314898,11.0111546582603,4.88427704171415,0.732186724956834,3.12270545105933,3.36352161312092,0.280743593829086,6.26538647142333
"I8",1.63805372068724,16.3079742062607,19.4196552763006,14.9075317869243,10.0842699148386,20.1152913409632,1.90924827353401,8.49243692593508,5.1615467283095,1.17696126233975,3.79191793871715,4.29667479677071,0.249231784867495,4.89667113830107
"I9",2.41966086371755,18.369428277692,28.2348022311881,14.5419266590565,10.6662949115284,19.4971983041351,2.07355202851011,12.5465882534882,5.33165043523188,0.523000342441141,3.16375463384287,3.88731487341674,0.229918416849342,6.68963901686228
"J10",1.95290397057745,16.9301363156422,31.6763137757872,11.6879466093033,9.61757789002012,20.8056977476192,1.836259802707,9.11500835392316,3.76699243557714,0.622102845562508,3.53319095228758,3.38054623344654,0.214516193506804,5.62987999464983
"J11",1.73755169488653,18.1078299124049,28.6931607035041,10.527707973242,8.5793629055847,23.0616422460071,NA,10.3637138497441,4.3807885685624,0.751490805890871,2.61929257051201,3.41468643896654,0.208482119177778,4.21099371399693
"J13",1.59123039388806,14.5516625625397,19.859988019502,19.9344575598892,11.5631630120442,20.7934840950687,NA,9.04886667146686,4.22812860597523,0.540677625455534,3.68029382473195,3.435245167536,0.20560933504718,4.71016069361394
"J14",1.9803145994403,14.8716918447581,19.8101316250279,13.3151781818169,9.97631321911213,19.0419621174521,0.555148850641758,8.56692754263953,5.23453072761281,0.657681135931625,3.2606361817448,3.9051534281404,0.209457192625287,5.57986984851305
"J15",1.79853609765662,19.3290833524917,21.6476505468002,18.4601183261449,9.04557436928295,21.5021751647016,NA,10.3421767938755,5.16377645055452,0.713136996093942,2.03765168985115,3.7056808733434,0.228900798888951,5.51324243274124
"J16",2.33344195667245,18.1444375103478,34.8344046562187,14.0379792288518,8.97443769209106,21.7608975503554,2.14306481980041,7.20860081938069,4.7785394984085,0.547165773430157,2.65006560026596,10.9386142307822,0.244906272704789,5.31368699925762
"J17",2.01303579221822,20.1378445524589,31.5253301692969,17.7821152539603,7.65620861813691,21.816327141047,23.5020306463574,8.11025390415145,4.97893250055989,0.865567216090106,3.27816757925672,2.50486695338427,0.260799155898244,5.73937619287368
"J18",1.56589611033461,7.09262517124808,10.6458578549359,22.016818385119,5.7327118489995,7.56278664905916,1.0419967342127,8.89071467615456,18.1983132257517,0.698854820122606,2.37818129707057,4.75519541068053,0.261357510147562,2.09674724673718
"J19",1.38743625595192,8.39790658759158,7.32648040332088,18.9828821506677,3.30614800087519,8.77215819428486,1.95359016188817,10.8852014368372,15.0861005861026,0.888440764678734,2.10830778428102,6.2153392674373,0.287124066694373,1.49003924444529
"J2",2.01003419100465,12.7816840722909,8.8313292593414,17.2197932422397,8.09775120213866,12.6863444432056,2.4118249915302,13.2379730540837,17.4331547160271,0.86953656679229,2.26925761522323,2.81018014169513,0.260211459915284,5.96895365883136
"J20",1.71776112037403,17.7270026139139,38.6663401494758,13.4921820558251,9.14252804368415,20.1659805409414,2.51064360203907,10.7168633915662,3.82814571349305,0.659198571066347,3.05955146217826,3.55104945020244,0.195341214270786,5.59200873655048
"J21",1.60348336674119,30.1728934701722,38.6299413897417,14.8922259208112,7.02506719539722,21.7323630369465,NA,12.7204530076377,4.80323624882808,0.81690142216923,3.66942809519299,22.0427265870515,0.254792208033678,4.98029201653978
"J22",2.17320834457224,18.6524034044004,34.5701448795627,17.5326092081401,9.64435051004212,21.7070706198256,1.49351715261132,10.8089430695502,3.8000903237984,0.870525431893573,2.38643574744132,4.16254646529147,0.243966950323751,5.62474034663619
"J23",2.1081839260632,25.4594511348714,49.7909068899159,17.4101068973036,12.5897879965658,22.2420510368125,3.38271126606064,8.26059361331908,NA,0.642833502673714,2.63168079168515,3.47419186904631,NA,5.54248207107896
"J3",1.78168451733429,19.0980513892657,9.15217837079676,23.2550808594394,8.03598188112871,13.1800170831592,1.76468444072822,8.42639318610655,16.4275818309968,0.744433493405529,3.15849585891054,4.41175168427241,0.289054436163299,5.95300770349024
"J4",2.62059467890145,20.5815990075715,37.8781143182616,14.585908979507,9.6100688967245,21.2260077506977,3.25323075751523,8.07227950481628,4.04980938201753,0.507046150783678,3.52202402127335,6.47173316066577,0.209538023075394,4.75474906046576
"J5",1.97383156088205,23.0910150526242,30.7749763787046,18.9425625378642,10.6980361251094,20.8360089497116,2.32453820234731,9.59056101815342,4.77148577802875,0.947945476967702,3.16665532660076,3.42364252247082,0.227648416492172,4.86561166739955
"J6",1.86332314688296,20.5061553677845,31.8093116486273,13.2612257960386,10.5677334082341,21.7544365853049,1.24505525690655,8.38111925790806,5.13120243457247,0.612293879684832,2.63285332596719,3.54063386978033,0.261066521768843,5.58925242093648
"J7",2.35077913783511,20.8567324043144,33.5270335669574,17.5521056853236,8.99557205390633,21.5248331173557,7.59487374451399,10.5049180705568,4.54918600709299,0.4794696334931,2.93393860835842,4.18002906202293,0.251741550415365,6.46963049465927
"J8",2.5904266213292,13.7064064643607,29.9700640214805,11.7446010336142,8.22507690412102,19.4990948480872,1.25746518847233,8.30757806818942,4.12147106126085,0.501203212918896,2.79010229427798,2.57160464622493,0.177205004908332,5.65574104125718
"J9",1.69640767710332,22.5287025797821,28.4914589129044,18.9270801245747,11.5574220363228,20.8304624737524,2.45803431660582,12.0841224796448,4.27411261141599,0.57234953511286,2.76365736416985,2.56004246179933,0.258405721727239,5.83060245429936
"K10",1.90735319693763,15.9354953072613,27.9645341526036,11.9475715906598,5.68311070939444,17.8599833780353,1.23744543282761,10.7437839486546,3.4762768825894,0.645507394381658,2.69615043286514,2.72712096256394,0.24112646821586,4.18212049769968
"K11",1.95820259816786,19.6539974029277,30.2042735805511,17.8336332003829,6.01698550327388,19.5723691849685,1.88350477201647,9.22062026205105,4.26464567485707,0.639739436020153,3.03823586119086,2.41609194284177,0.236950577712991,4.66921642479022
"K13",2.32952083580364,26.2106253752444,24.3502805628724,14.3170035097633,8.15476812423393,21.2735450602277,1.55985900187454,8.60667937412613,4.04536502514479,0.862972390511495,3.48151671873167,5.13862245157751,0.208614337237734,5.38244417060066
"K14",1.86482540022137,13.7266941983136,26.9965248526227,11.0130655997564,7.41090220580482,21.9316490406467,2.16554199403836,8.67421723967394,4.73393508731478,0.863179047029955,3.22735719087643,2.89432428187194,0.214948827396132,5.41829913317201
"K15",1.87154288955168,27.1766031311677,27.3696794162702,17.1295766750024,9.4949038358693,18.5220288151316,3.00993672241234,9.37313605162832,5.18149734128928,0.851361123555517,3.44414837165492,3.6279521990755,0.214241865034558,5.80345344658332
"K16",1.83522002574064,7.96917235036955,6.83024142132149,17.2327911366169,4.08535874560383,11.1957532775162,2.09691341485293,6.07259958501904,13.2102196328087,0.957559941927894,2.25360166991561,1.13641129331143,0.298395039548328,4.724592982342
"K17",1.59522060458953,24.4995783063649,35.0248603327391,14.4828702032987,7.24506705117446,8.861458674654,0.768567997227038,7.47579989377492,8.56484945374673,0.832688045747652,2.38496205593043,2.61690766080512,0.225998205394288,4.43321299576088
"K18",1.87115050943733,23.3193341629753,27.4595752001942,15.1990838220825,5.71551061764328,20.7921857940536,2.86768203332396,7.69291795298542,4.96768281282827,0.567888118078357,2.81781461847486,3.67738971555979,0.730076033556564,6.68222521141976
"K19",1.46317811920637,24.6727105662778,27.3928910706706,13.7678331377047,7.45004219029962,14.4087371504527,2.98521834043976,10.1001967344848,5.13534118710762,0.498954478813209,3.83650415962566,3.85603469455931,0.245523882073345,5.05906702072628
"K2",1.78227194067237,21.3339000150212,21.2894908969999,14.8566729050437,9.46374160858839,19.1616488538855,2.60989491961593,11.560131655086,5.52411931919404,0.831651661327773,4.11965559246527,4.10238087645649,0.276805805818176,4.64429465216445
"K20",2.07833711940051,20.0196407535881,30.5876446533025,15.4984424493301,9.33569617603857,20.1402077548157,1.52465790427324,8.58132297030047,4.16217949192734,0.741072139863647,4.72738215635204,3.39767804222005,0.226333408662616,4.81416599457004
"K21",1.6043443884522,16.1038631693387,39.6700470526854,17.1237448748764,9.81806768434339,21.2409492932184,2.93068501865952,7.28047006899797,4.90561408707236,0.730088715689666,2.69285090374294,3.46436479421281,0.221249485228043,4.74831411177478
"K22",1.54830285899884,24.4504392636723,30.3656516111936,13.4349959080852,8.31612214001989,21.3943766712869,1.58891589580409,12.9361090789732,3.68344757500073,0.486864245356667,2.8482926005987,3.67927481825296,0.254023676948881,4.09173790679647
"K23",1.78110856525292,30.8851507602435,50.9955225377861,18.2039331029516,12.8850668215066,23.310661616394,295.602739103721,9.28474575994809,NA,0.482934805772837,3.35272389957555,3.96256565683249,NA,5.27150406175133
"K3",2.19848376990933,20.6912853647189,30.7380162009742,15.9868521154445,8.48460851109075,20.1540258780656,2.77493769883271,11.0612287957987,3.95795512089682,0.586507550643696,3.01360078025711,4.18754418321071,0.239017863915518,5.45284984344651
"K4",2.18423277815137,24.4407136552516,36.3087958652979,17.9377796083896,9.69300788928883,21.5532540851287,2.91138274869258,9.35463553871335,4.02692635619879,0.529771508812046,2.84841869275878,6.06672381608534,0.224575683584433,4.65385853749835
"K5",2.04758026593821,13.3450746444157,46.4649254116894,13.1984831777577,12.4254385302558,20.0285474760797,2.86284057904145,9.26877554588563,5.11038097881184,0.595553032302328,2.43869263916912,4.36168622166041,0.224267758113274,3.40356731165847
"K6",2.18935399137787,16.3561667572749,20.4643067816295,16.204149602611,6.33114002392186,20.3665809231571,3.51018236464467,11.9914765321928,5.17616413033281,0.544395668824641,2.3351854982956,3.77236093756015,0.270713079998012,7.06180811117256
"K7",2.27876582913971,19.9108035891725,32.475462291278,14.1178770562866,9.11468101377425,20.4129126496313,1.89351338506664,11.5893434577657,4.6492577357531,0.52501557781808,3.20111911203906,3.80971319207732,0.266283711344935,4.18951827724794
"K8",2.30477515227578,15.0021246359066,33.9522352919581,12.645942189338,10.0197122945151,20.4630986257821,1.38285061041875,11.8343317913887,4.14569448976759,0.529270588400163,2.00630156391287,2.2313767365318,0.197354774755979,4.73996411739501
"K9",2.10466464875312,18.5565878078138,36.3034225305056,18.1313625320368,10.517443317007,20.881756870238,5.53139887706135,9.79053922268534,3.97681240943498,0.689734971671992,3.00921505454956,2.28947689482331,0.191085568319654,4.90136744121554
"L10",1.62134404777586,18.7805267670723,31.302322289296,12.1378107477217,7.11503440664773,16.201880393151,1.21931583469586,9.21611164927139,3.91196614915418,0.564179403180858,4.98417826032014,NA,0.375622075569349,5.0788395694847
"L11",1.78296915492132,18.2310582001469,35.421866694086,18.0871526378016,5.96153667302558,21.646984159633,3.78591361745117,11.2342256629744,4.8262218534954,0.43933093004632,3.26252910146617,3.24093374586247,0.20096850612429,5.45981313430518
"L13",1.57741468125251,18.6449592697993,23.8057133979683,14.0004884028482,8.49443607597153,21.8408206357959,3.48309461138859,16.3379231993193,4.61469993265307,0.611492073686666,3.70584162906094,4.17358615162833,0.194669416067579,4.19531370450678
"L14",1.77375057187789,18.8923021360566,29.3527977142433,12.4765476104528,7.63478395148093,20.6291599608015,725.638459513685,13.5872593237647,5.45330737753533,0.603884424397064,3.46381909218542,3.58975887027244,0.232806769045994,5.89120797197882
"L15",1.97325267324404,21.5913018821159,29.8325475006284,13.2398101012204,7.78743020954147,18.704994350839,5.62551031791688,8.7345921359865,4.38279790713686,0.583129529352763,3.03346869561694,4.065802348517,0.288824692722339,5.66560026807238
"L16",1.54017818476979,10.7696591791852,9.08346698922104,18.6347398759277,3.83987546364321,11.1764665115851,2.73919217851679,6.760872327127,16.7269090622608,0.680987999536411,2.09683990355494,29.3403706218549,0.283462853923337,2.40568093917624
"L17",1.30912714990961,23.9671173298647,32.9018927816486,13.782130961261,8.50778734344289,10.9464568490258,1.3106314085289,5.9144743534828,8.86519909179395,0.763374668635471,2.50676798032332,3.84355823747075,0.24517771377171,5.47602311761593
"L18",1.85196315926166,19.2187335275886,31.9382318687619,14.4725523048837,8.73164874075667,22.3813867501342,1.70055963196366,8.09542076266059,5.37450885036799,0.689208593841984,3.8032413392776,2.66884433708783,0.216972775059848,5.89263507813364
"L19",0.413950723818154,19.5109252592012,28.4806105020388,15.0497193799226,7.82929039611536,19.1064720443463,2.55568949872654,9.28805929149082,4.66613458921742,0.705421772688895,2.19310484001456,4.64522518424966,0.232709698758622,NA
"L2",2.16893596313047,16.7159988351078,37.7431803456569,15.7279944354554,9.60762043245396,21.2477517356539,3.28449431971794,10.8389047081392,4.50990141835338,0.666620539584298,2.97585486888208,3.5956091438204,0.231100023550125,4.54511019468543
"L20",1.67817491415406,23.3592346320448,34.7831259489768,13.7464884018779,7.80804988259513,22.6069793294493,0.541587127299641,11.3895169433411,3.85568352364924,0.76732056844757,4.12699914403393,3.52137296865948,0.223569634929736,3.76310300934212
"L21",1.56685493328214,24.640713376353,28.3779342154494,19.6898959065013,13.7851781108695,22.2263213424414,1.23004574053263,11.4283739480384,4.31061096786384,0.757566084188151,2.84264333068338,6.47834862133,0.251368000787259,6.42883621207156
"L22",1.09045776740707,25.1776482669099,25.0833693741459,23.3320262178691,8.95429582377499,23.0127083170607,1.91875196208343,16.0866730820084,3.92484316791667,0.528753368466161,3.20684008228817,1.86732266251167,0.468534693921161,5.40113119013677
"L23",2.01493601820372,27.1943897278736,33.2140610262272,16.4070272736734,12.6725086648226,22.4856434126924,32.6222238556626,10.3476341937849,NA,0.952465704878538,2.80219093307075,4.50352452436557,NA,4.70349067433912
"L3",2.27934444692852,17.3136745285708,36.8771245215319,14.5640286336623,11.5369986457929,20.8978220999069,4.0733463764097,8.17811074067879,4.45292557161207,0.685478730619978,2.91095293685926,3.05906569311908,0.250450512761389,6.7392835853701
"L4",1.7359325217141,24.636423386698,30.2525977324489,14.1751522750324,9.29876931245709,21.6212880295472,2.3044460570327,9.06850264121473,4.01353793333422,0.519820422565573,2.25811523822565,3.80905993976769,0.209617294070456,3.94868597494051
"L5",2.03677169274073,13.6623318903027,28.2968748968132,14.4987155024484,10.9505826513429,23.1852587590935,1.62353033622165,9.24497038135374,4.36382586948875,0.702236207369283,3.1938156857026,3.20129328725086,0.24776336794655,5.13003784424126
"L6",2.05903935547678,19.441695957412,32.5556836918118,10.0068286766819,8.0792263813,21.800573754726,3.65246238073462,11.6387580048249,4.31995712714665,0.403436452513928,3.23005653729354,4.19117685600556,0.280014399538491,5.15485325624185
"L7",2.21846695854003,18.2313308297869,41.2896645517298,20.2624564849889,10.714878912647,21.2346690649401,3.07205056692465,11.3845183275754,4.88867644361592,0.518128737444954,2.97379786037957,2.71425074225203,0.251690031728663,4.2316298219385
"L8",1.62972209019469,14.9582876010998,33.5148719607694,12.3246598729175,7.81760758154082,19.2986400993712,3.51506650840208,10.6045382299972,4.71433811703711,0.62142987632009,4.11248240216,NA,0.34888114662133,4.73586769438586
"L9",1.80885974255203,16.5272783513467,34.791593729016,11.6715501080283,7.507282107016,20.0057545404431,2.8875036653244,8.84356524906419,4.36847156674977,0.675853238379939,2.62794288857464,4.65334309694857,0.208246506332418,4.91245683046284
"M10",1.94308831714567,11.9766425669511,21.2314420119514,18.2251096389791,8.95871479314795,20.3856105319846,3.67134501907224,8.26081753576967,4.00541842446654,0.567492031130493,2.81082618988692,NA,0.212828846890281,4.12453622801806
"M11",1.8742579545905,15.3806730304064,30.6466889313141,12.5736181162764,8.55409309019565,21.2625953967493,3.31526936920324,9.58508387062232,3.87750795585487,0.386349996962897,3.1692289676845,4.16803425911302,0.280611345954399,4.43340559757986
"M13",1.72025754145961,6.95193767158045,10.0234470321761,22.9636069330505,2.84096233071215,11.4194371823547,1.824472203836,8.42410923418087,11.9658832779454,0.460995379977359,3.46461474753342,4.24979972686202,0.235984030794378,3.62964795431817
"M14",1.54767040596769,20.0887317753172,27.036423136304,13.8761487536352,5.79946854954791,22.0699143507125,2.51967103434981,9.8104965228256,3.09306008113021,0.684201835122426,3.6109446253452,NA,0.246423182553536,6.13592817901166
"M15",1.54096720534385,23.7953727197781,31.3598916418162,18.3104966177517,7.77194340766655,19.3780704364337,1.00114653215188,10.4213540723877,2.90935011091071,0.39617880403706,3.36449001689388,6.3764853332236,0.23336138775062,4.59262909216093
"M16",1.78544334752512,21.6823087087447,26.5135795801925,14.144795137057,8.83264565042323,19.9423595221366,2.90750565138613,10.4541865328517,3.82202656490911,0.780257954842892,3.69689457887512,3.27073725558691,0.277801516800871,5.66236897964307
"M17",2.19707739788281,29.7801216956913,22.7871406215953,18.6395462790547,7.75452091204874,21.4631876773854,1.97354330189284,7.49825068380865,4.44448366639201,0.704381478913844,3.44227980636038,3.39216311321377,0.198031609317386,5.40845478590502
"M18",1.94778361194427,19.3176435181603,35.5384376611955,16.829611618324,11.2691241623251,21.6206692438246,2.03851051846995,9.51480731583914,4.302055345954,0.585389262461182,2.31826085606104,3.47887167788009,0.263558813776521,5.68666315672212
"M19",1.92599441188254,24.5101367786678,34.201860555956,19.4815756809291,9.01761356918215,21.6338787432749,7.85707445815299,11.8043691541997,3.39994686417982,0.716814058194219,3.01521488154013,3.84820592957861,0.1983205215046,5.29519876494648
"M2",1.93912945455805,16.3855613069158,35.0153556789481,12.7773963470664,10.1820561389954,20.6986493414293,2.29174204553755,11.6303407431993,4.51403730360345,0.740063518228558,2.17651195765109,4.52548949753471,0.228951414555633,4.58500925680357
"M20",1.61910045336592,16.7793588547198,45.598080876143,14.4701845094049,8.68878536522448,20.4644335749374,2.72983374422008,11.7396433039447,4.10412030237393,0.622094708504161,3.68936070148491,2.7592162128366,0.216523172280448,5.84737469395613
"M21",1.52123475524464,28.7831692769477,32.0359013789836,16.3951271107073,11.4155780243062,21.9425966809988,1.46398755689597,9.35488926026248,3.50635909646442,0.587511460217501,4.26121722257545,3.06140847450791,0.216693304710639,5.32791899275868
"M22",1.27751793528652,21.1222653492093,34.6369336580629,16.3598377929836,8.86750647358143,20.3909308160086,3.04247901951387,15.0107761292059,3.18269036962179,0.579755620478609,3.18330077039387,NA,0.21822568013689,5.11103100080163
"M23",2.1610845046278,34.3180383329392,36.064994875369,18.0741961071669,9.87038210695479,22.8301810186229,1.59792214018564,10.5325986131861,NA,0.654943837453068,4.06574401727523,4.80113212127405,NA,7.65781752424604
"M3",1.11929920163184,12.1372512599297,31.0516570714701,16.2562546331328,8.4731943005314,16.4702549898826,3.39773459071602,6.92509733605618,1.25690384619204,0.534474557766808,2.62162220776362,2.92705989714985,0.200565229171304,2.05276654465574
"M4",1.40982775218861,9.12835257238712,27.4804943722729,15.2765368568619,7.2501415491783,23.7186565535316,NA,13.8214573313739,4.15627639660426,0.580553654269387,4.44726213571291,NA,0.282944461043808,4.89278352981158
"M5",2.04796890644795,19.7966796457633,44.1623796407971,23.0566241745876,8.73060873826329,20.5530327755257,1.95242262903347,12.5959255859716,3.85418218339032,0.762708393280768,2.85311467267477,4.27418634797061,0.246068536495685,5.78247361066602
"M6",1.99337619406676,23.1813681561715,26.0262688002794,11.8932528744936,8.02261933963372,19.6348165272063,5.69367713171424,11.7164138304882,6.16647953059192,0.745332007392958,4.32614808283353,NA,0.227543327062673,5.30522104129219
"M7",1.96691670610757,21.7284147605895,28.3038361410678,11.6990862426999,9.20779395884933,19.7988309846464,0.963024072752738,7.79504541930765,4.8728556698921,0.967716128280952,3.53514312857487,3.50007937018711,0.258344433611676,4.31688381633466
"M8",1.78127740322529,17.6994450175881,24.9745265379056,12.4289465804053,8.43763613071757,20.522849734594,3.38332246776308,9.23647407066069,3.90111173539867,0.627338762711746,2.63234125107496,2.89104837261373,0.251544467943154,4.66009667021516
"M9",1.88229818130009,18.3299208215795,17.9822218779468,16.4088914868847,9.15459856861029,19.6559539206212,1.92448280947389,8.54213360729983,3.47701362191234,0.537181769265465,3.25846187052566,2.44164104335097,0.339552655336139,5.42758916947183
"N10",1.55855932586813,15.1986596055898,25.1372465574973,14.4604760307521,10.8070280287661,19.5288514642136,4.29278014617409,11.983281531403,3.53311065837157,0.484388700470802,2.91769434185874,2.8702692681236,0.221053703189258,4.48791248584775
"N11",1.90793533794573,16.5105488095695,25.829910188962,17.214805719236,8.10961363994578,20.3022305876204,1.73858304392812,8.40878856041811,3.35117867339953,0.546902121238506,2.95439145046914,3.31973708470367,0.27789565071909,4.61590893788044
"N13",1.95688172476572,10.4494644547091,13.7625117939618,27.1976879138619,27.8183191336818,10.7870511409971,51.1663015521954,10.496925112408,7.23160137220513,0.535439506158192,2.85542233510927,2.72398600271596,0.290179761878362,2.91710219930515
"N14",1.48592297207757,21.4905370692057,29.6029619652562,18.6041474799807,7.04551541819944,20.3670294326753,1.32939800957349,9.35151163935785,3.50206436145782,1.30567635699797,3.17277469108997,3.65914257019331,0.262005100658632,5.12164772294503
"N15",1.5371894730704,18.9897975596851,36.0654652444864,20.3391229352012,9.06673066881079,21.5959367638888,3.98279221509276,10.3921912301899,4.43699191801419,0.485428081303819,2.85178564854482,3.83893748949041,0.212752055396434,4.70490962962315
"N16",1.51079570975084,20.9567371996751,30.3503993230387,17.4413961400193,9.36296937018529,20.4675632626521,4.14354389948566,8.77495812998938,3.87650911731493,0.690544559988045,2.89322430286903,4.21130718090621,0.23292349511325,5.22105328425683
"N17",2.14038634253601,20.3620005813992,31.0317480444102,16.5715187560016,10.4320546133441,21.5754039562671,1.54109453430355,8.57345766426917,3.75512720105637,0.681413104830778,2.74041745967938,2.70077509093786,0.216038523851284,4.86219170212394
"N18",1.83954761041276,18.2560666646192,29.9529474926221,18.5041899248594,10.9141522393173,22.6992460150344,1.2276075500655,8.91333397183113,3.20260892211682,0.712255888364908,3.24773511973653,2.80183247522554,0.225905810800262,4.03428251744956
"N19",1.86445369197822,23.0245088166045,39.4384234039951,15.7700661225931,10.9748214661366,21.4454861194392,6.75931413644901,11.8735265225944,4.08559261168744,0.677775528863502,3.26792692961611,4.6834553819471,0.464923881958826,4.56611556754569
"N2",1.70172822167972,20.0170384949424,29.1818829008282,13.504873889346,10.9610921332865,21.1003699215976,2.34462679855836,10.620314731915,3.59833391283257,0.596030704626762,2.51228262136381,5.0682334165262,0.243011647213843,4.18886408881686
"N20",1.83728627246631,17.0111919514274,22.5831701193752,13.5543189884191,7.76727814495771,21.4443899778815,2.64217852397683,12.9198800487926,4.20506822964483,0.837011023909795,3.33486847822471,2.27268328476569,0.267879001692697,6.42815554101465
"N21",1.38533542644439,20.2027485274388,29.6298178631014,17.2763919519766,10.5055202356266,22.0724885401859,34.8146749172868,9.97234341414931,3.19251963420778,0.573795373382414,3.3601791926746,3.57815086737757,0.238792014458404,4.42839051879525
"N22",1.41182119232362,24.2131583036413,41.1329025719595,16.5352762682363,11.1791794453855,20.0493410020156,NA,10.6368304957759,3.87386314912038,0.643987517622468,3.62349447484988,NA,0.226799289081107,5.52731739624985
"N23",1.9279081314973,29.9438224578236,34.489992518024,20.8072871284284,7.88895435554618,23.855393746883,2.92088675719788,9.78943465298124,NA,0.772614768917329,2.54179853527979,4.398699988228,NA,5.38323715261865
"N3",1.08988121861902,11.6288176481214,25.3413170950214,19.3771664184549,7.24900889650358,20.0366518871133,2.13829745236893,14.5414042592405,1.39004625954595,1.16534101934663,2.95526280546191,3.3191889219603,NA,3.5805578200973
"N4",1.84483559407135,17.2506463396333,31.0444075446069,16.0016722411721,7.61371538093296,20.1722106754286,0.712390197496344,9.49963876752205,4.03939026433743,0.522518900854678,3.01407268333018,2.20124233517983,0.264955258788635,4.40358865179863
"N5",1.82178822801826,23.7174454386608,46.7659277091109,15.0550055641109,9.95992000725694,20.450230444029,3.08803203474745,9.08631407767477,3.49162364248123,0.634148450715618,4.31681897649211,2.72849361249713,0.229696654188527,5.42163149362763
"N6",2.05342434631362,28.4965819606137,38.6366232237226,10.1506529261946,10.6115487912512,20.450105298926,0.803485437263006,13.0845606037277,5.88899421212894,0.519924768469421,3.10098407483404,2.3782116800753,0.226318887111451,4.7474953929103
"N7",1.79877459906081,29.1743292560558,25.7396197158328,15.2423706612228,10.8660376063965,15.7841060656366,5.48037633281039,9.47117670604358,4.34177621545441,0.916903959749718,2.80055972424437,2.12611997970336,0.257534625140644,3.97843436157722
"N8",1.61798200059304,20.920004121416,21.8109779073057,14.7917097191326,14.8001658496669,19.4959299480325,0.878821602599858,8.48080351983627,3.97662041767284,0.67923967202172,3.00468214821885,2.43960967535667,0.265093364368641,6.30636128678046
"N9",1.57587319619553,16.4016234700108,24.2703155613513,14.9534993527948,12.5018284501278,19.6511569732951,1.24780279938672,8.41158292406066,3.32250208594443,0.800776532715522,3.70638784510485,NA,0.222448772217827,4.14355916639526
"O10",1.28897617936394,4.97221677675898,7.41114534122852,25.5301670231281,2.46035311246417,8.77122761279372,0.195673642329299,10.035872122434,18.0349520833132,0.626503525713839,3.20113195959024,2.40450663399935,0.287852886250009,4.59742943553358
"O11",0.894663909680412,6.61222442504763,7.59374464834222,33.9796738197963,NA,8.70793322179465,NA,11.7484457329884,11.3029743731524,0.479862246909867,1.90638487446872,NA,0.248717488994876,2.67354569532377
"O13",2.0728953942557,21.2954674725112,23.7267410577238,16.0538414015967,NA,19.7825359050313,NA,10.8232428206038,3.52745028591921,0.557326475116429,4.10183796430594,5.51263071386934,0.202664534669068,6.48971162238044
"O14",1.30057249931802,32.6114592723387,34.8694471098592,14.2973031971193,6.68312944086123,20.9408115667735,1.43180553378584,10.4387447481377,3.95542659401013,0.394286383671302,2.31624085369463,4.73617975000358,0.205301947395273,4.01230402465244
"O15",1.15123924214351,21.8751389883297,40.155881758119,22.1204365849232,NA,19.771791568017,NA,12.7158569471971,3.74859730088434,0.409552417072334,2.89957261556141,3.58519731307876,0.244110004242636,4.77139207170626
"O16",1.56141209833223,21.7349546170851,32.1797941851974,16.0967806660325,8.36027685087581,20.4099108479162,1.11472024060418,9.34417554690299,4.46269139741688,0.815986844062267,2.25628289852034,2.36146246014337,0.224986679791997,5.90633211875636
"O17",2.04982503676559,27.476429353902,23.6578669022998,19.3583362448101,10.0165453690905,19.2566451007392,2.38821967590796,10.7628576807208,3.74994271928749,0.731584535392097,3.62213535109601,5.5906215750385,0.264872228875873,6.35847312372657
"O18",2.23053156058952,24.2686188925236,28.8371028132173,15.7719344829426,9.16535750125607,18.8978497726869,3.82631707907289,10.7991469171524,3.92534580015542,0.463142995490376,2.5980460639845,1.853501782069,0.222039843549634,4.54902711024716
"O19",1.48629256185571,26.3265797637958,32.2132760915191,17.5832556287168,11.6322944629435,20.3588800263862,NA,11.3687353377776,4.08789885625866,1.34851301485578,3.01368302651834,4.24645260226899,0.222378978553516,3.55083976649431
"O2",1.3824375214835,9.1441528022832,16.6642777649187,20.2648661204031,3.37034854050185,9.15331913985999,1.95415167819798,8.81647482586079,6.13162205858432,1.09155262356612,2.21973189017688,4.20273685238143,0.266316946048034,3.0393577898313
"O20",1.67944721184466,22.3141290255343,41.9903805090305,16.3936296744933,9.60180446466998,22.2167313444231,1.32432291587276,9.28313624348157,4.19232198571252,0.617147363004613,2.66373093596423,3.22220910116084,0.277585482869359,3.7651758271707
"O21",1.83207964217131,22.815995419959,33.8747450202165,15.838930824941,10.7738960858456,22.4655194450695,NA,8.73687717161428,4.34434750508818,0.85306860220601,2.67578367886084,NA,0.2409022089303,3.98621653820452
"O22",1.37174376825526,17.7768470398389,44.5946854032347,15.3780006448184,11.9873047916494,20.4281049605384,0.738999956490725,9.83502826031689,5.30007823865327,0.571905125104155,2.83048119905862,3.03499816863763,0.231513786038787,5.94250586807275
"O23",1.87100404252315,28.3036489563206,49.4038688618059,19.5610916418687,9.02600489108532,22.8662741393332,2.2510973479144,11.2366210188985,NA,0.478229087931413,2.810892196106,7.37314037501519,NA,4.88513298679594
"O3",1.92942273859711,19.6432391883061,35.5609816230752,19.3336953765802,7.28368200893166,19.6301134369319,2.17766251338658,8.15244106318877,3.75769245147523,0.641237973573494,3.73644831284332,1.57796242572784,0.210397527831081,3.25181225334615
"O4",1.09068999584522,8.56375441907934,15.3274261833779,17.0741206994322,47.3848167273098,8.07198932911338,NA,6.79761442062945,11.9868522151787,0.561904909951746,1.84606304334211,0.619089065539034,0.256312975646311,3.83714393470377
"O5",1.07615440188138,8.17032203548157,11.5100659424566,25.9591461161554,27.6371815975146,9.066144435378,1.39533199162321,6.7236707508145,15.1009535213326,0.654038844761118,1.78189143927025,3.02093477338625,0.272778463465876,1.68619666953837
"O6",1.39564063626309,7.50587577392509,8.59682026520059,19.3757844262162,6.46167608717607,7.6726856735656,0.932163629577322,8.12170365584023,17.8917396426945,0.692904901566426,2.07642711393386,2.62489335299654,0.239339858567857,1.58555803539695
"O7",2.17538061627791,18.9336472368435,30.297216250415,15.0042191925738,10.4986418372664,21.3885407186802,5.89338407262076,6.94224131054829,3.72780887819568,0.52663955484248,2.73111024083925,5.47747090402234,0.233414970289149,4.71153148132326
"O8",1.83457198729431,12.4745535326571,20.6734299342948,13.4976777999047,11.0462498690088,21.9036312333542,1.3098270441032,9.47962336904194,4.39778631432275,0.599052104931657,2.98711960297585,1.08249470241058,0.233023560853741,5.69450617384472
"O9",1.71752900254266,12.6484921743193,18.2472747976511,18.1669169305404,8.9329642592019,14.4633751939376,2.78794977073381,11.1073153457864,3.6289706890252,0.889365812388461,1.82637450680321,2.57797552433301,0.266774576409911,4.61156713489383
"P10",1.72434047116539,10.3801638900409,6.91396898237572,19.3006413193162,4.68964173347088,10.9903954277071,0.0638308446587576,7.98933476521623,11.6731172598647,0.560423848535458,2.68947321898552,2.74655578934453,0.264584926248077,2.60310835266027
"P11",1.61506808525401,7.68468978638455,8.75942367424075,21.2443441819143,3.15725117258153,10.6426263909598,1.15585375786345,8.34393455350873,12.5783692599681,0.708668551216925,2.78717047233264,4.2667424575554,0.240448849964233,2.8026039648081
"P13",1.23916471615425,20.5150237018964,28.1661944131957,17.4032739178364,10.3663786178297,21.1772762750528,1.81646748667383,10.1286012299732,5.03333866597859,0.831348062375617,4.52658163067743,NA,0.239121565064306,6.94834011217541
"P14",1.61563938873667,25.2662070719105,32.9963937830946,15.9783395629737,7.83036931984332,21.9979691761444,1.96788872662876,9.43143461605644,4.68591091695946,0.79761215919631,3.08279667859161,2.84071372501995,0.219194740435791,7.69009629316369
"P15",1.53001290468385,26.8406543067772,44.1027602010766,24.0102008022669,10.8842857693589,21.1232885240776,4.50149166870675,7.44052145218905,4.39447106105714,0.996149948333205,2.14245045677707,5.56807382565936,0.215415143761153,4.95102635804465
"P16",1.68811939821548,31.0946428185462,32.9393814647201,16.3790922075666,9.53030965790684,22.0646163267681,1.52218435949908,5.46649493867651,3.45689272553235,1.09181589920303,4.34455210246877,3.79400208266652,0.230493106655826,5.17982168415069
"P17",1.54517529273933,29.8401624687349,23.6493769704625,18.0911209479937,10.3078957291278,22.2725686647247,1.19611257732996,8.50955527941104,4.95008746026734,0.816402876657648,4.61189857975537,4.61757124181247,0.233773270237678,5.35369551460509
"P18",1.3069212691361,19.0432117737082,27.0453457223919,16.5245960015795,11.734902505573,21.1852087264873,2.88155641492712,7.3634150626809,5.01722211863878,0.60504242652435,2.65756599307552,2.80668966373473,0.254318911328269,5.26626010002589
"P19",1.47682181835843,29.9226523577216,31.1888656234225,18.7795598822534,12.4173262739846,21.3168409726699,1.3101242571877,12.1047830679203,4.19659807668996,0.55915909309605,2.55658298814989,4.00477640865364,0.267585373728988,5.18453609693978
"P2",1.53785377907472,9.51770998833159,17.8160991405509,21.5143919756615,3.68117768551652,12.0840709805097,1.05500912695358,7.52249622671098,7.24926142277648,0.563327685519654,1.64351725101926,3.90855732483856,0.262791054734931,2.65929728353912
"P20",1.68675704510424,29.0350624108559,36.8793573430268,16.4269531234627,8.55625691971387,22.2657351122029,9.84287951947754,8.22073768080022,4.06225875889142,0.736751588354234,2.60164247420813,2.6748915067055,0.200898104797231,4.77911814753003
"P21",2.07635519970616,19.1547177678305,44.037827796992,16.168308576302,10.8756351365403,22.2095890639528,1.53122203147656,10.1819132794023,4.63774276943038,0.55741376206248,3.73968331657487,4.20160038623865,0.292871350681393,5.37522448240202
"P22",1.91453889617184,21.5714170254028,42.3187402284525,17.2525871869097,10.3321704546627,21.7409536958415,1.29405579833108,10.0323019076867,4.43173486150602,0.743540008602087,3.73169220926525,4.00622731387885,0.228345534434172,4.7094476874707
"P23",1.48799317121555,25.5170409146054,38.6661814466877,20.1153778516356,14.4814612228729,24.2917987189918,5.59982850955051,12.835055883868,NA,0.535006145260419,2.96466929783713,5.25840688738727,NA,4.4991064963924
"P3",2.2316496464883,29.8180323005844,40.6818983751384,18.9397953498932,10.3780134762371,24.1838815163608,7.49506617062652,11.1623637312613,3.81834723289173,1.06051162015778,4.08679817510528,3.47310368687749,0.22729114062287,5.3239306864994
"P4",1.22300170702835,10.1015817044038,17.4608353885439,23.3573965030885,4.99155199094034,10.7407040347187,0.0103733505701724,6.08303063023599,10.3351909271448,0.672232598364692,2.5993725069599,3.62338670467614,0.262781643012826,4.45189690137975
"P5",1.51756375265399,8.68910708550342,16.5227949887035,35.5127637801296,5.50521860499316,9.23860944789978,0.933012535704593,7.40365318962527,10.593268755027,0.859531634901605,2.99639309576682,NA,0.261213402781806,2.99389295077326
"P6",2.2460982321292,6.74948276075258,10.4606159022271,16.6773405260887,4.51597689438197,7.55004797731681,4.80961194426632,5.94111787121173,14.6611057138597,0.480994036617462,2.33691367747547,NA,0.234304569781909,2.50778151010228
"P7",2.48063395702092,28.9702282958841,36.4723510159559,26.2176139548186,12.4356767307331,23.1652116954245,2.98791252885568,11.536181152723,5.03844335049368,0.626011057303875,2.58647153229077,1.43831377720533,0.180367268505382,5.39017420981971
"P8",2.06637348922344,17.0981194780514,22.3442274752734,21.3636969019561,11.3956769007392,21.6314179673602,2.77182927143481,10.0210136121583,4.38842463240378,0.621832422778687,3.59864719854552,4.5931398588674,0.198435803870254,4.2136031800315
"P9",1.3902238780601,22.4519103912142,29.2312277207937,15.7452535980941,9.89151940977088,16.0048231758749,2.19612646295342,11.1847467476758,5.19000788436711,0.522898556425209,2.81053315911474,4.65036754886209,0.239814924181296,4.01273278519149
