"WellName","Canx","Egfr","Errfi1","Gapdh","Kpnb1","Myc","P53","Rab7a","RhoA","Sec16a","Nras","Dnajc5","Rpap3","Slc2a1"
"A10",0.397897066961815,0.859340659340659,0.788546255506608,0.779467680608365,0.985138004246285,1.14457831325301,0.0266544117647059,0.823770491803279,1.42,0.183035714285714,0.315352697095436,0.0946502057613169,0.123628383321141,0.290928050052138
"A11",0.373557187827912,0.979638009049774,0.725806451612903,0.754749568221071,0.89945652173913,1.19744160177976,0.1,0.912955465587045,1.47072599531616,0.149895905621096,0.348648648648649,0.161844484629295,0.177745664739884,0.276
"A13",0.171457387796268,0.812080536912752,0.895555555555556,0.763747454175153,0.4,0.754524886877828,0.0196078431372549,0.717149220489978,1.07435254803676,0.0630391506303915,0.427152317880795,0.117294520547945,0.223374827109267,0.193949216639654
"A14",0.368977673325499,0.968553459119497,0.853080568720379,0.871739130434783,1.06117647058824,1.09263521288838,0.0454545454545455,1.10121457489879,1.33362218370884,0.132785763175907,0.404564315352697,0.13614262560778,0.201822004204625,0.282178217821782
"A15",0.337734890807517,0.908675799086758,0.921658986175115,0.984014209591474,0.959885386819484,1.03348961821835,0.0425531914893617,0.795555555555556,1.32281553398058,0.1328125,0.472668810289389,0.158679446219382,0.180316586373021,0.326404494382022
"A16",0.306164034640856,0.920987654320988,0.956185567010309,0.816872427983539,0.926441351888668,1.08505611340815,0.0347155255544841,1.06744186046512,1.31026615969582,0.117962466487936,0.37344398340249,0.0946372239747634,0.163850110213079,0.294631710362047
"A17",0.346348884381339,1.06857142857143,1.06526806526807,0.940936863543788,0.834666666666667,1.05006031363088,0.0754716981132075,0.843230403800475,1.16763005780347,0.12035010940919,0.533123028391167,0.103762827822121,0.163086714399364,0.305251009809579
"A18",0.347083087802004,0.930120481927711,0.925407925407925,0.943127962085308,1.08943089430894,1.04010025062657,0.0180940892641737,0.874493927125506,1.13766434648105,0.144561403508772,0.344202898550725,0.0806142034548944,0.123361603700848,0.28842504743833
"A19",0.178997613365155,0.882743362831858,1.00801603206413,0.825,0.88,1.14459224985541,0.137755102040816,0.908866995073892,0.93816631130064,0.123198847262248,0.395454545454545,0.13307240704501,0.193617021276596,0.309120699071546
"A2",0.392818863879957,0.786407766990291,0.976086956521739,0.974499089253188,1.06772908366534,0.943116240725474,0.0127915726109857,0.984649122807018,1.00086355785838,0.157122905027933,0.286069651741294,0.137745974955277,0.103521126760563,0.316666666666667
"A20",0.40785498489426,0.715746421267894,0.890380313199105,1.05811623246493,1.05749486652977,1.07094972067039,0.031866464339909,1.20761904761905,1.34762275915822,0.199731903485255,0.464285714285714,0.108050847457627,0.19248217757615,0.339094159713945
"A21",0.202836269875376,0.845605700712589,0.872093023255814,0.827935222672065,1.14463840399003,0.983964079538165,0.0467706013363029,0.979910714285714,1.1846877098724,0.200571428571429,0.645367412140575,0.0829732065687122,0.118614210217264,0.271317829457364
"A22",0.367095691102406,0.863425925925926,0.930711610486891,0.837837837837838,0.962890625,1.076,0.029504741833509,0.898678414096916,1.23898858075041,0.164776517678452,0.402173913043478,0.102771362586605,0.148754448398577,0.273881499395405
"A23",0.325125909345271,0.944915254237288,0.921700223713647,1.00806451612903,1.29540481400438,1.0875,0.0808383233532934,1.00997506234414,NA,0.109442060085837,0.479508196721311,0.223978919631094,NA,0.246659242761693
"A3",0.39119804400978,0.878281622911695,0.922737306843267,0.971428571428571,0.836206896551724,1.04846103470858,0.0386100386100386,0.797356828193833,1.35492010092515,0.128030303030303,0.519893899204244,0.23489932885906,0.129969418960245,0.276058117498421
"A4",0.154666666666667,0.142284569138277,0.38716814159292,0.551470588235294,0.13519313304721,0.179708222811671,0.0228734810578985,0.771371769383698,1.1718875502008,0.260385756676558,0.206827309236948,0.162812210915819,0.285714285714286,0.143839541547278
"A5",0.339460080413555,0.978823529411765,0.839366515837104,0.77196261682243,0.927613941018767,0.966599866399466,0.0498812351543943,0.966233766233766,1.36943231441048,0.146533238027162,0.312039312039312,0.190402476780186,0.155731795241528,0.313926940639269
"A6",0.150609756097561,0.844387755102041,0.642058165548098,0.514450867052023,0.321316614420063,0.325788751714678,0.0242369838420108,0.785407725321888,1.17676348547718,0.25832223701731,0.259842519685039,0.0967238689547582,0.211960635881908,0.202959830866808
"A7",0.343016759776536,0.947004608294931,0.829827915869981,0.831192660550459,1.10869565217391,1.09717097170972,0.0289655172413793,0.908415841584158,1.19725141471302,0.20853743876837,0.509283819628647,0.169421487603306,0.15307582260372,0.295031055900621
"A8",0.361786319954777,0.884231536926148,0.735023041474654,0.8052738336714,0.909677419354839,1.09276315789474,0.0211202938475666,0.854867256637168,1.22813990461049,0.173638516179953,0.44980694980695,0.106732348111658,0.157645466847091,0.297971014492754
"A9",0.321564367191744,0.87,0.776595744680851,0.826168224299065,0.744047619047619,0.878562577447336,0.0159817351598174,0.766816143497758,1.16732438831886,0.160956690368455,0.424242424242424,0.141479099678457,0.178674351585014,0.23217341699943
"B10",0.421052631578947,0.883333333333333,0.677884615384615,0.788259958071279,0.849442379182156,1.02454373820013,0.029723991507431,0.926415094339623,1.44835329341317,0.120450033090668,0.382765531062124,0,0.17841726618705,0.26619488296135
"B11",0.324082784571966,0.926624737945493,0.656818181818182,1.03311258278146,0.863517060367454,1.04530313124584,0.0754716981132075,1.03072625698324,1.38537970191625,0.124165554072096,0.361581920903955,0.167429094236048,0.154624277456647,0.309357097390197
"B13",0.150721539283805,0.764705882352941,0.817567567567568,0.680851063829787,0.525316455696203,0.770423375074538,0.0391949152542373,0.859605911330049,1.13950177935943,0.054127198917456,0.427848101265823,0.103125,0.217966573816156,0.201646090534979
"B14",0.371062992125984,0.909255898366606,0.719047619047619,0.892644135188867,1.10729613733906,1.03493449781659,0.0274079874706343,1.14541387024608,1.31244239631336,0.103242320819113,0.347978910369069,0.134361233480176,0.22089552238806,0.310602024507192
"B15",0.375607123583378,0.984810126582279,0.764044943820225,0.950819672131147,0.703087885985748,1.01348039215686,0.0399515738498789,0.863636363636364,1.30698835274542,0.124626865671642,0.409785932721713,0.0905057675244011,0.164705882352941,0.307814992025518
"B16",0.405208333333333,0.887619047619048,0.821052631578947,0.908918406072106,0.730964467005076,1.08778173190985,0.0175925925925926,1.01079913606911,1.24980605120248,0.106280193236715,0.408474576271186,0.0689238210399033,0.142222222222222,0.287505805852299
"B17",0.334739061676331,0.898550724637681,0.856481481481482,0.843177189409369,0.87467362924282,1.06273291925466,0.0562913907284768,0.748502994011976,1.18867924528302,0.100852272727273,0.407079646017699,0.0304347826086957,0.0946142649199418,0.284743991640543
"B18",0.266157760814249,0.766467065868264,0.714953271028037,0.87363834422658,0.910179640718563,0.964242424242424,0.0232088799192735,0.831067961165049,1.34532924961715,0.165740740740741,0.336734693877551,0.0522875816993464,0.12417823228634,0.292641186537365
"B19",0.223367697594502,0.808126410835214,0.965831435079727,0.923694779116466,1.05612244897959,1.17096931320019,0.0547945205479452,1.03241895261845,1.04035216434336,0.143410852713178,0.453074433656958,0.116197183098592,0.229822161422709,0.277570591369206
"B2",0.347875354107649,0.75751503006012,0.926680244399185,0.835616438356164,1.1523178807947,1.05566218809981,0.0390824129141886,1.0495867768595,1.39437984496124,0.141474311243485,0.402482269503546,0.129988597491448,0.136896046852123,0.24384236453202
"B20",0.37396694214876,0.845213849287169,0.579787234042553,0.810096153846154,1.02100840336134,1.01900739176346,0.0384615384615385,1.10994764397906,1.22779605263158,0.186891054030115,0.440347071583514,0.14527027027027,0.179767600820232,0.324451410658307
"B21",0.214794520547945,0.687732342007435,0.715404699738903,0.98034398034398,1.05913978494624,0.937931034482759,0,0.988200589970501,1.06622073578595,0.211277658815132,0.643504531722054,0,0.0781974817760106,0.234141791044776
"B22",0.300610376398779,0.976363636363636,0.836585365853659,0.906103286384977,0.954091816367265,1.03880803880804,0.024,0.96969696969697,1.31518624641834,0.155996393146979,0.436853002070393,0.0679245283018868,0.196710075394106,0.261300309597523
"B23",0.320040383644624,0.892768079800499,0.849256900212314,0.96316758747698,1.0774818401937,1.08,0.0674846625766871,1.03376623376623,NA,0.105809128630705,0.534136546184739,0.145701357466063,NA,0.276621058893516
"B3",0.368325242718447,0.846938775510204,1.08316831683168,0.861460957178841,1.15929203539823,1.05396174863388,0.048780487804878,0.763796909492274,1.41033138401559,0.134770889487871,0.427312775330396,0.0803212851405622,0.135667396061269,0.239683933274802
"B4",0.174269005847953,0.109649122807018,0.385416666666667,0.614285714285714,0.0953436807095344,0.151554404145078,0.0292249047013977,0.591703056768559,1.17909002904163,0.23062015503876,0.256214149139579,NA,0.28134328358209,0.0749427917620137
"B5",0.396843950905903,0.830808080808081,0.881818181818182,0.963114754098361,0.994459833795014,0.974937343358396,0.027906976744186,0.791932059447983,1.41666666666667,0.14103472714387,0.314159292035398,0.17037037037037,0.14736012608353,0.296536796536797
"B6",0.126104023552502,0.70631970260223,0.628230616302187,0.727095516569201,0.336673346693387,0.379250720461095,0.0188679245283019,1.09879032258065,1.21377101681345,0.192039106145251,0.197389885807504,2,0.33831217326363,0.143253747917823
"B7",0.321092278719397,0.909930715935335,0.871739130434783,0.948960302457467,0.824468085106383,1.05428954423593,NA,1,1.33650519031142,0.17239010989011,0.411931818181818,0.0810810810810811,0.195522388059701,0.303867403314917
"B8",0.404997397188964,0.865698729582577,0.742424242424242,0.8,0.779047619047619,1.04984662576687,0.0289532293986637,0.930860033726813,1.33864541832669,0.192678227360308,0.391869918699187,0.0997150997150997,0.199042407660739,0.291028446389497
"B9",0.330708661417323,0.936542669584245,0.723849372384937,0.677007299270073,0.694736842105263,0.853350189633375,0.0206659012629162,0.906054279749478,1.28536585365854,0.127208480565371,0.397260273972603,0.0954003407155026,0.202812731310141,0.197361993160723
"C10",0.394463667820069,0.733096085409253,0.764976958525346,0.758220502901354,1,0.935745477230193,0.0297482837528604,0.93448275862069,1.33006535947712,0.111181702668361,0.474953617810761,0.0684474123539232,0.189349112426035,0.298850574712644
"C11",0.18894472361809,0.680365296803653,0.771367521367521,0.609480812641084,0.739024390243902,0.51165371809101,0.0192307692307692,0.825726141078838,1.37134909596662,0.0915233415233415,0.446300715990453,0.126027397260274,0.213592233009709,0.250240615976901
"C13",0.174917491749175,0.537373737373737,0.541062801932367,0.642424242424242,0.307829181494662,0.462108262108262,0.0130010834236186,0.873362445414847,1.2440119760479,0.129117259552042,0.472140762463343,0.0665499124343257,0.203413940256046,0.218056240749877
"C14",0.348087431693989,0.712871287128713,0.599620493358634,0.826612903225806,1.06944444444444,1.00432365657813,0.0247863247863248,0.937373737373737,1.33572567783094,0.161361954108068,0.562977099236641,0.123581336696091,0.194104960460101,0.286997885835095
"C15",0.391194331983806,0.727459016393443,0.699248120300752,0.866300366300366,0.937875751503006,0.97164461247637,1.5,0.89171974522293,1.25735849056604,0.159107271418287,0.43859649122807,0.0823817292006525,0.201704545454545,0.262407301768397
"C16",0.383406971035837,0.761692650334076,0.723270440251572,0.89738430583501,1.02004008016032,1.06679151061174,0.0322245322245322,1.16091954022989,1.18865143699337,0.130769230769231,0.512875536480687,0.118534482758621,0.145847400405132,0.281485780615206
"C17",0.387442572741194,1.01851851851852,0.768932038834951,1.04583333333333,0.695652173913043,1.03593486805166,0.046875,0.72147001934236,1.28082191780822,0.15034965034965,0.452599388379205,0.0718390804597701,0.114052953156823,0.329043088975937
"C18",0.349214943151056,0.752830188679245,0.91304347826087,0.815175097276265,0.768031189083821,1.02574850299401,0.0319526627218935,0.704081632653061,1.40149812734082,0.22730199613651,0.339622641509434,0.0636515912897822,0.136044880785414,0.257094211123723
"C19",0.357502517623364,0.816705336426914,0.688571428571429,0.694915254237288,0.757990867579909,1.04879635653871,0.064118372379778,0.697732997481108,1.25771715721464,0.202156334231806,0.370716510903427,0.125412541254125,0.193328795098707,0.253774680603949
"C2",0.137331838565022,0.287769784172662,0.636022514071295,0.686792452830189,0.190871369294606,0.28562945368171,0.0315031503150315,1.0184842883549,1.1265923566879,0.238368387507967,0.30952380952381,0.267834793491865,0.274310595065312,0.178105501985252
"C20",0.415794979079498,0.713163064833006,0.860824742268041,0.941176470588235,0.91412213740458,1.02393461762989,0.0372340425531915,1.04154302670623,1.17230769230769,0.180778032036613,0.398181818181818,0.0648379052369077,0.159231297185999,0.260253164556962
"C21",0.178062678062678,0.86870897155361,0.476470588235294,0.87066974595843,0.574610244988864,0.436609686609687,0.1,0.868235294117647,1.13531114327062,0.28493894165536,0.446153846153846,0.0508083140877598,0.244650499286733,0.203557312252964
"C22",0.324595649749024,1.00178890876565,1.0468085106383,0.968287526427061,0.877906976744186,0.965395480225989,0.0145772594752187,0.791666666666667,1.21571648690293,0.125085440874915,0.5,0.0710900473933649,0.246458923512748,0.309684101501813
"C23",0.315709201830198,0.996086105675147,0.881057268722467,0.876355748373102,1.28940568475452,1.1400875547217,0.0974842767295598,1.07511737089202,NA,0.0811594202898551,0.472222222222222,0.169565217391304,NA,0.240761478163494
"C3",0.407205240174672,0.711578947368421,0.941176470588235,0.988179669030733,0.856041131105398,1.04553518628031,0.05,0.941176470588235,1.25777470628887,0.15921963499056,0.530612244897959,0.0136986301369863,0.0953757225433526,0.294578706727629
"C4",0.158415841584158,0.188679245283019,0.293501048218029,0.708423326133909,0.0812274368231047,0.21710127349909,0.0258717660292463,0.726190476190476,1.2531914893617,0.210601719197708,0.252650176678445,0.175108538350217,0.307857142857143,0.122680412371134
"C5",0.116024973985432,0.156908665105386,0.24703557312253,0.667355371900826,0.0780141843971631,0.144051446945338,0.0594405594405594,1.081589958159,1.17398119122257,0.228907782864617,0.231607629427793,0.101173020527859,0.316640986132512,0.0849056603773585
"C6",0.367021276595745,0.847133757961783,0.753246753246753,0.734989648033126,0.876383763837638,1.0365296803653,0.035031847133758,1.10515021459227,1.31034482758621,0.190735694822888,0.402321083172147,0.0894308943089431,0.208461538461538,0.259436788496105
"C7",0.22962962962963,0.785714285714286,0.564625850340136,0.707779886148008,0.965968586387435,0.972336668628605,0.0496277915632754,1.16839916839917,1.44243641231593,0.248184818481848,0.49002849002849,0.114163090128755,0.201170446232626,0.228882833787466
"C8",0.401459854014599,0.702868852459016,0.698884758364312,0.705627705627706,1.05806451612903,1.0680981595092,0.025018395879323,0.905335628227194,1.46877351392024,0.20046439628483,0.354943273905997,0.13681592039801,0.212422360248447,0.262733232476046
"C9",0.398305084745763,0.618534482758621,0.808139534883721,0.821359223300971,0.976415094339623,0.988135593220339,0.0349922239502333,1.01144164759725,1.38837209302326,0.145504461221688,0.468911917098446,0.0744047619047619,0.194541637508747,0.305853658536585
"D10",0.353576942871848,0.630597014925373,0.808558558558559,0.668981481481482,0.934782608695652,1.04868154158215,0.0193661971830986,0.760309278350515,1.282874617737,0.116187989556136,0.480769230769231,0.0816802800466744,0.125863392171911,0.269767441860465
"D11",0.0852523272905439,0.62004662004662,0.8,0.758551307847082,0.750623441396509,0.541694024950755,0,0.82996632996633,1.35959153902261,0.107075767063244,0.45607476635514,0.110726643598616,0.13506139154161,0.154208050182959
"D13",0.06875,0.502092050209205,0.744874715261959,0.662037037037037,0.283950617283951,0.487057220708447,0.0299500831946755,0.806584362139918,1.22655663915979,0.173660426081343,0.450549450549451,0.0610859728506787,0.173453996983409,0.177404295051354
"D14",0.297284859641049,0.613207547169811,0.811740890688259,0.776173285198556,1.10193321616872,1.04203821656051,0.0204991087344029,0.902033271719039,1.22314737718568,0.183776932826362,0.389558232931727,0.098755832037325,0.203980099502488,0.271333673990802
"D15",0.354260089686099,0.787658802177858,0.828442437923251,0.940944881889764,1.00222222222222,1.01343570057582,0.0555555555555556,0.948051948051948,1.06081601231717,0.224390243902439,0.459905660377358,0.0881164106709782,0.150955833882663,0.239978331527627
"D16",0.415902140672783,0.653763440860215,0.776699029126214,0.927685950413223,1,0.940540540540541,0.0263157894736842,1.18444444444444,1.21606425702811,0.17578125,0.460111317254174,0.110229276895944,0.16817864619679,0.329597554763118
"D17",0.364337101747174,0.82830626450116,0.712328767123288,0.85050505050505,0.810869565217391,1.00235849056604,0.0570469798657718,0.818770226537217,1.39676708302719,0.125935162094763,0.511494252873563,0.0822222222222222,0.0957668285912561,0.269520225776105
"D18",0.354002776492365,0.839928057553957,0.858472998137803,0.935483870967742,0.745664739884393,1.06458923512748,0.0287206266318538,0.805604203152364,1.3314121037464,0.142080217539089,0.439672801635992,0.0438448566610455,0.149789029535865,0.296626984126984
"D19",0.251516565562296,0.932885906040268,0.92354124748491,0.886654478976234,1.18354430379747,1.01518987341772,0.0577777777777778,0.965714285714286,1.15327929255711,0.212765957446809,0.345188284518828,0.0895953757225433,0.201047806155861,0.284451378055122
"D2",0.137174910759816,0.41972920696325,0.830935251798561,0.752362948960302,0.188081936685289,0.33467278989667,0.0237068965517241,0.745454545454545,1.13968481375358,0.305882352941176,0.322344322344322,0.186406460296097,0.356245380635625,0.177933673469388
"D20",0.41834347215723,0.79045643153527,0.926258992805755,0.931972789115646,1.05263157894737,0.91196388261851,0.027906976744186,1.07266435986159,1.41198501872659,0.207080828323313,0.384422110552764,0.0965391621129326,0.107431935246505,0.319953461314718
"D21",0.169882100750268,0.706140350877193,0.627155172413793,0.858208955223881,0.796296296296296,0.563275434243176,0.121212121212121,0.991935483870968,1.23730098559515,0.28228021978022,0.467849223946785,0.00609756097560976,0.278260869565217,0.194358974358974
"D22",0.37280701754386,0.946296296296296,0.957894736842105,0.826003824091778,0.799610894941634,1.10347222222222,0.0195652173913043,0.984585741811175,1.05030959752322,0.142214221422142,0.515810276679842,0.0721062618595825,0.212034383954155,0.295679333680375
"D23",0.370254810192408,0.981776765375854,0.976595744680851,1.02893309222423,1.34361233480176,1.10647307924985,0.0982658959537572,1.08616187989556,NA,0.0943257184966839,0.451612903225806,0.149146451033243,NA,0.251798561151079
"D3",0.426221079691517,0.855397148676171,1.09255533199195,0.851301115241636,0.845804988662131,1.06353240152478,0.25,0.716701902748414,1.31339894019682,0.16841455891425,0.459409594095941,0.0904605263157895,0.132342533616419,0.29866036249015
"D4",0.162535748331745,0.223684210526316,0.405458089668616,0.619140625,0.1,0.203293223559215,0.00925925925925926,0.664835164835165,1.05461254612546,0.195009848982272,0.162295081967213,0.0881670533642691,0.172185430463576,0.114080834419817
"D5",0.0978006551240056,0.235827664399093,0.339955849889625,0.643002028397566,0.0859188544152745,0.158608490566038,0.00980392156862745,0.845541401273885,1.07680126682502,0.249840662842575,0.277264325323475,0.16260162601626,0.291449814126394,0.0783798001052078
"D6",0.384418247052793,0.817857142857143,0.881165919282511,0.900952380952381,0.939805825242718,1.04709897610922,0.0253671562082777,1.10573476702509,1.27205882352941,0.181369524984577,0.340384615384615,0.134108527131783,0.18801652892562,0.260204081632653
"D7",0.204047217537943,0.638580931263858,0.704433497536946,0.978927203065134,1.28162291169451,1.00774693350549,0.0372233400402414,0.972426470588235,1.26364335126826,0.264727815063386,0.501960784313725,0.0878186968838527,0.17179802955665,0.281396560708702
"D8",0.392857142857143,0.661682242990654,0.93921568627451,0.958181818181818,1.18378378378378,0.947806354009077,0.0198019801980198,0.876857749469214,1.33742331288344,0.165672630881378,0.373626373626374,0.0887622149837134,0.204081632653061,0.276995305164319
"D9",0.424533333333333,0.744578313253012,0.898089171974522,0.771825396825397,1.11256544502618,1.07419786096257,0.0293296089385475,0.817987152034261,1.3426517571885,0.0974605353466026,0.505952380952381,0.0629865534324133,0.19022154316272,0.269539078156313
"E10",0.113765642775882,0.136882129277567,0.299771167048055,0.592292089249493,0.0848861283643892,0.173173803526448,0.010533245556287,0.658620689655172,1.08053166536357,0.309711286089239,0.186413902053712,0.0844704353476283,0.213114754098361,0.0846366145354186
"E11",0.167764825139382,0.758454106280193,0.6825,0.992443324937028,0.841961852861035,0.864314789687924,0.107861060329068,0.841237113402062,1.13405238828968,0.120996441281139,0.369565217391304,0.0646630236794171,0.0802517702596381,0.20968629609246
"E13",0.257731958762887,0.785562632696391,0.716216216216216,0.839319470699433,0.910194174757282,1.11697247706422,0.0900195694716243,0.756626506024096,1.14511278195489,0.170870113493064,0.318565400843882,0.0654761904761905,0.0783444198078344,0.291589648798521
"E14",0.226868792472556,0.666030534351145,0.569548872180451,0.806981519507187,0.768463073852295,0.970828471411902,0.0206084396467125,0.987562189054726,1.10328262610088,0.190970103721782,0.329646017699115,0.141379310344828,0.197138314785374,0.26270325203252
"E15",0.278499278499279,0.7002457002457,0.853881278538813,0.998019801980198,0.771712158808933,0.929109159347553,0.0891840607210626,0.839805825242718,1.26445643793369,0.211491442542787,0.506,0.0907054871220605,0.315907393577296,0.229109020475927
"E16",0.358312655086849,0.723926380368098,0.948314606741573,0.832935560859189,0.90146750524109,0.969230769230769,0.0224806201550388,0.896788990825688,1.31765676567657,0.19865571321882,0.368606701940035,0.128755364806867,0.17948717948718,0.20733740967204
"E17",0.400634249471459,0.930084745762712,0.705653021442495,0.952548330404218,1.1030303030303,1.00061425061425,0.141791044776119,0.777365491651206,1.26173541963016,0.147234678624813,0.54389721627409,0.0988175675675676,0.112741312741313,0.256321269211701
"E18",0.413472070098576,0.834738617200675,0.76950998185118,0.81056466302368,0.932394366197183,1.05459770114943,0.0345659163987138,0.733067729083665,1.23650568181818,0.133289124668435,0.385802469135802,0.0475651189127973,0.138597904915391,0.301180092355054
"E19",0.230276134122288,0.962025316455696,0.823529411764706,0.779411764705882,0.598326359832636,0.873594001071237,0.11645101663586,0.929889298892989,1.24909747292419,0.127035830618893,0.333980582524272,0.0804597701149425,0.198365527488856,0.272598870056497
"E2",0.189636163175303,0.512605042016807,0.518850987432675,0.971830985915493,0.566739606126915,0.530930930930931,0.0350438047559449,0.768270944741533,1.36973478939158,0.343125734430082,0.377224199288256,0.220958570268075,0.401727861771058,0.238219895287958
"E20",0.385531135531136,0.844606946983547,0.935483870967742,0.909594095940959,0.912393162393162,1.01497504159734,0.0332577475434618,1.04356435643564,1.33456973293769,0.232244318181818,0.370558375634518,0.213811420982736,0.119594594594595,0.279674796747967
"E21",0.468106995884774,0.938697318007663,0.758547008547009,0.902040816326531,1.08072916666667,1.01485148514851,0.104838709677419,0.74639175257732,1.23324022346369,0.157722513089005,0.508710801393728,0.0283553875236295,0.179258241758242,0.245965770171149
"E22",0.39,1.24764890282132,1.65648854961832,1.2725527831094,1.24465558194774,1.11550339715874,0.0341951626355296,0.937608318890815,1.31189229618549,0.187777777777778,0.682274247491639,0.116573033707865,0.165331391114348,0.411851126346719
"E23",0.410569105691057,0.947470817120623,1.06106870229008,0.990671641791045,1.62886597938144,1.08529048207664,0.195945945945946,1.19047619047619,NA,0.208281053952321,0.455611390284757,0.159159159159159,NA,0.315892740353172
"E3",0.436046511627907,0.852878464818763,0.868556701030928,0.923232323232323,0.965217391304348,0.877467665078285,0.0999099909990999,0.898648648648649,1.42788461538462,0.164005805515239,0.435897435897436,0.243110236220472,0.17283950617284,0.24124761298536
"E4",0.432673267326733,0.772811918063315,0.549893842887473,0.849906191369606,0.911111111111111,1.1277299801456,0.0468854655056932,0.919230769230769,1.18027961736571,0.12694125590817,0.368794326241135,0.163455149501661,0.113394216133942,0.399049881235154
"E5",0.340448823207444,0.960167714884696,0.99236641221374,0.970961887477314,1.07142857142857,1.1603550295858,0,1.03597122302158,1.24591381872214,0.204574332909784,0.47246891651865,0.118479221927498,0.152254249815225,0.288625592417062
"E6",0.32388274867852,0.782682512733446,0.928196147110333,0.802559414990859,1.03384615384615,1.01702997275204,0.0378681626928471,0.972,1.23195084485407,0.192479286169535,0.465635738831615,0.105080027835769,0.180878552971576,0.303543913713405
"E7",0.414424111948332,0.728070175438597,0.801762114537445,0.799628942486085,0.892105263157895,1.03357472021066,0.125,0.801457194899818,1.33184190902312,0.206696716033484,0.491189427312775,0.0970149253731343,0.187265917602996,0.268205128205128
"E8",0.429170549860205,0.695219123505976,0.844074844074844,0.715909090909091,0.955645161290323,0.973534971644612,0.0299177262528048,0.824956672443674,1.29665427509294,0.111994698475812,0.355599214145383,0.120440467997247,0.15007215007215,0.238955823293173
"E9",0.366533864541833,0.687074829931973,0.752851711026616,0.981785063752277,0.779097387173397,1.07062146892655,0.0382978723404255,0.804971319311663,1.3083264633141,0.114695340501792,0.284955752212389,0.107402031930334,0.136363636363636,0.237732253454026
"F10",0.123414634146341,0.262237762237762,0.300578034682081,0.604803493449782,0.0649895178197065,0.160565189466924,0.0185185185185185,0.623188405797101,1.05203619909502,0.213888888888889,0.232876712328767,0.0349206349206349,0.204081632653061,0.110186092066601
"F11",0.183323477232407,0.725952813067151,0.620689655172414,0.618510158013544,0.549878345498783,0.94659839063643,0.0873015873015873,0.564705882352941,1.11949215832711,0.116343490304709,0.271825396825397,0.120098039215686,0.0580882352941176,0.229235880398671
"F13",0.313001605136437,0.746898263027295,0.617073170731707,0.982456140350877,0.760820045558087,1.05273189326557,0.0514018691588785,0.733766233766234,1.17085798816568,0.192173305380853,0.383701188455009,0.0417177914110429,0.0831541218637993,0.317468105986261
"F14",0.307163886162905,0.921305182341651,0.618069815195072,0.747619047619048,0.785854616895874,0.827244582043344,0.025305410122164,0.843137254901961,1.17278287461774,0.200292397660819,0.306896551724138,0.015625,0.174647887323944,0.274360370168753
"F15",0.247094492167761,0.837719298245614,0.53740157480315,1.05436893203883,0.860526315789474,0.93993993993994,0.0953271028037383,0.811359026369168,1.30455635491607,0.259809750297265,0.386274509803922,0.101276595744681,0.247304582210243,0.289094650205761
"F16",0.202481389578164,0.806273062730627,0.746534653465347,0.884297520661157,0.854406130268199,0.943593314763231,0.0250809061488673,0.784922394678492,1.30847212165098,0.18340348767288,0.271641791044776,0.067211625794732,0.171407731582786,0.240042485395645
"F17",0.445233265720081,0.772277227722772,0.834745762711864,0.948076923076923,0.751412429378531,0.976408912188729,0.0964052287581699,0.759124087591241,1.17905675459632,0.232824427480916,0.364891518737673,0.109019607843137,0.151324965132497,0.29868154158215
"F18",0.325434439178515,0.723518850987433,0.689285714285714,1.02637889688249,0.998251748251748,1.07113462669018,0.0218579234972678,0.780911062906725,1.2044776119403,0.10328317373461,0.462046204620462,0.070607553366174,0.118303571428571,0.247858942065491
"F19",0.246309963099631,1.07425742574257,0.816742081447964,0.838167938931298,0.613908872901679,0.883587786259542,0.105189340813464,0.613272311212815,1.24720670391061,0.14745145631068,0.435146443514644,0,0.167460857726344,0.247871807711567
"F2",0.253787878787879,0.651252408477842,0.458333333333333,0.846153846153846,0.647686832740214,0.515225334957369,0.0392344497607656,0.849129593810445,1.27760497667185,0.209858103061987,0.260249554367201,0.130879345603272,0.380602498163115,0.257884972170686
"F20",0.316045380875203,0.957564575645756,0.877593360995851,0.951612903225806,0.859375,1.08079142621599,0.0321428571428571,1.24385245901639,1.27786259541985,0.181159420289855,0.420677361853832,0.109375,0.134485349361382,0.312865497076023
"F21",0.407235142118863,0.828282828282828,0.900423728813559,0.91063829787234,1.16393442622951,1.03745743473326,0.129659643435981,0.920993227990971,1.27588932806324,0.178391959798995,0.433852140077821,0.0770519262981574,0.174810736407433,0.26469085334696
"F22",0.3240058910162,1.17657045840407,1.34712230215827,1.29588014981273,0.997179125528914,1.06771745475774,0.03515625,1.13628318584071,1.29876160990712,0.159718144450969,0.571656050955414,0.0895348837209302,0.138888888888889,0.326049453709028
"F23",0.387192118226601,1.08636363636364,1.07238605898123,1,1.1303317535545,1.09418604651163,0.140350877192982,1.02564102564103,NA,0.181192660550459,0.565529622980251,0.224568138195777,NA,0.315210355987055
"F3",0.36978021978022,0.96031746031746,0.844054580896686,0.770186335403727,0.863354037267081,0.855862068965517,0.0796555435952637,0.854260089686099,1.3469068128426,0.113152094048494,0.456521739130435,0.234140715109573,0.181181959564541,0.21351025331725
"F4",0.397029702970297,0.918669131238447,0.795454545454545,0.964527027027027,1.22340425531915,1.10556621880998,0.0224246671338472,0.982213438735178,1.35146443514644,0.156146179401993,0.395229982964225,0,0.0876777251184834,0.358957654723127
"F5",0.379084967320261,0.878,0.870445344129555,0.838938053097345,1.21350762527233,1.04903225806452,0,0.82034632034632,1.16039156626506,0.162790697674419,0.532338308457711,0.105169340463458,0.139776951672862,0.317884405670665
"F6",0.416581892166836,0.663732394366197,0.794736842105263,0.803960396039604,1.11978221415608,1.00873069173942,0.0172570390554042,0.981818181818182,1.15028901734104,0.147790055248619,0.3671875,0.082512315270936,0.179830747531735,0.255755755755756
"F7",0.35260663507109,0.761523046092184,0.770186335403727,0.821033210332103,1.01225490196078,1.01874595992243,0.0204081632653061,0.910746812386157,1.19010043041607,0.11605415860735,0.302973977695167,NA,0.189873417721519,0.239589275527667
"F8",0.369869402985075,0.723826714801444,0.703703703703704,0.855102040816327,0.942766295707472,1.10114503816794,0.0306324110671937,0.761484098939929,1.20808383233533,0.107307439104674,0.318532818532819,0.0323159784560144,0.177272727272727,0.265524625267666
"F9",0.265201839550332,0.926160337552743,0.645030425963489,0.925430210325048,0.646288209606987,1.00177619893428,0,0.810909090909091,1.16941529235382,0.130612244897959,0.376068376068376,0.112954186413902,0.122479462285288,0.314975845410628
"G10",0.33419689119171,0.657032755298651,0.674937965260546,0.838095238095238,0.808403361344538,0.952137843012125,0.0272156315422191,0.717228464419476,1.16640378548896,0.165952235150031,0.325497287522604,0.0810344827586207,0.101351351351351,0.257202723939235
"G11",0.272977941176471,0.712041884816754,0.648769574944072,0.956340956340956,0.730853391684901,0.909141274238227,0.0573355817875211,0.430327868852459,1.14168530947054,0.174,0.398907103825137,0.135561160151324,0.092741935483871,0.239397321428571
"G13",0.247792207792208,0.788649706457926,0.58592132505176,0.782442748091603,0.783653846153846,0.987905792488861,0.0781893004115226,0.507900677200903,1.06009615384615,0.150170648464164,0.427165354330709,0.0791304347826087,0.0832137733142037,0.228728728728729
"G14",0.320861096873398,0.80728051391863,0.653688524590164,0.842377260981912,0.721830985915493,0.979662986635677,0.0357142857142857,0.680803571428571,1.11620294599018,0.124923076923077,0.412698412698413,0.0634146341463415,0.104942965779468,0.228995901639344
"G15",0.180396246089677,0.489108910891089,0.337408312958435,1.03177570093458,0.31042654028436,0.539240506329114,0.111111111111111,0.414507772020725,1.19540229885057,0.23972602739726,0.338983050847458,0.0963523743977977,0.348516218081435,0.202927814235235
"G16",0.500245218244237,1.06910569105691,1.29700854700855,0.516460905349794,0.612244897959184,0.937751004016064,0.0235210263720599,0.895910780669145,1.35426356589147,0.31294964028777,0.33041958041958,0.0614525139664804,0.076271186440678,0.175379426644182
"G17",0.288969445882962,0.879818594104308,0.826789838337182,1.0020202020202,0.826603325415677,1.0510752688172,0.0756207674943567,0.662037037037037,1.16838995568685,0.167447306791569,0.361376673040153,0.119096509240246,0.146108663729809,0.297943567670971
"G18",0.403393541324576,0.674650698602794,0.794605809128631,0.771634615384615,0.952153110047847,0.987021414665801,0.0290909090909091,0.853813559322034,1.14705882352941,0.13142174432497,0.354368932038835,0.103392568659128,0.0984848484848485,0.26218220338983
"G19",0.223214285714286,0.560311284046693,0.364661654135338,1.20808080808081,0.321256038647343,0.571785268414482,0.191806331471136,0.585714285714286,1.21641791044776,0.226077224398433,0.484615384615385,0.0405405405405405,0.446389496717724,0.218582169709989
"G2",0.320645905420992,0.699065420560748,0.779620853080569,0.94979079497908,0.971830985915493,0.898750821827745,0.0378787878787879,0.874755381604697,1.02191780821918,0.126315789473684,0.385518590998043,0.272585669781931,0.1469013006886,0.219170403587444
"G20",0.339662447257384,0.874045801526718,0.75751503006012,0.799220272904483,0.631404958677686,1.06903103229892,0.0226628895184136,0.807407407407407,1.18296089385475,0.170988086895585,0.525285481239804,0.104026845637584,0.120026525198939,0.266307277628032
"G21",0.41405849153412,0.898635477582846,0.982213438735178,1.0050505050505,1.01123595505618,0.984826589595376,0.115284974093264,0.93348623853211,1.10185185185185,0.183220234423196,0.632034632034632,0.0925335035098915,0.201249132546842,0.242713567839196
"G22",0.376190476190476,0.915254237288136,0.730526315789474,0.864285714285714,0.936605316973415,1.08794137241839,0.0332355816226784,0.823117338003503,1.27288428324698,0.134977287475665,0.554438860971524,0.0921584478577203,0.131840796019901,0.257215189873418
"G23",0.400531679220204,1.07331975560081,1.09224318658281,0.943037974683544,1.37327188940092,1.07079646017699,0.171631205673759,1.02922755741127,NA,0.180574555403557,0.555803571428571,0.239426523297491,NA,0.313653136531365
"G3",0.342837273991655,0.85286783042394,0.780555555555556,0.846575342465753,0.785915492957746,0.748620961386919,0.0217391304347826,0.780701754385965,1.19056785370549,0.0833333333333333,0.436058700209644,0.0923913043478261,0.118299445471349,0.138996138996139
"G4",0.17125900805426,0.450980392156863,0.618860510805501,0.894190871369295,1.38803680981595,0.966603654694392,0.0260930888575458,0.82670906200318,1.3991935483871,0.321243523316062,0.463268365817091,0.0763305322128852,0.0819228165199729,0.236228813559322
"G5",0.398373983739837,0.754065040650406,0.777546777546778,0.997942386831276,0.907348242811502,1.01101591187271,0.0495575221238938,0.927230046948357,1.29992169146437,0.145486935866983,0.447817836812144,0.121309370988447,0.166919575113809,0.266666666666667
"G6",0.440901594282573,0.560975609756098,0.709812108559499,0.808189655172414,0.88659793814433,1.05638214565388,0.0464259395725866,0.833333333333333,1.1421362489487,0.129830917874396,0.342293906810036,0.064957264957265,0.165185185185185,0.241484494153533
"G7",0.429196282121378,0.880530973451327,0.808318264014466,0.854700854700855,0.7675,1.03325688073395,0.0617088607594937,0.530864197530864,1.15431627196333,0.102175346077785,0.309222423146474,0.112941176470588,0.163265306122449,0.300842992623815
"G8",0.159124087591241,0.661080074487896,0.596354166666667,0.624145785876993,0.6,0.64426125554851,0.0379421221864952,0.610204081632653,1.1484375,0.18216805644644,0.310344827586207,0.0673934588701685,0.238095238095238,0.252585737615678
"G9",0.0809802876931273,1.19765166340509,1.112,0.475499092558984,0.866666666666667,0.799661399548533,0.101449275362319,0.821739130434783,1.21586847748392,0.349669603524229,0.42495126705653,0.108736643620365,0.0272063702720637,0.221024258760108
"H10",0.282352941176471,0.5489443378119,0.696537678207739,0.698473282442748,0.900188323917137,1.02423822714681,0.0156106519742883,0.32967032967033,1.1410437235543,0.0863945578231293,0.464285714285714,0.0890756302521008,0.0685453160700685,0.229842931937173
"H11",0.292870905587669,0.551578947368421,0.588946459412781,0.688495575221239,0.72972972972973,0.955448937628513,0.0402684563758389,0.817836812144213,1.25275532696547,0.100770218228498,0.484797297297297,0.0985824742268041,0.0715339233038348,0.248871331828442
"H13",0.301075268817204,0.573875802997859,0.693693693693694,0.905172413793103,0.753623188405797,1.05635422656699,0.0285714285714286,0.54728370221328,1.27329192546584,0.0817015530047265,0.499051233396584,0.0628645495787427,0.0828685258964143,0.317460317460317
"H14",0.322594880847308,0.747457627118644,0.731808731808732,0.7625,0.651724137931034,1.05824039653036,0.0146412884333821,0.539149888143177,1.15873015873016,0.0969875091844232,0.406301824212272,NA,0.090625,0.242557345046364
"H15",0.130787589498807,0.402127659574468,0.322335025380711,0.976793248945148,0.31640625,0.564920273348519,0.0774193548387097,0.546052631578947,1.24079528718704,0.175606641123882,0.379518072289157,0.0809476801579467,0.272971160295104,0.183237896928683
"H16",0.487012987012987,0.926829268292683,1.32752613240418,0.555963302752294,0.617437722419929,1.01033888569787,0.0151515151515152,0.726027397260274,1.21927710843374,0.18682021753039,0.529411764705882,0.053405572755418,0.0784457478005865,0.155425219941349
"H17",0.275184275184275,0.980851063829787,0.682692307692308,0.885775862068966,0.715311004784689,1.02905287623475,0.0672823218997362,0.824242424242424,1.20836965998256,0.167371601208459,0.409465020576132,0.0898502495840266,0.139103554868624,0.234639574262216
"H18",0.316180371352785,0.669691470054447,0.766375545851528,0.884972170686456,0.896265560165975,1.05605670103093,0.0168776371308017,0.872117400419287,1.20330969267139,0.148701298701299,0.386243386243386,0.0755905511811024,0.0881057268722467,0.265126512651265
"H19",0.184336198662846,0.543237250554324,0.448979591836735,1.10537190082645,0.5,0.62284730195178,0.14050822122571,0.62979683972912,1.21963636363636,0.166044776119403,0.411032028469751,0.0531073446327684,0.374756018217306,0.242082662372517
"H2",0.365189873417722,0.809027777777778,0.959677419354839,0.879912663755459,1.14853556485356,0.963448275862069,0.0541871921182266,1.02479338842975,1.17567567567568,0.106113843991567,0.482176360225141,0.142330383480826,0.114644970414201,0.185139318885449
"H20",0.300156331422616,0.92652329749104,0.648,0.820945945945946,0.607476635514019,1.06322957198444,0.0321100917431193,0.854037267080745,1.088,0.145631067961165,0.479923518164436,0.0854572713643178,0.138461538461538,0.238353196099675
"H21",0.379651162790698,0.877155172413793,0.824152542372881,0.874747474747475,1.03051643192488,1.06358728254349,0.0888529886914378,1.02305475504323,1.24373379429559,0.149805447470817,0.50936329588015,0.111287758346582,0.180494905385735,0.271604938271605
"H22",0.382638215324927,0.904315196998124,0.80439121756487,0.945794392523365,0.985989492119089,1.00844155844156,0.033,0.829439252336449,1.14434643143545,0.125,0.404452690166976,0.0963597430406852,0.133004926108374,0.207925887802367
"H23",0.348331648129424,1.15079365079365,0.89041095890411,0.930817610062893,1.33112582781457,1.08773132282385,0.19047619047619,0.997601918465228,NA,0.12874251497006,0.556506849315068,0.18796992481203,NA,0.32118591723286
"H3",0.255047106325707,0.793604651162791,0.852331606217617,0.739473684210526,0.954887218045113,0.767857142857143,0.043360433604336,0.661333333333333,1.16650898770104,0.103766879886283,0.44258872651357,0.043010752688172,0.113989637305699,0.153030303030303
"H4",0.155578300921187,0.478896103896104,0.481894150417827,0.696798493408663,0.989228007181329,0.969184290030211,0.0247592847317744,0.761029411764706,1.19789612097304,0.252459016393443,0.426056338028169,0.0669014084507042,0.0707417582417582,0.190035952747817
"H5",0.395042994436014,0.840864440078585,0.848290598290598,0.954248366013072,0.888211382113821,1.09662475181999,0.0718085106382979,0.692307692307692,1.31259842519685,0.0893997445721584,0.350746268656716,0.069511355815554,0.129560685033507,0.219402143260011
"H6",0.38353309015112,0.812121212121212,0.784735812133072,0.829424307036247,0.780068728522337,1.01946308724832,0.0405405405405405,0.618367346938775,1.2820730671198,0.0873915943962642,0.303538175046555,0.104868913857678,0.182106096595408,0.282791185729276
"H7",0.284474885844749,0.894093686354379,0.801217038539554,0.947990543735225,0.872017353579176,1.07944845699278,0,0.696356275303644,1.21887713588283,0.147668393782383,0.31551724137931,0.116427432216906,0.124721603563474,0.266081871345029
"H8",0.191852202747513,0.703204047217538,0.705636743215031,0.809145129224652,0.881967213114754,0.636786188579017,0.0234776228906823,0.784560143626571,1.27037933817595,0.184684684684685,0.456989247311828,0.0567928730512249,0.177631578947368,0.197751660705161
"H9",0.0943661971830986,1.07992565055762,1.18815331010453,0.466666666666667,1.11804008908686,0.876038338658147,0.0841121495327103,1.04380952380952,1.14177978883861,0.322946175637394,0.525984251968504,0.10916179337232,0.0244897959183673,0.190237226277372
"I10",0.346550787615426,0.776515151515151,0.581896551724138,0.633802816901408,0.86551724137931,1.17571884984026,0.0182767624020888,0.645290581162325,1.17775974025974,0.0991839296924043,0.33728813559322,0.0672514619883041,0.0961968680089485,0.272994129158513
"I11",0.423645320197044,0.917391304347826,0.617706237424547,0.912801484230056,0.908466819221968,1.13100724160632,0.0884146341463415,0.68433734939759,1.28211009174312,0.105263157894737,0.435185185185185,0.0724269377382465,0.0981375358166189,0.267827980402831
"I13",0.372008324661811,0.608617594254937,0.587044534412955,0.817567567567568,0.97254004576659,1.04364569961489,0.0261904761904762,0.566585956416465,1.20176848874598,0.0950819672131148,0.311320754716981,0.062111801242236,0.0973254086181278,0.28051282051282
"I14",0.37347294938918,0.672473867595819,0.657718120805369,0.668016194331984,0.808193668528864,1.01968253968254,0.0180995475113122,0.714285714285714,1.24663677130045,0.129770992366412,0.426086956521739,0.0589473684210526,0.0911062906724512,0.257142857142857
"I15",0.372423945044161,0.708061002178649,0.709016393442623,1.04112554112554,0.778846153846154,1.05229591836735,0.0327586206896552,0.637450199203187,1.28879310344828,0.120701281186784,0.48780487804878,0.0659448818897638,0.12087139845397,0.310272536687631
"I16",0.315704263356719,0.77843137254902,0.713709677419355,0.77755905511811,0.795546558704453,1.03810775295664,0.0128585558852621,0.666666666666667,1.23824701195219,0.106930693069307,0.380869565217391,0.0491803278688525,0.18027961736571,0.269870609981516
"I17",0.257918552036199,0.91231732776618,0.733463035019455,0.849015317286652,0.741772151898734,0.875573018991487,0.117647058823529,0.794549266247379,1.19312602291326,0.08183776022972,0.493693693693694,0.0681481481481482,0.165722379603399,0.241360978203083
"I18",0.0827300930713547,0.360975609756098,0.31554524361949,0.69179600886918,0.0746268656716418,0.23044776119403,0.0169779286926995,0.82563025210084,1.20454545454545,0.262515262515263,0.307438016528926,0.0715935334872979,0.241650294695481,0.0852105778648384
"I19",0.201981287837094,0.221115537848606,0.332669322709163,0.806382978723404,0.136622390891841,0.165609137055838,0.0334486735870819,0.732209737827715,1.07601880877743,0.238609112709832,0.305447470817121,0.100642398286938,0.334890965732087,0.11336717428088
"I2",0.197228144989339,0.595406360424028,0.456611570247934,0.828625235404896,0.562624254473161,0.498483929654336,0.0355603448275862,0.970649895178197,1.11473962930274,0.181186868686869,0.35650623885918,0.0967007963594994,0.338570306362922,0.156047516198704
"I20",0.348974943052392,0.79324055666004,0.781584582441114,0.866396761133603,0.694753577106518,0.98408956982911,0.0225,0.666666666666667,1.24097331240188,0.0824499411071849,0.38556338028169,0.05078125,0.116309291747888,0.321971683272155
"I21",0.318840579710145,1.0390243902439,0.960743801652893,0.989429175475687,0.794117647058823,1.023598820059,0.0489038785834739,0.975824175824176,1.29478458049887,0.146899458157736,0.634469696969697,0.0560311284046693,0.149700598802395,0.26643598615917
"I22",0.366632337796087,0.838095238095238,0.979508196721312,0.745967741935484,0.955035971223022,1.00265428002654,0.0261437908496732,0.812917594654788,1.1206757843926,0.1280276816609,0.43510054844607,0.076858813700919,0.123407109322602,0.258314855875831
"I23",0.361401673640167,1.02836879432624,0.865603644646925,1.01431127012522,1.00683371298405,1.15050377833753,0.159598214285714,0.949119373776908,NA,0.104457751164338,0.567901234567901,0.0740072202166065,NA,0.284970722186077
"I3",0.173236514522822,0.555555555555556,0.412162162162162,0.945454545454545,0.456483126110124,0.479206653870761,0.03690036900369,0.815195071868583,1.10323574730354,0.297810218978102,0.291015625,0.0717821782178218,0.406716417910448,0.205247813411079
"I4",0.403041825095057,0.671028037383178,0.778966131907308,0.709876543209877,0.606666666666667,1.05148741418764,0.0385852090032154,0.659574468085106,1.26575931232092,0.14218958611482,0.32015065913371,0.0619006102877071,0.102146558105107,0.209651474530831
"I5",0.435547984099943,0.965986394557823,0.812749003984064,0.87378640776699,0.904166666666667,1.11279143037177,0.0673339399454049,0.688755020080321,1.32207384131972,0.114375,0.511387163561077,0.0829840737636211,0.17933390264731,0.261605415860735
"I6",0.282608695652174,0.768670309653916,0.762237762237762,0.853118712273642,0.852112676056338,0.977812995245642,0.0257997936016512,0.671875,1.27742946708464,0.131368937998772,0.40536013400335,0.0752688172043011,0.183703703703704,0.272222222222222
"I7",0.339493136219641,0.585127201565558,0.827977315689981,0.969879518072289,0.833333333333333,1.04996796925048,0.069672131147541,0.895256916996047,1.23780945236309,0.144299287410926,0.412296564195298,0.0955710955710956,0.104166666666667,0.24343163538874
"I8",0.281832711774108,0.549165120593692,0.500927643784787,0.710743801652893,0.851254480286738,1.07431551499348,0.0243128964059197,0.592827004219409,1.19242424242424,0.18086592178771,0.367720465890183,0.0760869565217391,0.0717986676535899,0.223640399556049
"I9",0.391181458451102,0.825053995680346,0.657563025210084,0.790650406504065,0.884160756501182,1.05380577427822,0.0330296127562642,0.833616298811545,1.28297715549005,0.0529100529100529,0.326295585412668,0.106603773584906,0.070096942580164,0.272112131464476
"J10",0.194741966893866,0.703259005145798,0.81957773512476,0.836431226765799,0.783365570599613,1.1558516801854,0.0264105642256903,0.933572710951526,1.13096139288418,0.110684089162183,0.28414442700157,0.0717079530638853,0.0793650793650794,0.25
"J11",0.237011380504701,0.729166666666667,0.612612612612613,0.69939879759519,0.865060240963855,1.11170568561873,1,0.855325914149444,1.0796992481203,0.126226291693918,0.290050590219224,0.1005859375,0.0915977961432507,0.246678220681687
"J13",0.218281718281718,0.563636363636364,0.573264781491003,1.01489361702128,0.95,1.03011292346299,0,0.918772563176895,1.15797101449275,0.122390208783297,0.362126245847176,0.0786598689002185,0.0770318021201413,0.23422159887798
"J14",0.270334928229665,0.806083650190114,0.662721893491124,0.780669144981413,0.94368932038835,1.02590018951358,0.0247524752475248,0.723636363636364,1.17656129529684,0.147766323024055,0.373188405797101,0.0823353293413174,0.0844062947067239,0.25177304964539
"J15",0.308256880733945,0.895049504950495,0.656779661016949,0.831168831168831,1.11042944785276,0.970454545454545,0,0.903966597077244,1.30353117956424,0.147257700976709,0.38348623853211,0.0878972278566599,0.0865122615803815,0.252862120457939
"J16",0.364046069103656,0.831439393939394,0.72787610619469,0.857446808510638,0.824742268041237,1.05728871242201,0.0259865255052935,0.79372197309417,1.25294579732914,0.111869031377899,0.259391771019678,0.0673624288425047,0.137026239067055,0.249235474006116
"J17",0.211105002748763,0.811715481171548,0.776209677419355,0.84695652173913,0.809876543209877,0.951374207188161,0.0219512195121951,0.827272727272727,1.09818481848185,0.110473457675753,0.482692307692308,0.0483516483516484,0.178985507246377,0.230882352941176
"J18",0.125897558640498,0.282142857142857,0.316666666666667,0.700367647058823,0.0648648648648649,0.272777471010491,0.0209662716499544,0.682926829268293,1.13062098501071,0.179935275080906,0.318811881188119,0.0326864147088866,0.242795830778663,0.118602362204724
"J19",0.131147540983607,0.326959847036329,0.327868852459016,0.716911764705882,0.117241379310345,0.151987529228371,0.0165289256198347,0.965957446808511,1.09962546816479,0.262406947890819,0.335863377609108,0.0624380574826561,0.354340836012862,0.0631749460043197
"J2",0.213956170703576,0.536585365853659,0.456928838951311,0.88785046728972,0.413080895008606,0.47741935483871,0.0213940648723257,1.06533575317604,1.22266560255387,0.274160383824537,0.304201680672269,0.0893921334922527,0.364335126825519,0.170879120879121
"J20",0.300480769230769,0.802395209580838,0.929078014184397,0.854122621564482,0.927509293680297,1.02104442712393,0.0352716873212583,0.941860465116279,1.18846153846154,0.116635972989564,0.405253283302064,0.0539647577092511,0.135009927200529,0.30241935483871
"J21",0.235454051114736,0.888475836431227,0.928735632183908,0.920353982300885,0.690104166666667,0.98664343786295,0,0.927385892116183,1.1226626776365,0.138711549622751,0.524271844660194,0.0428870292887029,0.138592750533049,0.241225902125556
"J22",0.332511100148002,0.962418300653595,0.848987108655617,0.960144927536232,0.976878612716763,1.06531678641411,0.02375,0.855691056910569,1.11258278145695,0.139740018570102,0.447530864197531,0.102272727272727,0.105647840531561,0.291368884002199
"J23",0.371072589382449,0.991323210412148,0.974082073434125,0.893305439330544,1.34602076124567,1.101875,0.055,0.858666666666667,NA,0.126721763085399,0.44362292051756,0.085812356979405,NA,0.291720569210867
"J3",0.145691906005222,0.505639097744361,0.404166666666667,0.996275605214153,0.340425531914894,0.502002670226969,0.0377358490566038,0.711822660098522,1.03063829787234,0.201406649616368,0.341681574239714,0.0721153846153846,0.396161754626456,0.177173913043478
"J4",0.449569183983781,0.824057450628366,0.799204771371769,0.844202898550725,1.04788213627993,1.05464480874317,0.0433639947437582,0.758677685950413,1.19692307692308,0.0533099004100762,0.456678700361011,0.0752493200362647,0.117367168913561,0.247165532879819
"J5",0.253120319520719,0.882608695652174,0.756704980842912,1.11297071129707,1.13725490196078,1.08465945257798,0.0354118552732871,0.807157057654076,1.23047763457165,0.110650887573964,0.458333333333333,0.0868628858578607,0.128421052631579,0.24974974974975
"J6",0.325223435948361,0.721014492753623,0.721280602636535,0.771966527196653,1.10617760617761,1.00455729166667,0.0401785714285714,0.824275362318841,1.26485148514851,0.143364088005678,0.399650959860384,0.0835820895522388,0.170839469808542,0.230526315789474
"J7",0.382693197593707,0.777335984095427,0.870656370656371,0.869198312236287,1.10648148148148,1.00537634408602,0.0230978260869565,0.888671875,1.17958557175748,0.0790921595598349,0.406679764243615,0.114334470989761,0.13061797752809,0.284237726098191
"J8",0.393509127789047,0.65751211631664,0.606003752345216,0.691331923890063,0.948943661971831,1.10732984293194,0.0260303687635575,0.906666666666667,1.1840490797546,0.0716981132075472,0.314529914529915,0.0634005763688761,0.079100145137881,0.265515380464112
"J9",0.305654610290372,0.77992277992278,0.800865800865801,0.833969465648855,0.916473317865429,1.0299022426682,0.0250723240115718,0.984536082474227,1.18813427010148,0.097997138769671,0.338568935427574,0.079144385026738,0.0902366863905325,0.248356095093576
"K10",0.137665198237885,0.803508771929825,0.904166666666667,0.701818181818182,0.508810572687225,0.894039735099338,0.0269058295964126,0.865642994241843,0.793822393822394,0.0762766645119586,0.252236135957066,0.0374812593703148,0.132824427480916,0.191712431352971
"K11",0.238541666666667,0.866666666666667,0.74703557312253,0.828301886792453,0.48125,1.03005780346821,0.0162481536189069,0.701646090534979,1.12,0.127974276527331,0.360655737704918,0.0676579925650558,0.0837473385379702,0.236924686192469
"K13",0.283538083538084,0.970338983050847,0.674311926605505,0.755555555555556,0.731034482758621,0.947945205479452,0.023094688221709,0.750922509225092,1.1973293768546,0.151785714285714,0.374280230326296,0.082059533386967,0.0753228120516499,0.257530120481928
"K14",0.24689357104268,0.804573804573805,0.666666666666667,0.86372745490982,0.764044943820225,1.01748906933167,0.0246305418719212,0.766528925619835,1.1865671641791,0.233096085409253,0.335753176043557,0.0641509433962264,0.0875912408759124,0.226586102719033
"K15",0.24806999485332,0.852551984877127,0.692007797270955,0.898799313893654,0.717444717444717,1.00641025641026,0.0208799403430276,0.743137254901961,1.28379387602689,0.156023699802502,0.344230769230769,0.095059880239521,0.092690278824416,0.274636510500808
"K16",0.0905412240768842,0.302583025830258,0.246464646464646,0.639737991266376,0.0834845735027223,0.162230671736375,0.0116618075801749,0.686507936507937,0.886204208885425,0.247126436781609,0.235087719298246,0.0337477797513321,0.302043906131718,0.0555555555555556
"K17",0.118551587301587,0.935483870967742,0.710239651416122,0.630393996247655,0.651709401709402,0.312814070351759,0.0177556818181818,0.598825831702544,0.903676470588235,0.159401431359792,0.324137931034483,0.106965174129353,0.190713101160862,0.129347826086957
"K18",0.251098901098901,0.884,0.758762886597938,0.805504587155963,0.621291448516579,1.01204819277108,0.035958904109589,0.780575539568345,1.28463855421687,0.0809061488673139,0.341584158415842,0.0372294372294372,0.0744595676541233,0.280742459396752
"K19",0.103680663556247,1.06736842105263,0.809954751131222,0.696177062374245,0.572033898305085,0.715749730312837,0.0212765957446809,0.905811623246493,1.08267997148967,0.0762976860537836,0.422303473491773,0.0803108808290155,0.166057059253841,0.211465657111952
"K2",0.35801266439357,1.06184012066365,0.771173848439822,0.829153605015674,0.877245508982036,1.13336962438759,0.0375796178343949,0.878787878787879,1.4896449704142,0.231729055258467,0.594827586206897,0.121333333333333,0.234584450402145,0.325789721829326
"K20",0.267321016166282,0.896616541353383,0.731800766283525,0.915463917525773,0.711967545638945,1.12215909090909,0.0196078431372549,0.720833333333333,1.02486812358704,0.131095630145662,0.352640545144804,0.0759803921568627,0.110335195530726,0.213906581740977
"K21",0.150621118012422,0.747534516765286,0.952380952380952,0.906796116504854,0.768085106382979,1.05372217958557,0.0375552282768778,0.760593220338983,1.27086494688923,0.0876317249029396,0.378026070763501,0.0735294117647059,0.173378839590444,0.289889793962626
"K22",0.0553977272727273,0.945614035087719,0.754807692307692,0.937722419928826,0.750902527075812,1.10215946843854,0.0254545454545455,1.07021276595745,1.07834101382488,0.124005305039788,0.5357833655706,0.0849420849420849,0.120886981402003,0.222408026755853
"K23",0.192239858906526,1.0622009569378,0.98874296435272,1.06382978723404,1.14678899082569,1.03407601572739,0.029535864978903,0.784741144414169,NA,0.0557598039215686,0.581443298969072,0.312845303867403,NA,0.249706227967098
"K3",0.405278039585297,0.794117647058823,0.840637450199203,0.881481481481482,0.979742173112339,1.1011673151751,0.037940379403794,0.74496644295302,1.13118279569892,0.0817146684527796,0.588039867109635,0.136690647482014,0.150782361308677,0.234267583289265
"K4",0.371725160652496,0.781569965870307,0.84375,0.862264150943396,0.877394636015326,1.02420242024202,0.0562659846547315,0.813643926788686,1.14743112434847,0.12467018469657,0.425414364640884,0.0771010023130301,0.0994989262705798,0.244179443498012
"K5",0.300448430493274,0.630738522954092,0.789583333333333,0.922912205567452,0.954091816367265,1.08512064343164,0.0426687354538402,0.767820773930754,1.2459711620017,0.136196319018405,0.291958041958042,0.165438165438165,0.139188069594035,0.194305694305694
"K6",0.305843801201529,0.614068441064639,0.68936170212766,0.903807615230461,0.612052730696798,1.03002793296089,0.0267080745341615,0.900608519269777,1.29923922231615,0.0564042303172738,0.336347197106691,0.0937853107344633,0.154471544715447,0.255847953216374
"K7",0.383401221995927,0.785876993166287,0.847490347490347,0.749486652977413,0.888040712468193,1.01493466085874,0.031437125748503,0.900199600798403,1.30249632892805,0.0742959856201318,0.337164750957854,0.193452380952381,0.12036389083275,0.213842975206612
"K8",0.319274153997057,0.735567970204842,0.787096774193548,0.918552036199095,0.764184397163121,1.01148036253776,0.0166898470097357,0.844311377245509,1.12162162162162,0.103947368421053,0.323364485981308,0.053156146179402,0.0792141951837769,0.236680327868852
"K9",0.273060796645702,0.767857142857143,0.770491803278688,0.907441016333938,0.878504672897196,1.07893101305158,0.0274869109947644,0.885775862068966,1.11421911421911,0.120859965136549,0.413725490196078,0.0794117647058823,0.0824808184143223,0.22508038585209
"L10",0.143962848297214,0.759191176470588,0.961945031712474,0.766666666666667,0.570576540755467,0.964079538165491,0.0284738041002278,0.715579710144927,1.00476568705322,0.03326544467074,0.314189189189189,0,0.0996978851963746,0.203757225433526
"L11",0.256668344237544,0.736730360934183,0.796844181459566,0.792207792207792,0.407158836689038,1.0929203539823,0.0207813798836243,0.823182711198428,1.27838827838828,0.0511326860841424,0.452282157676349,0.108716026241799,0.0636678200692042,0.24020156774916
"L13",0.188113413304253,0.75771971496437,0.687388987566607,0.771966527196653,0.697038724373576,1.08362779740872,0.0233177881412392,1.11450381679389,1.17424242424242,0.0650929899856938,0.498920086393089,0.105882352941176,0.0765731614859742,0.227313566936208
"L14",0.256658595641647,0.814471243042672,0.814893617021277,0.78695652173913,0.848159509202454,1.05446378439079,0.0345849802371542,0.986538461538462,1.17570664629488,0.0722070844686648,0.407766990291262,0.0614457831325301,0.0700828937452901,0.201649862511457
"L15",0.246939861628526,0.884836852207294,0.806004618937644,0.790931989924433,0.79328165374677,1.04332552693208,0.0317689530685921,0.724669603524229,1.17157584683358,0.0863492063492064,0.443447037701975,0.100407055630936,0.0853406744666208,0.257980115122972
"L16",0.0798755186721992,0.517948717948718,0.25503355704698,0.680170575692964,0.0592592592592593,0.150544522741832,0.0158139534883721,0.745901639344262,0.777099236641221,0.184143222506394,0.309197651663405,0.0525700934579439,0.284615384615385,0.0813577586206897
"L17",0.0480225988700565,0.875,0.659137577002053,0.623467600700525,0.711392405063291,0.310048361096185,0.014065639651708,0.473180076628352,0.97301464919044,0.169857936998147,0.305147058823529,0.057258064516129,0.188244638602065,0.096031357177854
"L18",0.19453207150368,0.783057851239669,0.769736842105263,0.787545787545788,0.799595141700405,1.01956400223589,0.0317940953822861,0.755888650963597,1.31679389312977,0.130699088145897,0.34982332155477,0.0525739320920044,0.0894700619408121,0.243295953193564
"L19",0.0132085855806274,0.951310861423221,0.821969696969697,0.759674134419552,0.592417061611374,0.85745422842197,0.0236460717009916,0.731051344743276,1.06186317321689,0.055005500550055,0.387523629489603,0.0936007640878701,0.133928571428571,0.181818181818182
"L2",0.369374030005173,0.92042042042042,0.987432675044883,0.874371859296482,1.02861952861953,1.21241830065359,0.0412782956058589,0.977307110438729,1.39713639788998,0.148705599036725,0.544935805991441,0.102683780630105,0.149463806970509,0.259868421052632
"L20",0.109230769230769,0.969754253308129,0.716297786720322,0.778656126482213,0.755905511811024,1.07822922983626,0.0209481808158765,0.993657505285412,1.10152671755725,0.182717678100264,0.389365351629503,0.0806878306878307,0.0873646209386282,0.207936507936508
"L21",0.161217587373168,0.904513888888889,0.67741935483871,1.04816513761468,1.17391304347826,1.03917910447761,0.0292942743009321,0.971830985915493,1.26773296244784,0.140979689366786,0.460714285714286,0.101615074024226,0.184350132625995,0.27891156462585
"L22",0.100459619172685,0.829313543599258,0.611764705882353,0.884090909090909,0.840085287846482,1.08871540099361,0.037542662116041,0.913752913752914,1.02418096723869,0.120051085568327,0.368836291913215,0.0415686274509804,0.128318584070796,0.257306889352818
"L23",0.226091763405196,0.943152454780362,0.834368530020704,0.896030245746692,1.23744292237443,1.08405029781602,0.0323432343234323,0.912568306010929,NA,0.102098466505246,0.586073500967118,0.33131159969674,NA,0.30440414507772
"L3",0.356315789473684,0.712871287128713,1.001953125,0.950884086444008,1.15681818181818,1.10233516483516,0.0362731152204836,0.774193548387097,1.11848739495798,0.123576309794989,0.403603603603604,0.116558741905643,0.150442477876106,0.235095613048369
"L4",0.257550796265788,0.878787878787879,0.787072243346008,0.777777777777778,0.864957264957265,1.03423423423423,0.0355029585798817,0.829470198675497,1.09567387687188,0.12019758507135,0.291417165668663,0.11530612244898,0.120663650075415,0.201235203293875
"L5",0.277940315974254,0.603406326034063,0.700956937799043,0.875,1.09635974304069,1.08159136884693,0.0248579545454545,0.867957746478873,1.17794253938832,0.0724269377382465,0.390158172231986,0.108919382504288,0.105691056910569,0.247619047619048
"L6",0.304957436154231,0.855241264559068,0.893390191897655,0.821505376344086,0.842960288808664,0.993614303959132,0.0120300751879699,0.93050193050193,1.1154163231657,0.0660621761658031,0.395604395604396,0.0404411764705882,0.156569630212431,0.266334164588529
"L7",0.391245487364621,0.702702702702703,0.85948905109489,1.09977324263039,0.943298969072165,0.998562185478073,0.0241648898365316,0.862985685071575,1.24922360248447,0.0789636027143738,0.396378269617706,0.110027855153203,0.130212143379663,0.225625319040327
"L8",0.252884615384615,0.775583482944345,0.747276688453159,0.844638949671772,0.78705636743215,1.02077747989276,0.0214698596201486,0.918367346938776,1.21599340478153,0.102579484103179,0.366279069767442,0.5,0.0984570168993387,0.223
"L9",0.291106514994829,0.726190476190476,0.774074074074074,0.807251908396947,0.824766355140187,1.01029601029601,0.0320562939796716,0.854545454545454,1.14114832535885,0.147616312464101,0.438202247191011,0.0647887323943662,0.0804416403785489,0.245107632093933
"M10",0.284611141753999,0.640718562874252,0.657084188911704,0.83125,0.756701030927835,1.06625766871166,0.032590051457976,0.809236947791165,1.07125890736342,0.0783801436969301,0.409461663947798,0.333333333333333,0.0614525139664804,0.224390243902439
"M11",0.284783620288506,0.744186046511628,0.673202614379085,0.84108527131783,0.804222648752399,1.08894536213469,0.0297462817147857,0.578,1.03813229571984,0.0697522816166884,0.448905109489051,0.094839609483961,0.0645614035087719,0.24507658643326
"M13",0.0990942994139584,0.317117117117117,0.321792260692464,0.651480637813212,0.0566448801742919,0.200269723533378,0.0169794459338695,0.877952755905512,0.907120743034056,0.141895681435782,0.372302158273381,0.0784123910939013,0.166787527193619,0.0882034632034632
"M14",0.201814058956916,0.912423625254583,0.708333333333333,0.868200836820084,0.567514677103718,1.02587991718426,0.0215827338129496,0.914760914760915,0.997837058399423,0.105847953216374,0.381040892193309,0,0.109599395313681,0.247284014485256
"M15",0.225395206527282,0.924752475247525,0.885714285714286,0.927234927234927,0.700956937799043,1.01578947368421,0.0190713101160862,0.897569444444444,1.03525179856115,0.0788330229671012,0.38996138996139,0.100405679513185,0.12455003599712,0.240395809080326
"M16",0.0972741849278461,0.95970695970696,0.737777777777778,0.710371819960861,0.818367346938776,1.01838934686113,0.0176056338028169,0.861759425493716,1.04289118347895,0.0919778699861687,0.407258064516129,0.0576036866359447,0.115746971736205,0.262108262108262
"M17",0.176037834997373,0.977319587628866,0.786016949152542,0.95,0.918803418803419,1.05456774984672,0.0206579954093344,0.865168539325843,1.2814465408805,0.159243441122636,0.464471403812825,0.0837789661319073,0.070323488045007,0.254622292657158
"M18",0.216321967579653,0.851985559566787,0.70059880239521,0.896414342629482,0.946153846153846,1.09328968903437,0.0165094339622642,0.88527724665392,1.13639733135656,0.113242574257426,0.336673346693387,0.0425055928411633,0.125544267053701,0.239241803278689
"M19",0.197993664202746,0.907975460122699,0.846330275229358,1.0078431372549,0.875,1.11270358306189,0.028657616892911,0.856492027334852,0.959701492537313,0.0824742268041237,0.437931034482759,0.0692717584369449,0.113986013986014,0.240314769975787
"M2",0.386934673366834,0.770093457943925,0.961254612546125,0.822660098522167,1.10429447852761,1.16313423249839,0.0331858407079646,0.934369602763385,1.25916230366492,0.123972169512966,0.362295081967213,0.15177304964539,0.127521613832853,0.236937403000517
"M20",0.163322185061315,0.860971524288107,0.759704251386322,0.888646288209607,0.772727272727273,1.04010695187166,0.027190332326284,0.901918976545842,1.23600605143722,0.108474576271186,0.440068493150685,0.0656934306569343,0.0698305084745763,0.243582741671218
"M21",0.159305993690852,1,0.90719696969697,0.910284463894967,1.08470588235294,1.066089693155,0.0243161094224924,0.676891615541922,1.10466004583652,0.100207325501037,0.504201680672269,0.0780780780780781,0.138263665594855,0.251139240506329
"M22",0.114923747276688,0.821603927986907,0.935779816513762,0.814732142857143,0.823091247672253,1.0712401055409,0.0317028985507246,0.985882352941176,1.07242990654206,0.0727383863080685,0.357277882797732,0,0.0978660779985283,0.276607538802661
"M23",0.320655044902272,1.19409282700422,0.794174757281553,1.01431127012522,0.913684210526316,1.12610340479193,0.036468330134357,0.876681614349776,NA,0.152258064516129,0.562628336755647,0.227341389728097,NA,0.309234507897934
"M3",0.0688509021842355,0.691848906560636,0.48068669527897,0.923841059602649,0.758196721311475,1.57077326343381,0.0499254843517139,0.732696897374702,0.232941176470588,0.0767703507610854,0.481946624803768,0.0624092888243832,0.00284495021337127,0.133261105092091
"M4",0.250752256770311,0.528662420382166,0.708510638297872,0.84,0.720588235294118,1.04971680302077,0,0.947162426614481,1.23057851239669,0.0563858695652174,0.389690721649485,NA,0.12985179957657,0.184067592033796
"M5",0.273547094188377,0.773662551440329,0.869369369369369,1.03345724907063,0.783400809716599,1.08167202572347,0.028169014084507,1.0054844606947,1.05540166204986,0.071108263933376,0.454887218045113,0.0931952662721894,0.0805258833196385,0.283287671232877
"M6",0.33592534992224,1.08260105448155,0.834470989761092,0.668421052631579,0.733739837398374,0.917460317460317,0.0193661971830986,0.98995983935743,1.41581632653061,0.143133462282398,0.559016393442623,0,0.174058577405858,0.259842519685039
"M7",0.229602510460251,0.843971631205674,0.799599198396794,0.763975155279503,0.877358490566038,0.80520393811533,0.0214669051878354,0.830612244897959,1.27891156462585,0.164713541666667,0.502654867256637,0.141826923076923,0.162447257383966,0.219798657718121
"M8",0.24861600402617,0.809259259259259,0.707216494845361,0.84349593495935,0.824468085106383,1.0969696969697,0.034,0.74468085106383,1.17533856022808,0.0910307898259705,0.419410745233969,0.0662650602409639,0.144050104384134,0.228410832907511
"M9",0.232435597189696,0.635321100917431,0.663341645885287,0.946351931330472,0.850253807106599,0.988819007686932,0.0239867659222498,0.817972350230415,1.04875886524823,0.057350032959789,0.480694980694981,0.0925212027756361,0.0654893303899926,0.238351254480287
"N10",0.201693227091633,0.688953488372093,0.6,0.863970588235294,1.02145214521452,1.00916230366492,0.0407239819004525,0.929657794676806,1.00594795539033,0.0829903978052126,0.372727272727273,0.111696522655427,0.124147339699864,0.215432418436043
"N11",0.181434599156118,0.664825046040516,0.552966101694915,0.802040816326531,0.881612090680101,1.10040431266846,0.0224215246636771,0.768211920529801,1.06965572457966,0.0669914738124239,0.383104125736739,0.0841035120147874,0.124596513879923,0.240048250904704
"N13",0.0356581017304667,0.365591397849462,0.365079365079365,0.745635910224439,0.117063492063492,0.213169642857143,0.0229591836734694,0.82725527831094,0.790133124510572,0.088348271446863,0.343396226415094,0.0569514237855946,0.21895664952241,0.0871232876712329
"N14",0.170191339375629,0.94589552238806,0.832669322709163,0.963203463203463,0.739957716701903,1.01427644386762,0.0295698924731183,0.829015544041451,1.00608828006088,0.0933625091174325,0.453900709219858,0.226519337016575,0.119852941176471,0.2452636968766
"N15",0.180818301803784,0.875486381322957,0.761904761904762,0.973741794310722,0.820833333333333,1.11876184459886,0.0263532763532764,0.851674641148325,1.13414634146341,0.109079033311561,0.468627450980392,0.0953389830508475,0.100923482849604,0.230544177881802
"N16",0.194333996023857,1.0054347826087,0.821686746987952,0.976744186046512,0.861940298507463,1.05627931214174,0.0376146788990826,0.810810810810811,1.20117044623263,0.0656716417910448,0.402573529411765,0.0805243445692884,0.0675381263616558,0.234985422740525
"N17",0.276575729068674,0.951063829787234,0.69392523364486,0.875,0.903525046382189,1.07067334446299,0.0280090840272521,0.641393442622951,1.16198877305533,0.141529664045747,0.48728813559322,0.0987124463519313,0.0966595593461265,0.273605150214592
"N18",0.254948162111216,0.941798941798942,0.583489681050657,0.850909090909091,1.00390625,1.11251435132032,0.032520325203252,0.798816568047337,0.992063492063492,0.0963270963270963,0.358921161825726,0.0337078651685393,0.127659574468085,0.246111111111111
"N19",0.223466407010711,0.879207920792079,0.829326923076923,0.840607210626186,1.18872549019608,1.09013914095584,0.0372914622178607,0.874407582938389,1.11011904761905,0.0936305732484076,0.451292246520875,0.0611835506519559,0.0771812080536913,0.241055718475073
"N2",0.318649045521292,1.02513464991023,0.831192660550459,0.863232682060391,1.01305970149254,1.13807245386193,0.025974025974026,1.00581395348837,1.22294548413344,0.104712041884817,0.430976430976431,0.126666666666667,0.120384047267356,0.247358309317963
"N20",0.211177052423343,0.859007832898172,0.689516129032258,0.813620071684588,0.70479704797048,1.05850091407678,0.0383522727272727,0.953947368421053,1.14961240310078,0.0590969455511288,0.418604651162791,0.0338345864661654,0.130581867388363,0.290825158684362
"N21",0.249007373794668,0.876685934489403,0.669064748201439,0.979775280898876,0.808411214953271,1.116458704694,0.0297029702970297,0.845758354755784,0.916597164303586,0.102803738317757,0.485380116959064,0.13849765258216,0.114263803680982,0.211331444759207
"N22",0.21120246659815,0.875232774674115,0.850094876660342,1.03030303030303,1.02134146341463,1.07604562737643,NA,0.853707414829659,1.16775777414075,0.080316742081448,0.372623574144487,NA,0.10185873605948,0.256765261170547
"N23",0.306039488966318,1.02995391705069,0.783333333333333,1.06701030927835,0.907928388746803,1.14483554529717,0.0420819490586932,0.866803278688525,NA,0.121701669359181,0.409926470588235,0.18609865470852,NA,0.276503409795412
"N3",0.13426645930534,0.636363636363636,0.604206500956023,1.10971223021583,0.737827715355805,1.550576184379,0.051051051051051,0.843949044585987,0.324755989352263,0.0397653194263364,0.492932862190813,0.0960295475530933,0.000736919675755343,0.270938446014127
"N4",0.232854864433812,0.702764976958525,0.793587174348697,0.905263157894737,0.83370288248337,1.0677048070413,0.0196078431372549,0.645879732739421,1.16637323943662,0.062664907651715,0.428865979381443,0.0749063670411985,0.139325842696629,0.211827956989247
"N5",0.274305555555556,0.860510805500982,0.885057471264368,0.789473684210526,1.03872437357631,1.03158559696778,0.0275229357798165,0.49468085106383,1.10830999066293,0.0760309278350515,0.451553930530165,0.077140169332079,0.080553295362083,0.245874587458746
"N6",0.306046013911182,0.848,0.814569536423841,0.592013888888889,0.861052631578947,1.02130406714009,0.0220994475138122,1.08823529411765,1.3705035971223,0.14833215046132,0.477987421383648,0.0606796116504854,0.115952732644018,0.226928895612708
"N7",0.205281514698555,1.02020202020202,0.802020202020202,0.797169811320755,1.25833333333333,0.746703678001388,0.0405278039585297,0.84453781512605,1.24006762468301,0.146373056994819,0.477227722772277,0.0935251798561151,0.131884057971014,0.217955371043072
"N8",0.250596658711217,0.864176570458404,0.682692307692308,0.743833017077799,1.15280464216634,1.00804828973843,0.0183727034120735,0.686067019400353,1.12022292993631,0.0637910085054678,0.420432220039293,0.0652680652680653,0.147622427253371,0.236096537250787
"N9",0.188444924406048,0.65195246179966,0.606521739130435,0.803719008264463,1.04878048780488,0.922310756972112,0.0364145658263305,0.688421052631579,0.935677530017153,0.0591482649842271,0.367383512544803,0,0.120510774142059,0.197080291970803
"O10",0.0657095527332965,0.119932432432432,0.23134328358209,0.595141700404858,0.0843373493975904,0.150089338892198,0.0118203309692671,0.906542056074766,0.940920938314509,0.0945307224848076,0.3125,0.109660574412533,0.191873589164786,0.0516431924882629
"O11",0.0604761904761905,0.130909090909091,0.160649819494585,0.755424063116371,NA,0.129518072289157,0,0.859683794466403,0.906072874493927,0.0988372093023256,0.303030303030303,0.5,0.190547636909227,0.0517330574236937
"O13",0.138930534732634,0.877016129032258,0.751865671641791,0.878205128205128,NA,1.0657071339174,0,0.982608695652174,1.07038626609442,0.0819783197831978,0.555166374781086,0.142857142857143,0.10686482661005,0.242506811989101
"O14",0.145691906005222,0.925093632958802,0.757894736842105,0.846560846560847,0.75,1.14268585131894,0.0148423005565863,0.888307155322862,1.08290598290598,0.0741956664478004,0.416216216216216,0.0861280487804878,0.0766871165644172,0.235155790711346
"O15",0.0602889885401096,0.940038684719536,0.883910386965377,0.938423645320197,NA,1.05637982195846,0.111111111111111,0.896470588235294,1.07372549019608,0.0756972111553785,0.400793650793651,0.0983358547655068,0.0870806566738044,0.243406593406593
"O16",0.146917148362235,0.900709219858156,0.757692307692308,0.803921568627451,0.918114143920596,1.06311274509804,0.0271317829457364,0.666011787819253,1.00232738557021,0.0911949685534591,0.306024096385542,0.0720461095100865,0.135400907715582,0.259067357512953
"O17",0.171066525871172,1.0361216730038,0.678217821782178,0.867924528301887,1.02,1.04477611940298,0.0328042328042328,0.873949579831933,1.08460365853659,0.141087405368204,0.44253859348199,0.130620985010707,0.128358208955224,0.259259259259259
"O18",0.126277811184606,0.841739130434783,0.672932330827068,0.813278008298755,0.978557504873294,1.09704918032787,0.0117773019271949,0.811287477954145,1.11348122866894,0.0758570386579139,0.300796812749004,0.0501981505944518,0.0993071593533487,0.231129315389116
"O19",0.0994475138121547,0.944015444015444,0.810916179337232,1.042,1.03934426229508,1.18223383409536,0,0.80982905982906,1.22503961965135,0.0705218617771509,0.41563055062167,0.0958721704394141,0.111411208642809,0.205518018018018
"O2",0.102970297029703,0.362139917695473,0.471698113207547,0.864312267657993,0.136363636363636,0.31625,0.0207182320441989,0.925233644859813,0.939243027888446,0.0691185795814838,0.291882556131261,0.0945757997218359,0.225984251968504,0.13148049171566
"O20",0.110406091370558,0.917197452229299,0.858208955223881,0.814569536423841,0.792270531400966,1.07047872340426,0.0108303249097473,0.72147001934236,1.08125502815768,0.074438202247191,0.404452690166976,0.128805620608899,0.129516019086571,0.262644728823888
"O21",0.228247162673392,0.969365426695842,0.737470167064439,0.817582417582418,1.1869918699187,1.045742434905,0,0.79945054945055,1.09773260359656,0.096301465457083,0.463865546218487,0,0.0696864111498258,0.212752912323728
"O22",0.163455562461156,0.804918032786885,0.803455723542117,0.87012987012987,1.24418604651163,1.02877697841727,0.0238095238095238,0.9082774049217,1.19390581717452,0.0766331658291457,0.335249042145594,0.0870535714285714,0.126248216833096,0.255232558139535
"O23",0.186996547756041,0.993710691823899,1.06932773109244,1.04157043879908,0.8980044345898,1.09255202628697,0.0493697478991597,1.0098814229249,NA,0.0754958413307742,0.39646017699115,0.100313479623824,NA,0.239789196310935
"O3",0.390495867768595,0.692592592592593,0.774530271398747,0.909650924024641,0.691648822269807,1.02018927444795,0.0243243243243243,0.88235294117647,1.06516290726817,0.0489853044086774,0.530451866404715,0.052,0.105761641673244,0.173067076292883
"O4",0.06841046277666,0.307086614173228,0.468950749464668,0.576112412177986,0.148648648648649,0.303116147308782,0.0126050420168067,0.670611439842209,1.01565377532228,0.0775681341719078,0.267326732673267,0.121212121212121,0.211565585331453,0.0951351351351351
"O5",0.076527698458024,0.230174081237911,0.448140900195695,0.702083333333333,0.1669449081803,0.215575620767494,0.0230088495575221,0.766949152542373,0.919583727530747,0.12696335078534,0.296450939457203,0.0810810810810811,0.22805578342904,0.0698644421272158
"O6",0.104796663190824,0.218556701030928,0.319191919191919,0.76271186440678,0.121399176954733,0.158571428571429,0.027906976744186,0.700193423597679,0.885767790262172,0.13596784996651,0.222222222222222,0.0878787878787879,0.161667885881492,0.0620280474649407
"O7",0.371327254305978,0.901639344262295,0.701149425287356,0.82172131147541,1.08940397350993,0.97131931166348,0.0393541876892028,0.749486652977413,1.17444717444717,0.0976505139500734,0.279146141215107,0.210918114143921,0.0926640926640927,0.229256299938537
"O8",0.2854340362923,0.648506151142355,0.638941398865784,0.750515463917526,0.938811188811189,1.01593371574251,0.0389016018306636,0.664652567975831,1.04881550610194,0.0695713281799016,0.348605577689243,0.0396825396825397,0.09979633401222,0.225154407636159
"O9",0.105828220858896,0.723044397463002,0.711206896551724,0.836521739130435,0.715686274509804,0.789838337182448,0.0397022332506203,0.973484848484849,0.85453216374269,0.0250847457627119,0.321243523316062,0.0759036144578313,0.152472527472527,0.211458333333333
"P10",0.0801158301158301,0.158069883527454,0.223684210526316,0.577821011673152,0.0835073068893528,0.134910485933504,0.0127877237851662,0.830592105263158,0.873590982286634,0.0781476121562952,0.252491694352159,0.148936170212766,0.124713083397093,0.0676737160120846
"P11",0.13215859030837,0.159362549800797,0.192066805845511,0.640909090909091,0.0654911838790932,0.132737715379706,0.0201484623541888,0.697674418604651,0.931888544891641,0.101468624833111,0.265486725663717,0.203389830508475,0.16446402349486,0.0914285714285714
"P13",0.169282511210762,0.896969696969697,0.704918032786885,0.79646017699115,0.912234042553192,1.10570824524313,0.0319432120674357,0.822736030828516,1.10936270653029,0.0604249667994688,0.451669595782074,1,0.0572363041700736,0.360813704496788
"P14",0.16983016983017,0.947858472998138,0.783783783783784,0.708411214953271,0.874149659863946,1.06635388739946,0.0194174757281553,0.780669144981413,1.11686143572621,0.0813356164383562,0.429590017825312,0.11727078891258,0.0925799863852961,0.325901639344262
"P15",0.099577266322217,0.908333333333333,0.798534798534799,0.783482142857143,0.868894601542416,1.09401231113598,0.0300429184549356,0.76278118609407,1.08503679476697,0.0968790637191157,0.398963730569948,0.15736505032022,0.0995879120879121,0.236065573770492
"P16",0.102071753410814,0.954305799648506,0.644970414201183,0.827044025157233,0.834586466165414,1.10113574905354,0.0231660231660232,0.439490445859873,0.839080459770115,0.0963494913225613,0.373390557939914,0.106382978723404,0.139196675900277,0.246523388116308
"P17",0.142131979695431,0.949119373776908,0.797413793103448,0.966824644549763,0.956639566395664,1.0492135971588,0.032032032032032,0.435835351089588,1.19872813990461,0.118730158730159,0.324543610547667,0.344916344916345,0.108562691131498,0.25599520383693
"P18",0.162790697674419,0.728026533996683,0.65625,0.720388349514563,1.01134215500945,1.0681233933162,0.0300578034682081,0.424731182795699,1.17367168913561,0.134907251264755,0.307952622673435,0.0834879406307978,0.101596516690856,0.272017837235229
"P19",0.188308576904648,0.931237721021611,0.666666666666667,0.905511811023622,1.16236162361624,1.10831509846827,0.0255564715581204,0.969094922737307,1.10339622641509,0.0902825637491385,0.385,0.238434163701068,0.122990915443746,0.278158058494088
"P2",0.110005238344683,0.252086811352254,0.381930184804928,0.772808586762075,0.152985074626866,0.373517786561265,0.0255653883972468,0.756143667296786,0.97335701598579,0.13078618662748,0.24685534591195,0.0985915492957746,0.239583333333333,0.147215496368039
"P20",0.198416625432954,0.918918918918919,0.736842105263158,0.829268292682927,0.797927461139896,1.09863339275104,0.029171528588098,0.795719844357977,1.07360594795539,0.0795306388526728,0.351735015772871,0.0641330166270784,0.101327742837177,0.243636363636364
"P21",0.309720785935884,0.943693693693694,0.916326530612245,0.9021113243762,1.02083333333333,1.07440476190476,0.0142475512021371,0.798185941043084,1.1268834258525,0.105223880597015,0.446640316205534,0.399628252788104,0.1182156133829,0.259653049804141
"P22",0.233173076923077,0.942913385826772,0.832775919732441,0.873214285714286,1.08333333333333,1.0625,0.0255681818181818,0.895372233400402,1.17642341619888,0.147450980392157,0.447916666666667,0.123595505617978,0.086803105151729,0.249848024316109
"P23",0.255345143555284,1.02066115702479,1.0561797752809,1.02603036876356,1.45977011494253,0.88,0.0387149917627677,1.04615384615385,NA,0.108127208480565,0.38,0.525125628140704,NA,0.294500723589001
"P3",0.332990221307257,0.935897435897436,0.836236933797909,0.957661290322581,1.13064133016627,1.11854304635762,0.0426387771520515,0.903420523138833,1.02581755593804,0.0626349892008639,0.31588132635253,0.105008077544426,0.103053435114504,0.211258278145695
"P4",0.0736228813559322,0.294022617124394,0.484573502722323,0.789156626506024,0.219152854511971,0.315394242803504,0.0113895216400911,0.623376623376623,0.959369817578773,0.080557238037553,0.256454388984509,0.0917159763313609,0.136739293764087,0.13118664281455
"P5",0.0908618899273105,0.393638170974155,0.401174168297456,0.737442922374429,0.220379146919431,0.207282913165266,0.0191146881287726,0.659574468085106,0.897172236503856,0.102678571428571,0.232741617357002,0,0.237113402061856,0.0891089108910891
"P6",0.183569979716024,0.246913580246914,0.245714285714286,0.596658711217184,0.158699808795411,0.18092749836708,0.0334821428571429,0.54989816700611,0.987117552334944,0.0975443383356071,0.233716475095785,0.0857142857142857,0.180522565320665,0.115107913669065
"P7",0.331785345717234,0.911522633744856,0.792843691148776,1.13318284424379,1.01207243460765,1.11063829787234,0.0301932367149758,0.827740492170022,1.27220863895681,0.0795533845080251,0.345299145299145,0.0625,0.0747252747252747,0.250706214689266
"P8",0.23976023976024,0.701013513513513,0.631130063965885,0.859335038363171,1.04175365344468,1.01046755059316,0.0329087048832272,0.754189944134078,1.1304347826087,0.0807038834951456,0.446265938069217,0.0738007380073801,0.0913978494623656,0.195063214930765
"P9",0.11073336571151,0.833693304535637,0.863198458574181,0.772727272727273,0.765086206896552,0.847074468085106,0.0403309203722854,0.872137404580153,0.823949246629659,0.0203665987780041,0.288052373158756,0.134593993325918,0.143481427530954,0.172759433962264
