"Class","Compound","WellName_R1","WellName_R2","Canx_F","Dnajc5_F","Egfr_F","Errfi1_F","Gapdh_F","Kpnb1_F","Myc_F","Nras_F","P53_F","Rab7a_F","Rpap3_F","RhoA_F","Sec16a_F","Slc2a1_F"
"Arginine deaminase","Cl-Amidine (hydrochloride)","C8","D8",1.81350912527795,0.909589255571465,0.725825050771101,0.995200756159673,0.917204809156298,1.0989452450553,0.933289126628832,0.833603715712095,0.955839556702218,1.03495550388874,2.00242304279571,1.2720747174994,1.7773642095447,1.02609988144556
"Arginine deaminase","F-Amidine (trifluoroacetate salt)","C9","D9",1.87862652529474,0.553997239262803,0.725059997878528,1.03659095191874,0.878271565670545,1.02401006831657,0.954784006566161,1.1154053753442,0.582166590411759,1.06238606250378,1.84982298399744,1.23799811886299,1.17944173091403,1.09390254124125
"ATM","Mirin","O8","P8",1.19907368961767,0.457593861652902,0.717829608859504,0.771610852267114,0.887458931797518,0.970865118752877,0.938148734414662,0.909463976840343,0.480861346143728,0.823950355464523,0.919202805166277,0.987874110929574,0.729491318810909,0.798892818568297
"Bromodomain","(_)-JQ1","I4","J4",1.94660047734894,0.55302391259666,0.795258238304013,0.95879155727769,0.856714135479935,0.811053334777744,0.975061214319819,0.888820777453914,0.581143772559203,0.82360752266871,1.05535445682052,1.11635647744515,0.949026633616001,0.868473398119106
"Bromodomain","(+)-JQ1","I3","J3",0.728147078831151,0.580232108198413,0.564465241116977,0.495947040600747,1.07041353399597,0.390641499031872,0.454263575971171,0.723909838947041,0.609735435733925,0.886769879191118,3.85999121411973,0.96730464423204,2.42338285725471,0.727037502765317
"Bromodomain","Bromosporine","C21","D21",0.794394472175676,0.229459173642619,0.837685809803619,0.670489526518279,0.953075358975916,0.672013010433902,0.462909778172622,1.04577010308997,0.241126589251566,1.08023854703172,2.51399696563438,1.07552680365629,2.75349107493,0.756494841467563
"Bromodomain","CPI-203","G15","H15",0.7104653780559,0.71491957482155,0.474062005566786,0.400816122927792,1.10725961955884,0.307270975629588,0.511185546147052,0.822083664916035,0.751271417609087,0.557816726829078,2.98792008834875,1.10435067363446,2.01617800252982,0.734155344418095
"Bromodomain","GSK2801","C22","D22",1.59224353263216,0.577404472794143,1.03621553460742,1.21792420867582,0.989135253869261,0.822312682198931,0.9578091215038,1.16225432114398,0.606764022258252,1.03150546369213,2.20429474743703,1.02721037371992,1.29757117619931,1.15088105547944
"Bromodomain","I-BET151","I2","J2",0.938776976467843,0.750374717144162,0.602123258658344,0.555006323936358,0.946237983844882,0.478286837981258,0.451807076154188,0.755958717999369,0.78852936377861,1.18233777488632,3.3793530441752,1.05956719485794,2.21042355588061,0.621533530566207
"Bromodomain","I-BET762","E2","F2",1.01238365745019,1.41870127367479,0.619073111965239,0.593672126832326,1.0021967100713,0.595307077876044,0.484331604577917,0.729375004182445,1.4908386265735,0.939256991029023,3.76120365352968,1.20006335723637,2.68438756064111,0.94316514725978
"Bromodomain","OTX015","G19","H19",0.930480557938658,0.377612440214955,0.58699390138352,0.494314244211466,1.27533225408338,0.402576489533011,0.553070634428825,1.02476820719123,NA,0.705871733706972,3.94781497564918,1.10428570901365,1.9035048568827,0.875788654149251
"Bromodomain","PFI-1","G8","H8",0.801315731367018,0.500751338392715,0.725683043460337,0.791002982917192,0.790127296086905,0.726454516232723,0.593077520429411,0.877956607434823,0.526213270853362,0.809967610487354,1.99868662039714,1.09647182147595,1.78083854918022,0.85615474965939
"Bromodomain","PFI-3","E21","F21",1.99849803197177,0.425029491216883,0.939883056537495,1.00788015635514,0.999271838036864,1.10032529063538,0.950143018463782,1.07844730145486,0.446641160261809,0.968283960841052,1.70225470271959,1.13741140141747,1.63162365479612,0.970830082734048
"Bromodomain","RVX-208","I17","J17",1.07083003375562,0.469757243950793,0.917038728158366,0.917176617520541,0.934934861645966,0.760612105445398,0.845808901009096,1.11714645467506,0.493643205507613,0.941824618768935,1.65724945600854,1.03867218558255,0.933549601482879,0.89780100977996
"Demythylase","2-PCPA (hydrochloride)","M14","N14",0.849327393453299,0.913384423453931,0.98846763172481,0.936210605129098,1.00959443220703,0.640917840100795,0.944516833820315,0.955310756765637,0.959827699222776,1.01264602717907,1.10313623312573,0.908397705557708,0.967041079290323,0.936402493083376
"Demythylase","Daminozide","K6","L6",1.39452337295836,0.54123583550424,0.781547715757291,0.961574662226801,0.951109697670643,0.713241676228168,0.936871405981492,0.837473218204905,0.56875630171632,1.06336263052945,1.49539026407634,1.0945854693934,0.594497118849888,0.992741668830614
"Demythylase","GSK-J1 (sodium salt)","K7","L7",1.76859979306061,1.223710629458,0.791797710568612,1.03704702222675,1.0194376491774,0.897715530166842,0.932174465896673,0.83929407388508,1.28593320383722,1.02391712303715,1.20469247217506,1.15671801061311,0.743978584148085,0.835491053701405
"Demythylase","GSK-J2 (sodium salt)","K8","L8",1.30629856023213,0.428678598220984,0.803803964441057,0.932183148631049,0.971990620656487,0.760412139507486,0.940860112236352,0.789065853259439,0.450475815079678,1.02362295248797,0.854188519630363,1.05966229664694,1.0025575365254,0.8739169731347
"Demythylase","GSK-J4 (hydrochloride)","K9","L9",1.28805322292359,0.581453617339712,0.794706180344478,0.938375381137766,0.945255195551756,0.834936778449698,0.967234733031291,0.974745694950903,0.611019055509528,1.01063955668666,0.783281051888804,1.02237871241068,1.30328290097403,0.893893570239587
"Demythylase","GSK-LSD1 (hydrochloride)","I21","J21",1.26551285576457,0.398863539086178,1.02526607801868,1.1479218917599,1.05280218179524,0.727559712610534,0.930667712000903,1.3257912375628,0.419144735988865,1.1052323274915,1.38602571795887,1.09585097830252,1.3864612028179,0.965136669742825
"Demythylase","IOX1","I9","J9",1.5909499286335,0.748984510530823,0.853711050852727,0.886044244274535,0.895600811550673,0.882663761944417,0.964679637475194,0.760714554737119,0.787068468693407,1.05583761979429,0.77083475466681,1.12017743680486,0.732559182911281,0.98948332045257
"Demythylase","JIB-04","E22","F22",1.63015043611005,0.831080312212884,1.28947838363053,1.82479395612187,1.41589467085013,1.0989385820964,1.01075039440578,1.43470285863507,0.873338633172861,1.20435046732377,1.46259750001556,1.18343332098486,1.68687340887741,1.4028528137942
"Demythylase","Methylstat (hydrate)","G3","H3",1.3650328317748,0.545976036435476,0.875783234886559,0.992033512620397,0.874337941938412,0.853334662256303,0.702073196409288,1.00531742188011,0.573737529813551,0.837418750127351,1.11677443642812,1.0684845155968,0.908253462231147,0.555183349860156
"Demythylase","N-Oxalylglycine","C14","D14",1.47345271994301,0.896520841667,0.705361082073683,0.857449200514516,0.883564602218502,1.06440081402606,0.947389756082703,1.08985735946038,0.942106647175492,1.06818060922925,1.91387048058937,1.15996058704289,1.67543148997296,1.06146684377547
"DNMT","2Õ,3Õ,5Õ-triacetyl-5-Azacytidine","A16","B16",1.62413782642509,0.659520342801075,0.962024841457466,1.07973159088047,0.951373116899473,0.812453832791051,1.00594344690648,0.894643660953863,0.693055275485876,1.20687630460757,1.47150159824664,1.16050417538454,1.0885566006051,1.10672531599686
"DNMT","5-Azacytidine","G9","H9",0.40033444035668,0.878622729809214,1.21147729466102,1.39741999398817,0.519385754810171,0.972895468506631,0.775786915836426,1.08802690963963,0.923298461833411,1.08336158783061,0.248539260530918,1.06874354774367,3.26512514156128,0.781865941135893
"DNMT","6-Thioguanine","G16","H16",2.25401416725394,0.463137446459268,1.06166753156893,1.59449251483155,0.591193058490677,0.602785598225055,0.901893467460155,0.983788724399842,0.486686808143637,0.941892089389906,0.743831414621464,1.16660955318459,2.42606727096194,0.628906172215838
"DNMT","Decitabine","G11","H11",1.29189234421037,0.944127557976323,0.672138740524029,0.751953848333447,0.906745607255896,0.715972118340505,0.863236209197565,1.01110343377853,0.992134043975119,0.724834309521877,0.789787782633201,1.08542186601814,1.33383601081795,0.928267401629302
"DNMT","RG-108","A15","B15",1.62863473605227,1.00477908767654,1.00717336471757,1.0241214641527,1.06661184218447,0.81518297686531,0.947671301099634,1.00967361900584,1.05586954976179,0.963526085477305,1.65876186887482,1.19211418255938,1.2497056586002,1.2057404684554
"DNMT","RSC-133","K18","L18",1.01742231187804,0.362110360167103,0.886732899595569,0.928614658993439,0.878197560475056,0.69651303442009,0.940561201392116,0.79108407319292,0.380522751362041,0.89225562748661,0.78812321920642,1.17925314929585,1.02720988841365,0.996270746369422
"DNMT","S-Adenosylhomocysteine","A17","B17",1.55499531063395,0.541119396898454,1.04634157085591,1.16752706363885,0.983524836247606,0.837911909759552,0.978145015224787,1.0757467670582,0.56863394250346,0.924351566673897,1.2389470159582,1.06813658344809,1.07379797153623,1.12166350085575
"DNMT","SGI-1027","G10","H10",1.40764801910544,0.685927875043232,0.641477177186463,0.833217280357403,0.847060926426674,0.837544943755723,0.914988921369877,0.90364187849922,0.720805563604752,0.607955164976659,0.816810901064517,1.04598708478842,1.22498443190855,0.925942311552106
"DNMT","Zebularine","E8","F8",1.82429212978374,0.61595341311799,0.754811616120968,0.940327185770685,0.866048032924707,0.930593851469507,0.960500004542848,0.771318115192451,0.647273078191786,0.921278032162371,1.57377344877345,1.13542071959577,1.06457348340042,0.959088305248743
"GPCR","Suramin (sodium salt)","G5","H5",1.81145428807272,0.769438414532262,0.848366745068612,0.987750532100472,1.07618012835962,0.8801762867281,0.975759566524398,0.913688907859108,0.808562401711869,0.94049810642047,1.42538586609287,1.18427929132422,1.1402266040735,0.924085189974673
"HAT","Anacardic Acid","M10","N10",1.11028394713615,1.79447522576113,0.707272367684226,0.763720649399577,0.934520721188145,0.871643713795272,0.960842579803972,0.894953016790699,1.88571972876593,1.00981111641578,0.892306988780502,0.941616891547484,0.783352143214285,0.836164757297494
"HAT","Butyrolactone 3","M4","N4",1.104125847498,0.604083605170956,0.655014573053559,0.912574612786494,0.962107584285963,0.761907410675239,0.980287782436143,0.936563731156668,0.634799720688123,0.925111590797853,1.29412328015961,1.08656017762163,0.577916394256953,0.752653135024797
"HAT","C646","A8","B8",1.75064775603594,0.832449386398217,0.930813971547194,0.897598592891188,0.884935961230099,0.827806391373754,0.991948973917412,0.963017012020752,0.874777321299821,1.03700771798141,1.71484555051841,1.16354729054269,1.77823661912748,1.11977083817918
"HAT","CAY10669","E7","F7",1.7512117511859,0.782378430428502,0.792336819963181,0.955011208955755,0.893419047860082,0.933509884862096,0.950148463024579,0.908653781473618,0.822160384518087,0.994311270200915,1.81316988136786,1.14321955550281,1.56675181864483,0.965388600252462
"HAT","CPTH2 (hydrochloride)","K11","L11",1.13061646325162,0.71118555970506,0.852870759362154,0.937958538628248,0.893334993936188,0.435494527788744,0.98286025807894,0.93013489174058,0.747347537317181,0.88549872342242,0.708726724072954,1.08721136826305,0.869451274812978,0.907084132968876
"HAT","Delphinidin (chloride)","E9","F9",1.44231895911453,0.888533138484823,0.85810381249187,0.849260107527403,1.0513865898993,0.698718429794306,0.959443364750384,0.756320512907054,0.93371278959422,0.938374221963272,1.24443797427367,1.1231830261414,1.19081352135801,1.05077585335486
"HAT","Garcinol","A10","B10",1.86974817018439,0.381654055489181,0.926954251422336,0.890905753882882,0.864237948555482,0.899304109523746,1.00422317196905,0.798762274779817,0.401060193903885,1.01636793620378,1.45214254571246,1.30025081297061,1.4732317833805,1.05916907417013
"HAT","I-CBP112 (hydrochloride)","E14","F14",1.21925269094854,0.633081896551726,0.844327508879147,0.721518036072614,0.85700141517433,0.761920436641259,0.832441228451503,0.728309575999145,0.665272501461136,1.06312395119436,1.78743366398711,1.03176133305468,1.8993325309835,1.02103350228379
"HAT","SGC-CBP30","E15","F15",1.19998577777863,0.774121301882022,0.81806648855921,0.845250822200464,1.13141606064996,0.800116899312944,0.865300508929395,1.0209090501189,0.813483401977718,0.958864606046391,2.70774988359394,1.16455702305066,2.28786986815559,0.985178081143893
"HDAC","2-hexyl-4-Pentynoic Acid","E20","F20",1.60177286850762,1.30317105234974,0.958601873738991,1.10150500119295,1.02602370406106,0.868513805094687,0.970262253617282,0.905304047469508,1.36943398721498,1.32834890560513,1.22153819209604,1.18423949608229,2.0068142644256,1.12650245974143
"HDAC","4-iodo-SAHA","A6","B6",0.631766620205623,0.78003120124805,0.824844392395889,0.771742880832494,0.684424687773552,0.322544098585024,0.326407163044339,0.523149205369042,0.819693804701341,1.09419166544863,2.64554235166124,1.08365117964217,2.18622011243962,0.658200720122873
"HDAC","Apicidin","C4","D4",0.73276618702261,1.06159512788099,0.21934226372837,0.424641031522871,0.731843412973489,0.0888369788348553,0.194627081971437,0.474765742157503,1.11557454116308,0.807796539503857,2.30789698711884,1.0461487014901,1.96898819504845,0.450116438766067
"HDAC","BML-210","K19","L19",0.266870431819348,0.701256632729377,1.07376557578503,0.991448631896063,0.802564055564386,0.570809294076696,0.728335166080929,0.926575632701803,0.73691374964782,0.950559214860493,1.44223860905006,0.972141044744588,0.637394109727372,0.747687906711281
"HDAC","BRD73954","K13","L13",1.07682990146652,0.757830186807028,0.919180158518733,0.827278805693871,0.84207391551941,0.700035885849116,0.940543056892672,0.999085030571379,0.79636392511925,1.08329054937223,0.73026910354627,1.07505521355259,1.05280924403596,0.921756059730297
"HDAC","CAY10398","K17","L17",0.380306361122474,0.662190478409202,0.963023335621139,0.831942423097312,0.691213669761951,0.668187160182693,0.288362236781456,0.720005709219693,0.695861180701195,0.622535370691577,1.82191221039869,0.85072126916531,1.59834644833951,0.428477534723975
"HDAC","CAY10603","O2","P2",0.486245514553393,0.778900600877462,0.326716345238153,0.518607714466874,0.902492201995627,0.141837603426717,0.319336938222808,0.616404922246237,0.818505716176316,0.976409588941114,2.23830569856652,0.866999113270279,0.970411486451281,0.529840281527945
"HDAC","CAY10683","G13","H13",1.25312209271555,0.572560420811901,0.724747611412652,0.777408881376339,0.930328093651988,0.753567173803747,0.94641667548882,1.05974437955068,0.601673662548099,0.612766770856088,0.79847259235874,1.05774618282502,1.12559321101403,1.03838221708944
"HDAC","CBHA","O4","P4",0.324277041398612,0.858581038481782,0.319738952817884,0.579297844585049,0.752629018017646,0.1802948544905,0.286347402829762,0.59929190121027,0.902237701455432,0.751444868303619,1.67454268795933,0.895296279646896,0.767598894220684,0.430269539828299
"HDAC","Chidamide","A19","B19",0.91864226246497,1.00511931509517,0.899398815780357,1.1991782910959,0.963999326966078,0.94907963185274,1.07201924215537,0.970856955505152,0.984721890666034,1.1273437559189,2.03576530143897,0.896880541996374,1.2942218445409,1.1153826814463
"HDAC","CI-994","K10","L10",0.642986407614381,0.151134110364173,0.83122337680873,1.13372521165197,0.809528582406201,0.529111330118967,0.860240404289273,0.648083896048347,0.158818895636927,0.918247795811132,1.11789573402544,0.815316446453134,0.531757811566498,0.751843453966724
"HDAC","coumarin-SAHA","C11","D11",0.626020664174963,0.95465339056004,0.69170846640972,0.954658275435918,0.754152216366133,0.730219525313927,0.487660992148965,1.03246622694004,1.00319508838513,0.961493885624372,1.67621934880442,1.23796039664063,0.964073342653328,0.768913813992129
"HDAC","CUDC-101","I18","J18",0.476318839524778,0.420483662081389,0.342084290903699,0.384089860441165,0.767455157622934,0.0683782992826013,0.23297464453913,0.716533063749479,0.441864187271968,0.876049408460588,2.32906791093338,1.05855232980787,2.14781814367072,0.387477072375594
"HDAC","HC Toxin","C5","D5",0.488186367829766,1.06360744574242,0.208902302927914,0.356616903409572,0.722357993549279,0.0803593327511949,0.140120341440452,0.58223335783898,1.11768918027169,1.11912390210969,2.9235134627832,1.020300298299,2.32402158110287,0.310428632096134
"HDAC","HNHA","A14","B14",1.68959056039151,1.09074136729015,0.998834764620268,0.955120405691372,0.97264788623134,1.06297676859181,0.984985977178227,0.861033439040922,1.14620279274558,1.30466227941049,2.03229580092637,1.1994853037272,1.14576739803408,1.12695863560641
"HDAC","HPOB","E19","F19",1.08809611237881,0.324434556915091,1.08312911819057,0.996519740712436,0.891719792523253,0.594232957222703,0.813510086727212,0.880008038946128,0.340931229300604,0.896144953603835,1.75878069815,1.13159754162956,1.33246255791055,0.98948798054765
"HDAC","ITF 2357","E10","F10",0.541507481557587,0.481415605920416,0.212297814635813,0.364732200322075,0.659920387375565,0.0734684540118116,0.154508793052487,0.479737545060045,0.505894365543488,0.744372297010611,2.00575185938184,0.966712540552398,2.54174842222392,0.370385373768098
"HDAC","KD 5170","O10","P10",0.332934664039102,1.04272880897298,0.147873572319088,0.276444407113248,0.64661671007608,0.0822767922975212,0.131944363345232,0.646443586215285,1.09574891790381,1.00878871157835,1.52205131039365,0.822534868812848,0.838244342917975,0.226838229088113
"HDAC","LAQ824","I19","J19",0.760568102330368,0.657582482941912,0.291529460045178,0.401299012860376,0.839743518979761,0.124443024608915,0.147035493650097,0.733765272798889,0.691018880379636,0.986159805247518,3.3136144314661,0.986239472775258,2.43211679903229,0.335631407386311
"HDAC","M 344","O5","P5",0.382168010012179,0.326939843068875,0.331815027772376,0.515987283410177,0.793564639309681,0.189864732892025,0.195767839783685,0.605483474615795,0.343563902885937,0.828410929516538,2.23639031486008,0.823552114249593,1.11476661268889,0.302230709160275
"HDAC","MC 1568","I14","J14",1.46988099912978,0.569688297428911,0.786466764779752,0.802211430313787,0.798613748243328,0.85876617103785,0.9470290412945,0.914502702881968,0.598655498993093,0.835030242695748,0.84381050663065,1.09845787243757,1.34726852131295,0.967520735338873
"HDAC","MS-275","A13","B13",0.735568326666833,0.88878838930623,0.838716180460475,1.04077954017201,0.796360814776703,0.453586497890296,0.705994565718688,0.978261349138007,0.933981019270953,0.915653386655068,2.1218336582953,1.00356043852955,0.568768687125473,0.752082333031622
"HDAC","Oxamflatin","O6","P6",0.658371330837553,0.699972070939813,0.247590575147788,0.343199395447269,0.749377384577709,0.137303424387326,0.157175429138199,0.521668990066369,0.735563871157092,0.725953304647961,1.64514640001037,0.848996075519998,1.1335543121462,0.336760382384041
"HDAC","Panobinostat","O11","P11",0.439805435581188,1.64024056861673,0.154399808888238,0.214287135686571,0.769753668150751,0.0642070430187188,0.121414716513362,0.650477149535492,1.72364263142775,0.904389206196895,1.7067868288658,0.833164741335253,0.972358418133188,0.272170397057538
"HDAC","PCI 34051","A5","B5",1.68105943223621,1.45472922238127,0.962570005436088,1.04567721607247,0.956492486725905,0.9421930268695,0.898859819332343,0.716474375371522,1.52869850487524,1.02100222165026,1.45717269867816,1.26296417999871,1.39596099597588,1.16057744710279
"HDAC","Pimelic Diphenylamide 106","O9","P9",0.494432846051155,0.848780676547376,0.828051969148212,0.95650386095134,0.887127349425418,0.725868863434488,0.757830002438682,0.697134892991783,0.891939016032836,1.0717899262863,1.42285555290135,0.760870992915843,0.220637594857845,0.730452029079082
"HDAC","Pyroxamide","C13","D13",0.556318474313185,0.514660827762115,0.552907333820714,0.781250010446128,0.719107651301697,0.290088136656183,0.439428464266995,1.05570962587276,0.540830022394087,0.975578866175822,1.811865082882,1.11993137588744,1.46979459045333,0.751826113690553
"HDAC","RGFP966","I22","J22",1.59621789484952,0.722304600700186,0.957719967419592,1.11087199597626,0.940525176114507,0.947016952911659,0.957394012241042,1.00987575817346,0.759031953278161,0.968994571176166,1.10122572045271,1.01235655750206,1.29984320500486,1.04502612144112
"HDAC","SAHA","M13","N13",0.307653883891382,0.545821834191516,0.363142827109882,0.417297464016907,0.770185528135419,0.0851511628616588,0.191407114069686,0.818876870352946,0.573575486777525,0.990248568069949,1.85453931113476,0.769380719648517,1.11768909166333,0.333320819153415
"HDAC","SB939","A4","B4",0.750994686106438,1.31300170093402,0.134007282949625,0.469371086427453,0.642644047696256,0.11300824203762,0.153362327294791,0.529795718966278,1.3797644992866,0.791564939693529,2.72623831392488,1.06571966420781,2.38352384327824,0.415935994884585
"HDAC","Scriptaid","C2","D2",0.626727738184562,1.83161795882243,0.376329250604209,0.891225860188248,0.79336019944349,0.185761424499949,0.28717696461962,0.722961249277039,1.92475107537272,1.02435472346658,3.03151911394681,1.02732419330983,2.64199388567545,0.676880561700836
"HDAC","Sodium Butyrate","M8","N8",1.13975493775659,0.530375506084795,0.890125441339182,0.844416040423857,0.875043523724999,0.969251336898394,0.974545364216727,0.96091872456895,0.557343752156903,0.830864036274206,1.40227178671877,1.0405990435922,0.751562127822516,0.883093859616536
"HDAC","Tenovin-6","M7","N7",0.992885902189055,0.949000415052573,0.991581729472178,0.973037302804979,0.860609132635203,1.04690775681342,0.718475748202184,1.12114712817954,0.997254673445077,0.97279329850407,1.4150544007451,1.14187633241562,1.51012911971595,0.832231993842572
"HDAC","Trichostatin A","K16","L16",0.389079321344939,0.348055940359984,0.436453055201583,0.304676915863685,0.727623245291808,0.0699724670401871,0.144803330776948,0.622752140688388,0.365753700039305,0.831829021981533,2.82047735936107,0.753990682469015,2.09354203537866,0.260291471817957
"HDAC","Tubacin","A20","B20",1.78498156859137,1.02145611987055,0.830298016252693,0.893175909624337,1.02988554923434,1.01887415190741,0.967572737237893,1.03504895408378,1.07339456664363,1.34585754448206,1.78966239613645,1.1674609300951,1.87681047337558,1.26149347979516
"HDAC","Tubastatin A","G17","H17",1.28802219421744,0.84252725332368,0.989717903156433,0.917060842059229,1.04068140247473,0.755840357941356,0.963022289375903,0.881969901162797,0.885367622136748,0.863112346852184,1.37121258941554,1.07740689740227,1.6253345048545,1.01251547896043
"HDAC","Tubastatin A (trifluoroacetate salt)","A9","B9",1.48920782787458,0.955159033846611,0.960926951906513,0.911570544997441,0.828652438571741,0.705286500565138,0.80181146624107,0.939934437316964,1.00372644234729,0.97146946762325,1.83407251391901,1.11182694559266,1.39886005307683,0.816607243650481
"HDAC","Valproic Acid (sodium salt)","M5","N5",1.25080513640167,0.686836433888179,0.869241147309208,1.06587292869607,1.00492333697969,0.89319861926123,0.978360010505208,1.03711801896485,0.72176032035707,0.871176139232596,0.774419128277507,0.980830304946868,0.714267921205959,1.00601189865328
"JAK2","Lestaurtinib","M3","N3",0.46373826824104,0.638866275715631,0.706496033470357,0.659108867700482,1.12103268457469,0.733345312091804,1.44506918880223,1.11542275399838,0.671351001599477,0.915589977909808,0.0172205283131087,0.252809232013985,0.565707136832145,0.768440211228551
"Kinase","Phthalazinone pyrazole","E4","F4",1.89429901894299,0.659093344764762,0.899723962394554,0.817344099843267,1.00023881940277,1.04633106197562,1.0339334254424,0.874169690166316,0.692606565685004,1.10420685712308,0.966692025252045,1.14766276179155,1.37421085102021,1.44107896570015
"Kinase","Piceatannol","K20","L20",0.859707272596007,0.631726705018925,0.992750422692294,0.879768258204038,0.933914026465262,0.719545616397044,1.01869829664137,0.848976998597605,0.663848401884294,0.995639279104962,0.950479886871895,0.963914252558608,1.52336557400935,0.801983060223355
"Methylase","_-Hydroxyglutaric Acid (sodium salt)","I15","J15",1.55406581227878,0.620331087687192,0.852718354855928,0.829766740254904,1.03213581714133,0.92611549102888,0.936458548065692,0.99690059105365,0.651873346383151,0.895131705157045,0.997036827088228,1.17512433500114,1.30077175807521,1.07059820750108
"Methylase","(_)-Neplanocin A","C7","D7",0.99012978805382,0.814442689566967,0.757603838818162,0.770995958613051,0.92982750232257,1.10176053827546,0.916705371358377,1.13499916972793,0.85585502971444,1.24322046398804,1.79311767206383,1.22669073598558,2.4898671531322,0.970112917293095
"Methylase","(R)-PFI-2 (hydrochloride)","E18","F18",1.68700116273308,0.476502710802304,0.828860355419206,0.886267130095318,1.01264804845985,0.946395154141633,0.984135336962782,0.970078574091835,0.500731662199031,0.879197904756324,1.23510325165366,1.10652007876631,1.14840921554876,1.04380044566644
"Methylase","2,4-Pyridinedicarboxylic Acid","G7","H7",1.62938622823317,0.924873422126992,0.943949287130695,0.977846477857849,0.99376593078064,0.803684977244694,0.978104323021634,0.714805108153071,0.971900884269042,0.712671587011909,1.38455245041309,1.07579030274078,1.21283368864159,1.07780392389514
"Methylase","3-Deazaneplanocin A","A21","B21",0.953494955304386,0.334569381325452,0.815605341872353,0.964457911904445,0.99684630816761,1.08028342594915,0.889766256491168,1.47468185796639,0.35158138376573,1.14292177947515,0.946210057659974,1.0203574096366,1.99926741449787,0.960949848863384
"Methylase","3-Deazaneplanocin A (hydrochloride)","G4","H4",0.746203901770427,0.577548147837054,0.494615157474982,0.668745237681244,0.877061391829084,1.16532589068494,0.896198122557686,1.01753398609297,0.60691500281182,0.922031634011548,0.733964301739092,1.17728452826842,2.7849637849976,0.810389289557298
"Methylase","5-Methyl-2Õ-deoxycytidine","G22","H22",1.73248559706713,0.760153995558087,0.96785608206716,0.932513689765701,0.997839088648886,0.942448435829659,0.970547653175903,1.0971299212111,0.798805893637311,0.959672816689868,1.27329674100132,1.09575281717245,1.2620256673576,0.884298626760048
"Methylase","5-Methylcytidine","G20","H20",1.46077346730594,0.764048858878636,0.957749520754127,0.853897345115504,0.893145655375099,0.607294899113581,0.987157687168222,1.15012471327716,0.802898800855516,0.964834305742248,1.24273107529075,1.02944736802119,1.536986188625,0.959430558417694
"Methylase","BIX01294 (hydrochloride hydrate)","M9","N9",0.960914432866995,0.373069366030791,0.684719980168666,0.771484438041143,0.964757960085411,0.930899164172294,0.884782298453261,0.970341525445977,0.392038994812017,0.874792916876884,0.89423127178871,0.899563189150219,0.565525718174835,0.827816628234011
"Methylase","Ellagic Acid","A11","B11",1.59278532511388,1.32771604381187,1.01396954627408,0.83999066429592,0.985591042449025,0.864202736326757,1.03830774677111,0.81262078896179,1.39522702909044,1.12873503052862,1.5979324144064,1.29469886547253,1.33039543540384,1.11284619275703
"Methylase","EPZ005687","C16","D16",1.82490664773658,0.922434514736149,0.752902176167176,0.911281573133527,1.00610267709384,0.990215725568784,0.929320394051982,1.11325726971952,0.969337964637987,1.36199999110008,1.50974060866309,1.09007964370874,1.48810912994772,1.16175539045309
"Methylase","EPZ5676","I13","J13",1.34769416197153,0.567627702187317,0.623539339303883,0.704926680379075,1.01017705875901,0.942421591062054,0.96007343661013,0.77053432558828,0.596490127722265,0.862577537510662,0.838255820857063,1.06969152458691,1.05569017473986,0.978582546370342
"Methylase","Gemcitabine","K2","L2",1.66070021552224,0.903294814368702,1.05439390483195,1.06841222568937,0.939098932917396,0.934247567451748,1.08601292825981,1.30407710777842,0.94922505916711,1.07787165460314,1.84638585275314,1.30860442806173,1.84677016648151,1.11341852258927
"Methylase","GSK126","G14","H14",1.46907757470481,0.511408339889851,0.826988372892167,0.84173587873566,0.88471734342994,0.673311335218886,0.943473788502795,0.93707120927996,0.537412153782555,0.708451486394743,0.940230604708981,1.03124800757948,1.07723585489078,0.896489062140129
"Methylase","GSK343","C20","D20",1.90442568775509,0.650713981249356,0.799797604451211,1.08571308327691,1.03260708914216,0.964094958996054,0.896249305670555,0.895427836080757,0.683801132838306,1.2277627099697,1.28203477131012,1.17148354987955,1.88281000174721,1.10305442180928
"Methylase","Lomeguatrib","K3","L3",1.73879869648169,1.02116689269217,0.801589858610392,1.1194353433774,1.01012434836025,1.04733350731888,1.02014003704179,1.13460351340188,1.07309063299855,0.88220673132411,1.44819634223453,1.01979609730594,0.996558146833828,0.892325468322498
"Methylase","MI-2 (hydrochloride)","I10","J10",1.23582820664222,0.560320221984635,0.787113913117526,0.851442458595928,0.81049285758942,0.808275888224962,1.07943080093781,0.711021238666808,0.588811080729616,0.916877637696778,0.844047823913596,1.04656443025563,1.01877679055625,0.994285416651165
"Methylase","MI-nc (hydrochloride)","I11","J11",1.50834863173914,0.697632561444542,0.875828707986432,0.747459811687218,0.888754289870588,0.869376009895011,1.03829302186345,0.82978921670985,0.613787607951242,0.894113393465176,0.912189095960911,1.07062980048206,1.12373519217794,0.978148671263342
"Methylase","S-(5Õ-Adenosyl)-L-methionine (tosylate)","I16","J16",1.55194139831136,0.469930470610311,0.856314237493837,0.875811533179857,0.901326275429299,0.794259228796907,0.97009095619382,0.73256445793715,0.493825240302361,0.848077026574238,1.52550892515752,1.12928051191357,1.06213458469517,0.986893695793977
"Methylase","SGC0946","C17","D17",1.71639195088668,0.621214930169324,0.982353607989192,0.899915434968554,1.04539050928246,0.73849104859335,0.94365433269338,1.10308196939676,0.652802130008442,0.894448458698941,1.00874895071192,1.21377561234606,1.34118840992433,1.1379530698708
"Methylase","Sinefungin","A22","B22",1.52444307648672,0.688289882614886,0.978611469302959,1.07369196618502,0.961378789538487,0.939697275180032,0.979077795744463,0.959985028734406,0.723287673256321,1.08500312647729,1.66088713361867,1.15783083733851,1.55715005255064,1.01745591063294
"Methylase","UNC0224","A18","B18",1.40009326168094,0.535894294976777,0.902440184997859,0.99657423841796,1.00152497591615,0.980201242660541,0.92793642355046,0.779104796828691,0.563143157433224,0.99045405824074,1.19009536532302,1.12556373349873,1.50632108858987,1.10468865774847
"Methylase","UNC0321 (trifluoroacetate salt)","C6","D6",1.71561535079575,0.901368634841638,0.885633457882408,0.992960311378654,0.901842353354745,0.890289014255077,0.964642896515981,0.849777687135883,0.947200938308162,1.28390533194969,1.90614455474595,1.17062722172059,1.80633601848284,0.987910399484331
"Methylase","UNC0631","E11","F11",0.801571466602258,0.745004285867351,0.789578148589013,0.791731260736582,0.888066969653017,0.682274607039126,0.838385731631645,0.733856538005379,0.782885859725013,0.816459347128341,0.665096180546902,1.02155237833943,1.15213559022256,0.834452807017359
"Methylase","UNC0638","E3","F3",1.83978705800942,1.92439899729857,0.964465917625651,1.0404685795429,0.933527375212817,0.896358543417367,0.802467469464723,1.0210745709701,2.02224979377138,1.01794932539765,1.70202627758356,1.25783836275033,1.34542669691133,0.864558681183669
"Methylase","UNC0642","E16","F16",1.28035170014843,0.790189478232254,0.813935873988684,1.02967755784139,0.946655502491922,0.860722370347691,0.885566705552778,0.732549763140516,0.830368604244064,0.976603592046562,1.68699476475945,1.19044827168067,1.85465631500825,0.850532119900542
"Methylase","UNC0646","G2","H2",1.56583511150391,1.67304860186596,0.80217723315879,1.0566818180045,1.00865681297384,1.03939536802405,0.862129211893432,0.992785985381217,1.75811886975745,1.10310613823139,1.25743399568654,0.996189249272375,1.12829919157889,0.768649662495994
"Methylase","UNC1215","C18","D18",1.60551990786169,0.433453419156563,0.847211833102767,1.07625545346213,0.965082121413455,0.742007808317752,0.967748952834023,0.891642383461586,0.455493423520456,0.87670489884171,1.37420149192923,1.23885323258714,1.79311754211456,1.05270189211161
"Methylase","UNC1999","E17","F17",1.93120437258342,0.838053126656067,0.905511688024194,0.935843732779076,1.04775372297748,0.909040555102368,0.915288501297675,1.03980404463588,0.9238949817215,0.892270371220933,1.26954941285486,1.1064334425324,1.8449471170181,1.05513842356245
"Methylase","WDR5-0103","C15","D15",1.70195073440618,0.687492499482382,0.805913733282607,0.928123060889431,0.996276322045276,0.951028418492758,0.919018663450088,1.02803449840438,0.746749242974391,1.06839238866137,1.69548259296735,1.05084972932149,1.86163842388702,0.955105766722479
"Multiple","(+)-Abscisic Acid","A2","B2",1.69108268946942,1.07957488889808,0.821235530345963,1.15599465426545,0.997858614999643,1.08825831591178,0.925360383715409,0.787816843529565,1.13446852731663,1.18132166066581,1.15585179621484,1.08578576737063,1.44950104986125,1.06560652319142
"Multiple","1-Naphthoic Acid","I6","J6",1.38774459269529,0.640527849824758,0.7923855331955,0.901286977444895,0.895857353621993,0.959946216781347,0.917764021718663,0.921065324786881,0.673097062527712,0.86884457742093,1.70453448803964,1.15243923491983,1.33365546604102,0.955795699642008
"Multiple","3,3Õ-Diindolylmethane","G18","H18",1.64286281433187,0.721706128388026,0.715075621626192,0.948348332308724,0.913234170932233,0.906087583438148,0.945869498007746,0.847382515197049,0.758403050170468,1.00228278730623,0.897070073832189,1.06544357035394,1.3598205972149,1.00248805331007
"Multiple","Isoliquiritigenin","E5","F5",1.64277121125047,0.901808719318371,0.977748784513136,1.13172038659981,0.997739768784266,1.12006676308868,1.0228644850233,1.14966501713542,0.947663399961678,1.07800089626475,1.40399616100042,1.09080026518005,1.78332539118545,1.1530608328664
"Multiple","Sodium 4-Phenylbutyrate","I7","J7",1.6488272461492,0.846393413551841,0.724714460457971,1.03197672317518,1.01382460325721,0.950889615105301,0.951548293211342,0.9370438540491,0.889430366783291,1.03596329384207,1.12877232785941,1.09582730014532,1.08442449985806,1.00317369103979
"p53 agonist","Tenovin-1","M6","N6",1.46568804528179,0.244675853429377,1.02691545451146,1.00184722125452,0.694837343726829,0.781761014204569,0.89757610398167,1.18650322062502,0.257116998519006,1.2068496710076,1.39428514447056,1.26306433529144,1.41488161526077,0.925420941630698
"PARP","3-amino Benzamide","A3","B3",1.73407143088636,1.2710508629017,0.9176704246925,1.21865469239061,1.01041319107355,0.97818575095586,0.973343881177065,1.08376049717922,1.33568056779501,0.906593343604011,1.27710007221882,1.25351381910278,1.27573394426298,0.980498195386355
"PARP","BSI-201","I5","J5",1.57230206306087,0.684866772667265,0.983295260749999,0.953495738047981,1.09523545703642,1.0006968473664,1.017338371736,1.10952001932999,0.719690506870686,0.868706200774911,1.4795911311485,1.1570949573397,1.09235867754351,0.972158109525637
"PARP","Rucaparib (phosphate)","I8","J8",1.5418763460346,0.562449729397642,0.64184959410124,0.672497810528556,0.772919363584871,0.882450069734593,1.01002099903955,0.780606842585924,0.591048868180573,0.870786103882739,0.725475061497456,1.07727711794145,1.22603900483135,0.929953954410953
"Proline hydroxylase","DMOG","K15","L15",1.13015948968458,0.788173128509907,0.92414299844916,0.91009259793961,0.931494654806002,0.740552142740925,0.94895175154738,0.901233188710233,0.828249728264648,0.852384935206847,0.855918044668446,1.11304157881254,1.17656750559082,1.01257913616688
"Proline hydroxylase","Octyl-_-ketoglutarate","K5","L5",1.32052225220897,1.10628043525183,0.656460026057529,0.905553020129025,0.991131315086798,1.00512331343527,1.00310741309193,0.780453334313533,1.162531982807,0.949929454360991,1.1773034928106,1.09878227624208,1.01273425610025,0.840161106320802
"REV-ERB_ agonist","GSK4112","K4","L4",1.43670309798695,0.775835180491976,0.883169066307546,0.990779005678012,0.904102496538685,0.854094069104211,0.952979932627893,0.820173375640214,0.81528442695767,0.954189387609862,1.05847392474036,1.01682003681793,1.18867849401903,0.846795906448454
"Rho GTPase","CCG-100602","E6","F6",1.69055854074282,0.756420738333488,0.76936963143598,1.04673936161336,0.885622828572471,1.05570018039325,0.937852159486787,0.952887000951505,0.794882809774174,1.13462147608489,1.73417932934284,1.07989114333414,1.6517929195056,1.06330735640525
"SIRT","AGK2","M11","N11",1.06442515854937,0.721544844753018,0.749473985400077,0.74493846663062,0.905802694401522,0.826389578153186,1.01358781240887,0.95195564671143,0.758233565672663,0.781772311573636,0.909413064368726,0.955479610289891,0.6638046380054,0.9222905652813
"SIRT","AGK7","G21","H21",1.81212249845849,0.821859926840619,0.944569494679063,1.09742769204621,1.03627231521388,1.00085901322601,0.948339755619845,1.30594728594369,0.863649414646074,1.1362026675815,1.83530787467585,1.06327545156276,1.61662952375734,0.977791836712549
"SIRT","AK-7","C19","D19",1.39045452782114,0.866967407163985,0.930633639610203,0.979412318381737,0.871868651165117,0.951732927145774,0.955549180535384,0.819113038240566,0.911050495663849,0.965997260856791,1.89604135218542,1.09292676780224,2.01418588193502,1.02324345752675
"SIRT","EX-527","K22","L22",0.35583869051464,0.510123840294618,0.944110414195201,0.830238395012178,1.00430723760735,0.779895987707007,1.0142939210334,1.03503393304784,0.536062340648582,1.152128733862,1.19810368015769,0.953092466483939,1.18473976023357,0.912005543932835
"SIRT","JGB1741","C10","D10",1.70785527555232,0.605353598389506,0.725368670390759,0.955975405275762,0.786770663937616,0.948422847399829,0.918716212413122,1.0935044034096,0.636134289833041,0.984199789181884,1.51544473364397,1.18446961795744,1.10373637002183,1.08102284519602
"SIRT","Nicotinamide","G6","H6",1.8822709690267,0.684782979092512,0.730370649934739,0.9079878011498,0.902764036498711,0.816993464052288,0.961039459676944,0.738938308760402,0.719602452605691,0.843031753932699,1.66966962394516,1.09891628108273,1.05447821490612,0.99672182487226
"SIRT","Salermide","O7","P7",1.60527990872879,1.10249239574162,0.964447860642102,0.907650739025597,1.07767594030827,1.03013549417528,0.963869263673991,0.714468291206238,1.15855133111831,0.915927494278418,0.804756573987343,1.109091483864,0.860213099311158,0.912476263550956
"SIRT","SIRT1/2 Inhibitor IV","E13","F13",1.30304466643681,0.432233797932393,0.81513877432111,0.810017853552809,1.00428644490094,0.819124617801651,1.00449276404157,0.803508683408342,0.454211787657769,0.865501010331202,0.776435296498239,1.04985075708095,1.7623466935627,1.15790447677715
"SIRT","Sirtinol","A7","B7",1.51623068149756,1.01009100275963,0.987731555441631,1.0337588373662,0.981341214447589,0.947629282980536,0.996046535160023,1.05402246889069,1.43577531867208,1.10825542484562,1.67595293588183,1.148575070274,1.84916285756544,1.13859022664551
"SIRT","Splitomicin","O3","P3",1.65179472391747,0.633097086872686,0.866218100260654,0.978594899876462,1.02938931331159,0.893279486488273,0.990153852224801,0.968344614138724,0.665288464171297,1.03703453212271,1.00391863840263,0.947860590755308,0.54184608548321,0.730656567373722
"SIRT agonist","CAY10591","K21","L21",0.711960514578973,0.706227765277951,0.87874915194371,0.990158145333938,1.07770741682444,0.95195987738296,0.96893577965888,0.959657158441404,0.742137651648016,1.00605354602467,1.71985082796365,1.15076967784999,1.10976414694042,1.0813714041606
"SIRT agonist","trans-Resveratrol","K14","L14",1.14966248101445,0.506438413422405,0.861194174264084,0.900097377696199,0.909969116124008,0.790296300501313,0.959237432278917,0.850709572465468,0.532189519189646,1.0180414559572,0.758048724140397,1.07084034926291,1.48205422270834,0.814136816027548
"Topoisomerase II","Etoposide","M2","N2",1.61092173262129,1.12274079158087,0.954908568007529,1.08897161184483,0.929378600100638,1.03791871569615,1.06537346590756,0.907633310004169,1.17982930640702,1.12670357505909,1.19185413990485,1.1251621884852,1.1101175310572,0.920714281974297
